2026-08-24 11:09:55.256 [main] WARN  com.alibaba.nacos.client.logging.NacosLogging - Load Logback Configuration of Nacos fail, message: Could not initialize Logback Nacos logging from classpath:nacos-logback.xml
2026-08-24 11:09:55.289 [main] WARN  com.alibaba.nacos.client.logging.NacosLogging - Load Logback Configuration of Nacos fail, message: Could not initialize Logback Nacos logging from classpath:nacos-logback.xml
2026-08-24 11:09:55.293 [main] INFO  com.dyc.xiaohashu.auth.XiaohashuAuthApplication - Starting XiaohashuAuthApplication using Java 17.0.12 with PID 42868 (E:\CodeDir\xiaohashu\xiaohashu-auth\target\classes started by DYC in E:\CodeDir\xiaohashu)
2026-08-24 11:09:55.294 [main] INFO  com.dyc.xiaohashu.auth.XiaohashuAuthApplication - The following 1 profile is active: "dev"
2026-08-24 11:09:55.685 [main] INFO  o.s.d.r.config.RepositoryConfigurationDelegate - Multiple Spring Data modules found, entering strict repository configuration mode
2026-08-24 11:09:55.687 [main] INFO  o.s.d.r.config.RepositoryConfigurationDelegate - Bootstrapping Spring Data Redis repositories in DEFAULT mode.
2026-08-24 11:09:55.702 [main] INFO  o.s.d.r.config.RepositoryConfigurationDelegate - Finished Spring Data repository scanning in 7 ms. Found 0 Redis repository interfaces.
2026-08-24 11:09:55.784 [main] INFO  o.springframework.cloud.context.scope.GenericScope - BeanFactory id=9503597a-d959-3ca0-998f-ddbdb25029cd
2026-08-24 11:09:56.121 [main] INFO  o.s.boot.web.embedded.tomcat.TomcatWebServer - Tomcat initialized with port(s): 8081 (http)
2026-08-24 11:09:56.126 [main] INFO  org.apache.catalina.core.StandardService - Starting service [Tomcat]
2026-08-24 11:09:56.126 [main] INFO  org.apache.catalina.core.StandardEngine - Starting Servlet engine: [Apache Tomcat/10.1.5]
2026-08-24 11:09:56.166 [main] INFO  o.a.c.core.ContainerBase.[Tomcat].[localhost].[/] - Initializing Spring embedded WebApplicationContext
2026-08-24 11:09:56.167 [main] INFO  o.s.b.w.s.c.ServletWebServerApplicationContext - Root WebApplicationContext: initialization completed in 847 ms
2026-08-24 11:09:56.650 [main] WARN  com.alibaba.nacos.client.logging.NacosLogging - Load Logback Configuration of Nacos fail, message: Could not initialize Logback Nacos logging from classpath:nacos-logback.xml
2026-08-24 11:09:56.651 [main] INFO  com.alibaba.nacos.client.utils.ParamUtil - [settings] [req-serv] nacos-server port:8848
2026-08-24 11:09:56.651 [main] INFO  com.alibaba.nacos.client.utils.ParamUtil - [settings] [http-client] connect timeout:1000
2026-08-24 11:09:56.652 [main] INFO  com.alibaba.nacos.client.utils.ParamUtil - PER_TASK_CONFIG_SIZE: 3000.0
2026-08-24 11:09:56.671 [main] INFO  c.a.n.p.auth.spi.client.ClientAuthPluginManager - [ClientAuthPluginManager] Load ClientAuthService com.alibaba.nacos.client.auth.impl.NacosClientAuthServiceImpl success.
2026-08-24 11:09:56.672 [main] INFO  c.a.n.p.auth.spi.client.ClientAuthPluginManager - [ClientAuthPluginManager] Load ClientAuthService com.alibaba.nacos.client.auth.ram.RamClientAuthServiceImpl success.
2026-08-24 11:09:56.674 [main] INFO  c.a.n.client.auth.ram.identify.CredentialWatcher - null No credential found
2026-08-24 11:10:09.220 [main] INFO  c.a.d.s.b.a.DruidDataSourceAutoConfigure - Init DruidDataSource
2026-08-24 11:10:09.392 [main] INFO  com.alibaba.druid.pool.DruidDataSource - {dataSource-1} inited
2026-08-24 11:10:09.810 [main] INFO  o.s.boot.web.embedded.tomcat.TomcatWebServer - Tomcat started on port(s): 8081 (http) with context path ''
2026-08-24 11:10:09.813 [main] INFO  com.alibaba.nacos.client.naming - initializer namespace from ans.namespace attribute : null
2026-08-24 11:10:09.813 [main] INFO  com.alibaba.nacos.client.naming - initializer namespace from ALIBABA_ALIWARE_NAMESPACE attribute :null
2026-08-24 11:10:09.814 [main] INFO  com.alibaba.nacos.client.naming - initializer namespace from namespace attribute :null
2026-08-24 11:10:09.821 [main] INFO  c.a.n.p.auth.spi.client.ClientAuthPluginManager - [ClientAuthPluginManager] Load ClientAuthService com.alibaba.nacos.client.auth.impl.NacosClientAuthServiceImpl success.
2026-08-24 11:10:09.821 [main] INFO  c.a.n.p.auth.spi.client.ClientAuthPluginManager - [ClientAuthPluginManager] Load ClientAuthService com.alibaba.nacos.client.auth.ram.RamClientAuthServiceImpl success.
2026-08-24 11:10:09.826 [main] INFO  com.alibaba.nacos.common.remote.client - [RpcClientFactory] create a new rpc client of ed6f4961-cfe3-4003-b621-a4715cf6bf3c
2026-08-24 11:10:09.836 [main] INFO  com.alibaba.nacos.common.remote.client - [ed6f4961-cfe3-4003-b621-a4715cf6bf3c] RpcClient init, ServerListFactory = com.alibaba.nacos.client.naming.core.ServerListManager
2026-08-24 11:10:09.836 [main] INFO  com.alibaba.nacos.common.remote.client - [ed6f4961-cfe3-4003-b621-a4715cf6bf3c] Registry connection listener to current client:com.alibaba.nacos.client.naming.remote.gprc.redo.NamingGrpcRedoService
2026-08-24 11:10:09.836 [main] INFO  com.alibaba.nacos.common.remote.client - [ed6f4961-cfe3-4003-b621-a4715cf6bf3c] Register server push request handler:com.alibaba.nacos.client.naming.remote.gprc.NamingPushRequestHandler
2026-08-24 11:10:09.837 [main] INFO  com.alibaba.nacos.common.remote.client - [ed6f4961-cfe3-4003-b621-a4715cf6bf3c] Try to connect to server on start up, server: {serverIp = '127.0.0.1', server main port = 8848}
2026-08-24 11:10:09.855 [main] INFO  c.a.nacos.common.remote.client.grpc.GrpcClient - grpc client connection server:127.0.0.1 ip,serverPort:9848,grpcTslConfig:{"sslProvider":"OPENSSL","enableTls":false,"mutualAuthEnable":false,"trustAll":false}
2026-08-24 11:10:10.433 [main] INFO  com.alibaba.nacos.common.remote.client - [ed6f4961-cfe3-4003-b621-a4715cf6bf3c] Success to connect to server [127.0.0.1:8848] on start up, connectionId = 1787541010271_127.0.0.1_63158
2026-08-24 11:10:10.433 [com.alibaba.nacos.client.remote.worker] INFO  com.alibaba.nacos.common.remote.client - [ed6f4961-cfe3-4003-b621-a4715cf6bf3c] Notify connected event to listeners.
2026-08-24 11:10:10.433 [com.alibaba.nacos.client.remote.worker] INFO  com.alibaba.nacos.client.naming - Grpc connection connect
2026-08-24 11:10:10.434 [main] INFO  com.alibaba.nacos.common.remote.client - [ed6f4961-cfe3-4003-b621-a4715cf6bf3c] Register server push request handler:com.alibaba.nacos.common.remote.client.RpcClient$ConnectResetRequestHandler
2026-08-24 11:10:10.434 [main] INFO  com.alibaba.nacos.common.remote.client - [ed6f4961-cfe3-4003-b621-a4715cf6bf3c] Register server push request handler:com.alibaba.nacos.common.remote.client.RpcClient$$Lambda$1223/0x000002d9118b3300
2026-08-24 11:10:10.434 [main] INFO  com.alibaba.nacos.client.naming - [REGISTER-SERVICE] public registering service xiaohashu-auth with instance Instance{instanceId='null', ip='172.31.111.1', port=8081, weight=1.0, healthy=true, enabled=true, ephemeral=true, clusterName='DEFAULT', serviceName='null', metadata={IPv6=[240c:c981:3000:0:86ee:d472:e60d:74fc], preserved.register.source=SPRING_CLOUD}}
2026-08-24 11:10:10.449 [main] INFO  c.a.cloud.nacos.registry.NacosServiceRegistry - nacos registry, DEFAULT_GROUP xiaohashu-auth 172.31.111.1:8081 register finished
2026-08-24 11:10:10.543 [main] INFO  com.dyc.xiaohashu.auth.XiaohashuAuthApplication - Started XiaohashuAuthApplication in 15.662 seconds (process running for 15.947)
2026-08-24 11:17:33.654 [http-nio-8081-exec-1] INFO  o.a.c.core.ContainerBase.[Tomcat].[localhost].[/] - Initializing Spring DispatcherServlet 'dispatcherServlet'
2026-08-24 11:17:33.656 [http-nio-8081-exec-1] INFO  org.springframework.web.servlet.DispatcherServlet - Initializing Servlet 'dispatcherServlet'
2026-08-24 11:17:33.661 [http-nio-8081-exec-1] INFO  org.springframework.web.servlet.DispatcherServlet - Completed initialization in 5 ms
2026-08-24 11:17:34.040 [http-nio-8081-exec-1] INFO  c.d.f.b.operationlog.aspect.ApiOperationLogAspect - ====== 请求开始: [发送验证码], 入参: {"phone":"19862172631"}, 请求类: VerificationCodeController, 请求方法: sendCode =================================== 
2026-08-24 11:17:35.707 [http-nio-8081-exec-1] ERROR c.d.x.auth.exception.GlobalExceptionHandler - /verification/code/send request error, 
org.springframework.data.redis.RedisConnectionFailureException: Unable to connect to Redis
	at org.springframework.data.redis.connection.lettuce.LettuceConnectionFactory$ExceptionTranslatingConnectionProvider.translateException(LettuceConnectionFactory.java:1602)
	at org.springframework.data.redis.connection.lettuce.LettuceConnectionFactory$ExceptionTranslatingConnectionProvider.getConnection(LettuceConnectionFactory.java:1533)
	at org.springframework.data.redis.connection.lettuce.LettuceConnectionFactory$SharedConnection.getNativeConnection(LettuceConnectionFactory.java:1358)
	at org.springframework.data.redis.connection.lettuce.LettuceConnectionFactory$SharedConnection.getConnection(LettuceConnectionFactory.java:1341)
	at org.springframework.data.redis.connection.lettuce.LettuceConnectionFactory.getSharedConnection(LettuceConnectionFactory.java:1059)
	at org.springframework.data.redis.connection.lettuce.LettuceConnectionFactory.getConnection(LettuceConnectionFactory.java:398)
	at org.springframework.data.redis.core.RedisConnectionUtils.fetchConnection(RedisConnectionUtils.java:193)
	at org.springframework.data.redis.core.RedisConnectionUtils.doGetConnection(RedisConnectionUtils.java:144)
	at org.springframework.data.redis.core.RedisConnectionUtils.getConnection(RedisConnectionUtils.java:105)
	at org.springframework.data.redis.core.RedisTemplate.execute(RedisTemplate.java:393)
	at org.springframework.data.redis.core.RedisTemplate.execute(RedisTemplate.java:373)
	at org.springframework.data.redis.core.RedisTemplate.doWithKeys(RedisTemplate.java:785)
	at org.springframework.data.redis.core.RedisTemplate.hasKey(RedisTemplate.java:571)
	at com.dyc.xiaohashu.auth.service.VerificationCodeServiceImpl.sendCode(VerificationCodeServiceImpl.java:48)
	at com.dyc.xiaohashu.auth.controller.VerificationCodeController.sendCode(VerificationCodeController.java:24)
	at java.base/jdk.internal.reflect.NativeMethodAccessorImpl.invoke0(Native Method)
	at java.base/jdk.internal.reflect.NativeMethodAccessorImpl.invoke(NativeMethodAccessorImpl.java:77)
	at java.base/jdk.internal.reflect.DelegatingMethodAccessorImpl.invoke(DelegatingMethodAccessorImpl.java:43)
	at java.base/java.lang.reflect.Method.invoke(Method.java:568)
	at org.springframework.aop.support.AopUtils.invokeJoinpointUsingReflection(AopUtils.java:343)
	at org.springframework.aop.framework.ReflectiveMethodInvocation.invokeJoinpoint(ReflectiveMethodInvocation.java:196)
	at org.springframework.aop.framework.ReflectiveMethodInvocation.proceed(ReflectiveMethodInvocation.java:163)
	at org.springframework.aop.framework.CglibAopProxy$CglibMethodInvocation.proceed(CglibAopProxy.java:752)
	at org.springframework.aop.aspectj.MethodInvocationProceedingJoinPoint.proceed(MethodInvocationProceedingJoinPoint.java:89)
	at com.dyc.framework.biz.operationlog.aspect.ApiOperationLogAspect.doAround(ApiOperationLogAspect.java:65)
	at java.base/jdk.internal.reflect.NativeMethodAccessorImpl.invoke0(Native Method)
	at java.base/jdk.internal.reflect.NativeMethodAccessorImpl.invoke(NativeMethodAccessorImpl.java:77)
	at java.base/jdk.internal.reflect.DelegatingMethodAccessorImpl.invoke(DelegatingMethodAccessorImpl.java:43)
	at java.base/java.lang.reflect.Method.invoke(Method.java:568)
	at org.springframework.aop.aspectj.AbstractAspectJAdvice.invokeAdviceMethodWithGivenArgs(AbstractAspectJAdvice.java:633)
	at org.springframework.aop.aspectj.AbstractAspectJAdvice.invokeAdviceMethod(AbstractAspectJAdvice.java:623)
	at org.springframework.aop.aspectj.AspectJAroundAdvice.invoke(AspectJAroundAdvice.java:71)
	at org.springframework.aop.framework.ReflectiveMethodInvocation.proceed(ReflectiveMethodInvocation.java:173)
	at org.springframework.aop.framework.CglibAopProxy$CglibMethodInvocation.proceed(CglibAopProxy.java:752)
	at org.springframework.aop.interceptor.ExposeInvocationInterceptor.invoke(ExposeInvocationInterceptor.java:97)
	at org.springframework.aop.framework.ReflectiveMethodInvocation.proceed(ReflectiveMethodInvocation.java:184)
	at org.springframework.aop.framework.CglibAopProxy$CglibMethodInvocation.proceed(CglibAopProxy.java:752)
	at org.springframework.aop.framework.CglibAopProxy$DynamicAdvisedInterceptor.intercept(CglibAopProxy.java:703)
	at com.dyc.xiaohashu.auth.controller.VerificationCodeController$$SpringCGLIB$$0.sendCode(<generated>)
	at java.base/jdk.internal.reflect.NativeMethodAccessorImpl.invoke0(Native Method)
	at java.base/jdk.internal.reflect.NativeMethodAccessorImpl.invoke(NativeMethodAccessorImpl.java:77)
	at java.base/jdk.internal.reflect.DelegatingMethodAccessorImpl.invoke(DelegatingMethodAccessorImpl.java:43)
	at java.base/java.lang.reflect.Method.invoke(Method.java:568)
	at org.springframework.web.method.support.InvocableHandlerMethod.doInvoke(InvocableHandlerMethod.java:207)
	at org.springframework.web.method.support.InvocableHandlerMethod.invokeForRequest(InvocableHandlerMethod.java:152)
	at org.springframework.web.servlet.mvc.method.annotation.ServletInvocableHandlerMethod.invokeAndHandle(ServletInvocableHandlerMethod.java:117)
	at org.springframework.web.servlet.mvc.method.annotation.RequestMappingHandlerAdapter.invokeHandlerMethod(RequestMappingHandlerAdapter.java:884)
	at org.springframework.web.servlet.mvc.method.annotation.RequestMappingHandlerAdapter.handleInternal(RequestMappingHandlerAdapter.java:797)
	at org.springframework.web.servlet.mvc.method.AbstractHandlerMethodAdapter.handle(AbstractHandlerMethodAdapter.java:87)
	at org.springframework.web.servlet.DispatcherServlet.doDispatch(DispatcherServlet.java:1080)
	at org.springframework.web.servlet.DispatcherServlet.doService(DispatcherServlet.java:973)
	at org.springframework.web.servlet.FrameworkServlet.processRequest(FrameworkServlet.java:1011)
	at org.springframework.web.servlet.FrameworkServlet.doPost(FrameworkServlet.java:914)
	at jakarta.servlet.http.HttpServlet.service(HttpServlet.java:731)
	at org.springframework.web.servlet.FrameworkServlet.service(FrameworkServlet.java:885)
	at jakarta.servlet.http.HttpServlet.service(HttpServlet.java:814)
	at org.apache.catalina.core.ApplicationFilterChain.internalDoFilter(ApplicationFilterChain.java:223)
	at org.apache.catalina.core.ApplicationFilterChain.doFilter(ApplicationFilterChain.java:158)
	at org.apache.tomcat.websocket.server.WsFilter.doFilter(WsFilter.java:53)
	at org.apache.catalina.core.ApplicationFilterChain.internalDoFilter(ApplicationFilterChain.java:185)
	at org.apache.catalina.core.ApplicationFilterChain.doFilter(ApplicationFilterChain.java:158)
	at com.alibaba.druid.support.jakarta.WebStatFilter.doFilter(WebStatFilter.java:113)
	at org.apache.catalina.core.ApplicationFilterChain.internalDoFilter(ApplicationFilterChain.java:185)
	at org.apache.catalina.core.ApplicationFilterChain.doFilter(ApplicationFilterChain.java:158)
	at org.springframework.web.filter.RequestContextFilter.doFilterInternal(RequestContextFilter.java:100)
	at org.springframework.web.filter.OncePerRequestFilter.doFilter(OncePerRequestFilter.java:116)
	at org.apache.catalina.core.ApplicationFilterChain.internalDoFilter(ApplicationFilterChain.java:185)
	at org.apache.catalina.core.ApplicationFilterChain.doFilter(ApplicationFilterChain.java:158)
	at cn.dev33.satoken.filter.SaPathCheckFilterForJakartaServlet.doFilter(SaPathCheckFilterForJakartaServlet.java:55)
	at org.apache.catalina.core.ApplicationFilterChain.internalDoFilter(ApplicationFilterChain.java:185)
	at org.apache.catalina.core.ApplicationFilterChain.doFilter(ApplicationFilterChain.java:158)
	at org.springframework.web.filter.FormContentFilter.doFilterInternal(FormContentFilter.java:93)
	at org.springframework.web.filter.OncePerRequestFilter.doFilter(OncePerRequestFilter.java:116)
	at org.apache.catalina.core.ApplicationFilterChain.internalDoFilter(ApplicationFilterChain.java:185)
	at org.apache.catalina.core.ApplicationFilterChain.doFilter(ApplicationFilterChain.java:158)
	at org.springframework.web.filter.CharacterEncodingFilter.doFilterInternal(CharacterEncodingFilter.java:201)
	at org.springframework.web.filter.OncePerRequestFilter.doFilter(OncePerRequestFilter.java:116)
	at org.apache.catalina.core.ApplicationFilterChain.internalDoFilter(ApplicationFilterChain.java:185)
	at org.apache.catalina.core.ApplicationFilterChain.doFilter(ApplicationFilterChain.java:158)
	at org.apache.catalina.core.StandardWrapperValve.invoke(StandardWrapperValve.java:177)
	at org.apache.catalina.core.StandardContextValve.invoke(StandardContextValve.java:97)
	at org.apache.catalina.authenticator.AuthenticatorBase.invoke(AuthenticatorBase.java:542)
	at org.apache.catalina.core.StandardHostValve.invoke(StandardHostValve.java:119)
	at org.apache.catalina.valves.ErrorReportValve.invoke(ErrorReportValve.java:92)
	at org.apache.catalina.core.StandardEngineValve.invoke(StandardEngineValve.java:78)
	at org.apache.catalina.connector.CoyoteAdapter.service(CoyoteAdapter.java:357)
	at org.apache.coyote.http11.Http11Processor.service(Http11Processor.java:400)
	at org.apache.coyote.AbstractProcessorLight.process(AbstractProcessorLight.java:65)
	at org.apache.coyote.AbstractProtocol$ConnectionHandler.process(AbstractProtocol.java:859)
	at org.apache.tomcat.util.net.NioEndpoint$SocketProcessor.doRun(NioEndpoint.java:1734)
	at org.apache.tomcat.util.net.SocketProcessorBase.run(SocketProcessorBase.java:52)
	at org.apache.tomcat.util.threads.ThreadPoolExecutor.runWorker(ThreadPoolExecutor.java:1191)
	at org.apache.tomcat.util.threads.ThreadPoolExecutor$Worker.run(ThreadPoolExecutor.java:659)
	at org.apache.tomcat.util.threads.TaskThread$WrappingRunnable.run(TaskThread.java:61)
	at java.base/java.lang.Thread.run(Thread.java:842)
Caused by: org.springframework.data.redis.connection.PoolException: Could not get a resource from the pool
	at org.springframework.data.redis.connection.lettuce.LettucePoolingConnectionProvider.getConnection(LettucePoolingConnectionProvider.java:105)
	at org.springframework.data.redis.connection.lettuce.LettuceConnectionFactory$ExceptionTranslatingConnectionProvider.getConnection(LettuceConnectionFactory.java:1531)
	... 93 common frames omitted
Caused by: io.lettuce.core.RedisConnectionException: Unable to connect to 127.0.0.1/<unresolved>:6379
	at io.lettuce.core.RedisConnectionException.create(RedisConnectionException.java:78)
	at io.lettuce.core.RedisConnectionException.create(RedisConnectionException.java:56)
	at io.lettuce.core.AbstractRedisClient.getConnection(AbstractRedisClient.java:350)
	at io.lettuce.core.RedisClient.connect(RedisClient.java:216)
	at org.springframework.data.redis.connection.lettuce.StandaloneConnectionProvider.lambda$getConnection$1(StandaloneConnectionProvider.java:111)
	at java.base/java.util.Optional.orElseGet(Optional.java:364)
	at org.springframework.data.redis.connection.lettuce.StandaloneConnectionProvider.getConnection(StandaloneConnectionProvider.java:111)
	at org.springframework.data.redis.connection.lettuce.LettucePoolingConnectionProvider.lambda$getConnection$0(LettucePoolingConnectionProvider.java:93)
	at io.lettuce.core.support.ConnectionPoolSupport$RedisPooledObjectFactory.create(ConnectionPoolSupport.java:211)
	at io.lettuce.core.support.ConnectionPoolSupport$RedisPooledObjectFactory.create(ConnectionPoolSupport.java:201)
	at org.apache.commons.pool2.BasePooledObjectFactory.makeObject(BasePooledObjectFactory.java:70)
	at org.apache.commons.pool2.impl.GenericObjectPool.create(GenericObjectPool.java:571)
	at org.apache.commons.pool2.impl.GenericObjectPool.borrowObject(GenericObjectPool.java:298)
	at org.apache.commons.pool2.impl.GenericObjectPool.borrowObject(GenericObjectPool.java:223)
	at io.lettuce.core.support.ConnectionPoolSupport$1.borrowObject(ConnectionPoolSupport.java:122)
	at io.lettuce.core.support.ConnectionPoolSupport$1.borrowObject(ConnectionPoolSupport.java:117)
	at org.springframework.data.redis.connection.lettuce.LettucePoolingConnectionProvider.getConnection(LettucePoolingConnectionProvider.java:99)
	... 94 common frames omitted
Caused by: io.netty.channel.AbstractChannel$AnnotatedConnectException: Connection refused: no further information: /127.0.0.1:6379
Caused by: java.net.ConnectException: Connection refused: no further information
	at java.base/sun.nio.ch.Net.pollConnect(Native Method)
	at java.base/sun.nio.ch.Net.pollConnectNow(Net.java:672)
	at java.base/sun.nio.ch.SocketChannelImpl.finishConnect(SocketChannelImpl.java:946)
	at io.netty.channel.socket.nio.NioSocketChannel.doFinishConnect(NioSocketChannel.java:337)
	at io.netty.channel.nio.AbstractNioChannel$AbstractNioUnsafe.finishConnect(AbstractNioChannel.java:334)
	at io.netty.channel.nio.NioEventLoop.processSelectedKey(NioEventLoop.java:776)
	at io.netty.channel.nio.NioEventLoop.processSelectedKeysOptimized(NioEventLoop.java:724)
	at io.netty.channel.nio.NioEventLoop.processSelectedKeys(NioEventLoop.java:650)
	at io.netty.channel.nio.NioEventLoop.run(NioEventLoop.java:562)
	at io.netty.util.concurrent.SingleThreadEventExecutor$4.run(SingleThreadEventExecutor.java:997)
	at io.netty.util.internal.ThreadExecutorMap$2.run(ThreadExecutorMap.java:74)
	at io.netty.util.concurrent.FastThreadLocalRunnable.run(FastThreadLocalRunnable.java:30)
	at java.base/java.lang.Thread.run(Thread.java:842)
2026-08-24 11:17:36.969 [http-nio-8081-exec-4] INFO  c.d.f.b.operationlog.aspect.ApiOperationLogAspect - ====== 请求开始: [发送验证码], 入参: {"phone":"19862172631"}, 请求类: VerificationCodeController, 请求方法: sendCode =================================== 
2026-08-24 11:17:37.009 [http-nio-8081-exec-4] ERROR c.d.x.auth.exception.GlobalExceptionHandler - /verification/code/send request error, 
org.springframework.data.redis.RedisConnectionFailureException: Unable to connect to Redis
	at org.springframework.data.redis.connection.lettuce.LettuceConnectionFactory$ExceptionTranslatingConnectionProvider.translateException(LettuceConnectionFactory.java:1602)
	at org.springframework.data.redis.connection.lettuce.LettuceConnectionFactory$ExceptionTranslatingConnectionProvider.getConnection(LettuceConnectionFactory.java:1533)
	at org.springframework.data.redis.connection.lettuce.LettuceConnectionFactory$SharedConnection.getNativeConnection(LettuceConnectionFactory.java:1358)
	at org.springframework.data.redis.connection.lettuce.LettuceConnectionFactory$SharedConnection.getConnection(LettuceConnectionFactory.java:1341)
	at org.springframework.data.redis.connection.lettuce.LettuceConnectionFactory.getSharedConnection(LettuceConnectionFactory.java:1059)
	at org.springframework.data.redis.connection.lettuce.LettuceConnectionFactory.getConnection(LettuceConnectionFactory.java:398)
	at org.springframework.data.redis.core.RedisConnectionUtils.fetchConnection(RedisConnectionUtils.java:193)
	at org.springframework.data.redis.core.RedisConnectionUtils.doGetConnection(RedisConnectionUtils.java:144)
	at org.springframework.data.redis.core.RedisConnectionUtils.getConnection(RedisConnectionUtils.java:105)
	at org.springframework.data.redis.core.RedisTemplate.execute(RedisTemplate.java:393)
	at org.springframework.data.redis.core.RedisTemplate.execute(RedisTemplate.java:373)
	at org.springframework.data.redis.core.RedisTemplate.doWithKeys(RedisTemplate.java:785)
	at org.springframework.data.redis.core.RedisTemplate.hasKey(RedisTemplate.java:571)
	at com.dyc.xiaohashu.auth.service.VerificationCodeServiceImpl.sendCode(VerificationCodeServiceImpl.java:48)
	at com.dyc.xiaohashu.auth.controller.VerificationCodeController.sendCode(VerificationCodeController.java:24)
	at java.base/jdk.internal.reflect.NativeMethodAccessorImpl.invoke0(Native Method)
	at java.base/jdk.internal.reflect.NativeMethodAccessorImpl.invoke(NativeMethodAccessorImpl.java:77)
	at java.base/jdk.internal.reflect.DelegatingMethodAccessorImpl.invoke(DelegatingMethodAccessorImpl.java:43)
	at java.base/java.lang.reflect.Method.invoke(Method.java:568)
	at org.springframework.aop.support.AopUtils.invokeJoinpointUsingReflection(AopUtils.java:343)
	at org.springframework.aop.framework.ReflectiveMethodInvocation.invokeJoinpoint(ReflectiveMethodInvocation.java:196)
	at org.springframework.aop.framework.ReflectiveMethodInvocation.proceed(ReflectiveMethodInvocation.java:163)
	at org.springframework.aop.framework.CglibAopProxy$CglibMethodInvocation.proceed(CglibAopProxy.java:752)
	at org.springframework.aop.aspectj.MethodInvocationProceedingJoinPoint.proceed(MethodInvocationProceedingJoinPoint.java:89)
	at com.dyc.framework.biz.operationlog.aspect.ApiOperationLogAspect.doAround(ApiOperationLogAspect.java:65)
	at java.base/jdk.internal.reflect.NativeMethodAccessorImpl.invoke0(Native Method)
	at java.base/jdk.internal.reflect.NativeMethodAccessorImpl.invoke(NativeMethodAccessorImpl.java:77)
	at java.base/jdk.internal.reflect.DelegatingMethodAccessorImpl.invoke(DelegatingMethodAccessorImpl.java:43)
	at java.base/java.lang.reflect.Method.invoke(Method.java:568)
	at org.springframework.aop.aspectj.AbstractAspectJAdvice.invokeAdviceMethodWithGivenArgs(AbstractAspectJAdvice.java:633)
	at org.springframework.aop.aspectj.AbstractAspectJAdvice.invokeAdviceMethod(AbstractAspectJAdvice.java:623)
	at org.springframework.aop.aspectj.AspectJAroundAdvice.invoke(AspectJAroundAdvice.java:71)
	at org.springframework.aop.framework.ReflectiveMethodInvocation.proceed(ReflectiveMethodInvocation.java:173)
	at org.springframework.aop.framework.CglibAopProxy$CglibMethodInvocation.proceed(CglibAopProxy.java:752)
	at org.springframework.aop.interceptor.ExposeInvocationInterceptor.invoke(ExposeInvocationInterceptor.java:97)
	at org.springframework.aop.framework.ReflectiveMethodInvocation.proceed(ReflectiveMethodInvocation.java:184)
	at org.springframework.aop.framework.CglibAopProxy$CglibMethodInvocation.proceed(CglibAopProxy.java:752)
	at org.springframework.aop.framework.CglibAopProxy$DynamicAdvisedInterceptor.intercept(CglibAopProxy.java:703)
	at com.dyc.xiaohashu.auth.controller.VerificationCodeController$$SpringCGLIB$$0.sendCode(<generated>)
	at java.base/jdk.internal.reflect.NativeMethodAccessorImpl.invoke0(Native Method)
	at java.base/jdk.internal.reflect.NativeMethodAccessorImpl.invoke(NativeMethodAccessorImpl.java:77)
	at java.base/jdk.internal.reflect.DelegatingMethodAccessorImpl.invoke(DelegatingMethodAccessorImpl.java:43)
	at java.base/java.lang.reflect.Method.invoke(Method.java:568)
	at org.springframework.web.method.support.InvocableHandlerMethod.doInvoke(InvocableHandlerMethod.java:207)
	at org.springframework.web.method.support.InvocableHandlerMethod.invokeForRequest(InvocableHandlerMethod.java:152)
	at org.springframework.web.servlet.mvc.method.annotation.ServletInvocableHandlerMethod.invokeAndHandle(ServletInvocableHandlerMethod.java:117)
	at org.springframework.web.servlet.mvc.method.annotation.RequestMappingHandlerAdapter.invokeHandlerMethod(RequestMappingHandlerAdapter.java:884)
	at org.springframework.web.servlet.mvc.method.annotation.RequestMappingHandlerAdapter.handleInternal(RequestMappingHandlerAdapter.java:797)
	at org.springframework.web.servlet.mvc.method.AbstractHandlerMethodAdapter.handle(AbstractHandlerMethodAdapter.java:87)
	at org.springframework.web.servlet.DispatcherServlet.doDispatch(DispatcherServlet.java:1080)
	at org.springframework.web.servlet.DispatcherServlet.doService(DispatcherServlet.java:973)
	at org.springframework.web.servlet.FrameworkServlet.processRequest(FrameworkServlet.java:1011)
	at org.springframework.web.servlet.FrameworkServlet.doPost(FrameworkServlet.java:914)
	at jakarta.servlet.http.HttpServlet.service(HttpServlet.java:731)
	at org.springframework.web.servlet.FrameworkServlet.service(FrameworkServlet.java:885)
	at jakarta.servlet.http.HttpServlet.service(HttpServlet.java:814)
	at org.apache.catalina.core.ApplicationFilterChain.internalDoFilter(ApplicationFilterChain.java:223)
	at org.apache.catalina.core.ApplicationFilterChain.doFilter(ApplicationFilterChain.java:158)
	at org.apache.tomcat.websocket.server.WsFilter.doFilter(WsFilter.java:53)
	at org.apache.catalina.core.ApplicationFilterChain.internalDoFilter(ApplicationFilterChain.java:185)
	at org.apache.catalina.core.ApplicationFilterChain.doFilter(ApplicationFilterChain.java:158)
	at com.alibaba.druid.support.jakarta.WebStatFilter.doFilter(WebStatFilter.java:113)
	at org.apache.catalina.core.ApplicationFilterChain.internalDoFilter(ApplicationFilterChain.java:185)
	at org.apache.catalina.core.ApplicationFilterChain.doFilter(ApplicationFilterChain.java:158)
	at org.springframework.web.filter.RequestContextFilter.doFilterInternal(RequestContextFilter.java:100)
	at org.springframework.web.filter.OncePerRequestFilter.doFilter(OncePerRequestFilter.java:116)
	at org.apache.catalina.core.ApplicationFilterChain.internalDoFilter(ApplicationFilterChain.java:185)
	at org.apache.catalina.core.ApplicationFilterChain.doFilter(ApplicationFilterChain.java:158)
	at cn.dev33.satoken.filter.SaPathCheckFilterForJakartaServlet.doFilter(SaPathCheckFilterForJakartaServlet.java:55)
	at org.apache.catalina.core.ApplicationFilterChain.internalDoFilter(ApplicationFilterChain.java:185)
	at org.apache.catalina.core.ApplicationFilterChain.doFilter(ApplicationFilterChain.java:158)
	at org.springframework.web.filter.FormContentFilter.doFilterInternal(FormContentFilter.java:93)
	at org.springframework.web.filter.OncePerRequestFilter.doFilter(OncePerRequestFilter.java:116)
	at org.apache.catalina.core.ApplicationFilterChain.internalDoFilter(ApplicationFilterChain.java:185)
	at org.apache.catalina.core.ApplicationFilterChain.doFilter(ApplicationFilterChain.java:158)
	at org.springframework.web.filter.CharacterEncodingFilter.doFilterInternal(CharacterEncodingFilter.java:201)
	at org.springframework.web.filter.OncePerRequestFilter.doFilter(OncePerRequestFilter.java:116)
	at org.apache.catalina.core.ApplicationFilterChain.internalDoFilter(ApplicationFilterChain.java:185)
	at org.apache.catalina.core.ApplicationFilterChain.doFilter(ApplicationFilterChain.java:158)
	at org.apache.catalina.core.StandardWrapperValve.invoke(StandardWrapperValve.java:177)
	at org.apache.catalina.core.StandardContextValve.invoke(StandardContextValve.java:97)
	at org.apache.catalina.authenticator.AuthenticatorBase.invoke(AuthenticatorBase.java:542)
	at org.apache.catalina.core.StandardHostValve.invoke(StandardHostValve.java:119)
	at org.apache.catalina.valves.ErrorReportValve.invoke(ErrorReportValve.java:92)
	at org.apache.catalina.core.StandardEngineValve.invoke(StandardEngineValve.java:78)
	at org.apache.catalina.connector.CoyoteAdapter.service(CoyoteAdapter.java:357)
	at org.apache.coyote.http11.Http11Processor.service(Http11Processor.java:400)
	at org.apache.coyote.AbstractProcessorLight.process(AbstractProcessorLight.java:65)
	at org.apache.coyote.AbstractProtocol$ConnectionHandler.process(AbstractProtocol.java:859)
	at org.apache.tomcat.util.net.NioEndpoint$SocketProcessor.doRun(NioEndpoint.java:1734)
	at org.apache.tomcat.util.net.SocketProcessorBase.run(SocketProcessorBase.java:52)
	at org.apache.tomcat.util.threads.ThreadPoolExecutor.runWorker(ThreadPoolExecutor.java:1191)
	at org.apache.tomcat.util.threads.ThreadPoolExecutor$Worker.run(ThreadPoolExecutor.java:659)
	at org.apache.tomcat.util.threads.TaskThread$WrappingRunnable.run(TaskThread.java:61)
	at java.base/java.lang.Thread.run(Thread.java:842)
Caused by: org.springframework.data.redis.connection.PoolException: Could not get a resource from the pool
	at org.springframework.data.redis.connection.lettuce.LettucePoolingConnectionProvider.getConnection(LettucePoolingConnectionProvider.java:105)
	at org.springframework.data.redis.connection.lettuce.LettuceConnectionFactory$ExceptionTranslatingConnectionProvider.getConnection(LettuceConnectionFactory.java:1531)
	... 93 common frames omitted
Caused by: io.lettuce.core.RedisConnectionException: Unable to connect to 127.0.0.1/<unresolved>:6379
	at io.lettuce.core.RedisConnectionException.create(RedisConnectionException.java:78)
	at io.lettuce.core.RedisConnectionException.create(RedisConnectionException.java:56)
	at io.lettuce.core.AbstractRedisClient.getConnection(AbstractRedisClient.java:350)
	at io.lettuce.core.RedisClient.connect(RedisClient.java:216)
	at org.springframework.data.redis.connection.lettuce.StandaloneConnectionProvider.lambda$getConnection$1(StandaloneConnectionProvider.java:111)
	at java.base/java.util.Optional.orElseGet(Optional.java:364)
	at org.springframework.data.redis.connection.lettuce.StandaloneConnectionProvider.getConnection(StandaloneConnectionProvider.java:111)
	at org.springframework.data.redis.connection.lettuce.LettucePoolingConnectionProvider.lambda$getConnection$0(LettucePoolingConnectionProvider.java:93)
	at io.lettuce.core.support.ConnectionPoolSupport$RedisPooledObjectFactory.create(ConnectionPoolSupport.java:211)
	at io.lettuce.core.support.ConnectionPoolSupport$RedisPooledObjectFactory.create(ConnectionPoolSupport.java:201)
	at org.apache.commons.pool2.BasePooledObjectFactory.makeObject(BasePooledObjectFactory.java:70)
	at org.apache.commons.pool2.impl.GenericObjectPool.create(GenericObjectPool.java:571)
	at org.apache.commons.pool2.impl.GenericObjectPool.borrowObject(GenericObjectPool.java:298)
	at org.apache.commons.pool2.impl.GenericObjectPool.borrowObject(GenericObjectPool.java:223)
	at io.lettuce.core.support.ConnectionPoolSupport$1.borrowObject(ConnectionPoolSupport.java:122)
	at io.lettuce.core.support.ConnectionPoolSupport$1.borrowObject(ConnectionPoolSupport.java:117)
	at org.springframework.data.redis.connection.lettuce.LettucePoolingConnectionProvider.getConnection(LettucePoolingConnectionProvider.java:99)
	... 94 common frames omitted
Caused by: io.netty.channel.AbstractChannel$AnnotatedConnectException: Connection refused: no further information: /127.0.0.1:6379
Caused by: java.net.ConnectException: Connection refused: no further information
	at java.base/sun.nio.ch.Net.pollConnect(Native Method)
	at java.base/sun.nio.ch.Net.pollConnectNow(Net.java:672)
	at java.base/sun.nio.ch.SocketChannelImpl.finishConnect(SocketChannelImpl.java:946)
	at io.netty.channel.socket.nio.NioSocketChannel.doFinishConnect(NioSocketChannel.java:337)
	at io.netty.channel.nio.AbstractNioChannel$AbstractNioUnsafe.finishConnect(AbstractNioChannel.java:334)
	at io.netty.channel.nio.NioEventLoop.processSelectedKey(NioEventLoop.java:776)
	at io.netty.channel.nio.NioEventLoop.processSelectedKeysOptimized(NioEventLoop.java:724)
	at io.netty.channel.nio.NioEventLoop.processSelectedKeys(NioEventLoop.java:650)
	at io.netty.channel.nio.NioEventLoop.run(NioEventLoop.java:562)
	at io.netty.util.concurrent.SingleThreadEventExecutor$4.run(SingleThreadEventExecutor.java:997)
	at io.netty.util.internal.ThreadExecutorMap$2.run(ThreadExecutorMap.java:74)
	at io.netty.util.concurrent.FastThreadLocalRunnable.run(FastThreadLocalRunnable.java:30)
	at java.base/java.lang.Thread.run(Thread.java:842)
2026-08-24 11:18:45.262 [http-nio-8081-exec-2] INFO  c.d.f.b.operationlog.aspect.ApiOperationLogAspect - ====== 请求开始: [发送验证码], 入参: {"phone":"19862172631"}, 请求类: VerificationCodeController, 请求方法: sendCode =================================== 
2026-08-24 11:18:45.561 [http-nio-8081-exec-2] INFO  c.d.f.b.operationlog.aspect.ApiOperationLogAspect - ====== 请求结束: [发送验证码], 耗时: 297ms, 出参: {"success":true,"message":null,"errorCode":null,"data":null} =================================== 
2026-08-24 11:18:48.556 [task-1] INFO  c.d.x.auth.service.VerificationCodeServiceImpl - 验证码已生成，手机号: 19862172631, 验证码: 066660
2026-08-24 11:25:49.330 [http-nio-8081-exec-8] INFO  c.d.f.b.operationlog.aspect.ApiOperationLogAspect - ====== 请求开始: [发送验证码], 入参: {"phone":"19862172631"}, 请求类: VerificationCodeController, 请求方法: sendCode =================================== 
2026-08-24 11:25:49.498 [http-nio-8081-exec-8] INFO  c.d.f.b.operationlog.aspect.ApiOperationLogAspect - ====== 请求结束: [发送验证码], 耗时: 168ms, 出参: {"success":true,"message":null,"errorCode":null,"data":null} =================================== 
2026-08-24 11:25:52.468 [task-2] INFO  c.d.x.auth.service.VerificationCodeServiceImpl - 验证码已生成，手机号: 19862172631, 验证码: 859241
2026-08-24 11:30:31.526 [http-nio-8081-exec-2] INFO  c.d.f.b.operationlog.aspect.ApiOperationLogAspect - ====== 请求开始: [发送验证码], 入参: {"phone":"19862172631"}, 请求类: VerificationCodeController, 请求方法: sendCode =================================== 
2026-08-24 11:30:31.535 [http-nio-8081-exec-2] INFO  c.d.f.b.operationlog.aspect.ApiOperationLogAspect - ====== 请求结束: [发送验证码], 耗时: 8ms, 出参: {"success":true,"message":null,"errorCode":null,"data":null} =================================== 
2026-08-24 11:30:34.541 [task-3] INFO  c.d.x.auth.service.VerificationCodeServiceImpl - 验证码已生成，手机号: 19862172631, 验证码: 219523
2026-08-24 11:30:36.258 [http-nio-8081-exec-6] INFO  c.d.f.b.operationlog.aspect.ApiOperationLogAspect - ====== 请求开始: [发送验证码], 入参: {"phone":"19862172631"}, 请求类: VerificationCodeController, 请求方法: sendCode =================================== 
2026-08-24 11:30:36.265 [http-nio-8081-exec-6] WARN  c.d.x.auth.exception.GlobalExceptionHandler - /verification/code/send request fail, errorCode: AUTH-20000, errorMessage: 请求太频繁，请3分钟后再试
2026-08-24 11:30:39.300 [http-nio-8081-exec-7] INFO  c.d.f.b.operationlog.aspect.ApiOperationLogAspect - ====== 请求开始: [发送验证码], 入参: {"phone":"19862172631"}, 请求类: VerificationCodeController, 请求方法: sendCode =================================== 
2026-08-24 11:30:39.304 [http-nio-8081-exec-7] WARN  c.d.x.auth.exception.GlobalExceptionHandler - /verification/code/send request fail, errorCode: AUTH-20000, errorMessage: 请求太频繁，请3分钟后再试
2026-08-24 11:30:39.819 [http-nio-8081-exec-8] INFO  c.d.f.b.operationlog.aspect.ApiOperationLogAspect - ====== 请求开始: [发送验证码], 入参: {"phone":"19862172631"}, 请求类: VerificationCodeController, 请求方法: sendCode =================================== 
2026-08-24 11:30:39.826 [http-nio-8081-exec-8] WARN  c.d.x.auth.exception.GlobalExceptionHandler - /verification/code/send request fail, errorCode: AUTH-20000, errorMessage: 请求太频繁，请3分钟后再试
2026-08-24 11:30:40.010 [http-nio-8081-exec-3] INFO  c.d.f.b.operationlog.aspect.ApiOperationLogAspect - ====== 请求开始: [发送验证码], 入参: {"phone":"19862172631"}, 请求类: VerificationCodeController, 请求方法: sendCode =================================== 
2026-08-24 11:30:40.017 [http-nio-8081-exec-3] WARN  c.d.x.auth.exception.GlobalExceptionHandler - /verification/code/send request fail, errorCode: AUTH-20000, errorMessage: 请求太频繁，请3分钟后再试
2026-08-24 11:30:40.192 [http-nio-8081-exec-9] INFO  c.d.f.b.operationlog.aspect.ApiOperationLogAspect - ====== 请求开始: [发送验证码], 入参: {"phone":"19862172631"}, 请求类: VerificationCodeController, 请求方法: sendCode =================================== 
2026-08-24 11:30:40.197 [http-nio-8081-exec-9] WARN  c.d.x.auth.exception.GlobalExceptionHandler - /verification/code/send request fail, errorCode: AUTH-20000, errorMessage: 请求太频繁，请3分钟后再试
2026-08-24 11:30:40.369 [http-nio-8081-exec-10] INFO  c.d.f.b.operationlog.aspect.ApiOperationLogAspect - ====== 请求开始: [发送验证码], 入参: {"phone":"19862172631"}, 请求类: VerificationCodeController, 请求方法: sendCode =================================== 
2026-08-24 11:30:40.400 [http-nio-8081-exec-10] WARN  c.d.x.auth.exception.GlobalExceptionHandler - /verification/code/send request fail, errorCode: AUTH-20000, errorMessage: 请求太频繁，请3分钟后再试
2026-08-24 11:30:40.582 [http-nio-8081-exec-1] INFO  c.d.f.b.operationlog.aspect.ApiOperationLogAspect - ====== 请求开始: [发送验证码], 入参: {"phone":"19862172631"}, 请求类: VerificationCodeController, 请求方法: sendCode =================================== 
2026-08-24 11:30:40.625 [http-nio-8081-exec-1] WARN  c.d.x.auth.exception.GlobalExceptionHandler - /verification/code/send request fail, errorCode: AUTH-20000, errorMessage: 请求太频繁，请3分钟后再试
2026-08-24 11:30:40.801 [http-nio-8081-exec-4] INFO  c.d.f.b.operationlog.aspect.ApiOperationLogAspect - ====== 请求开始: [发送验证码], 入参: {"phone":"19862172631"}, 请求类: VerificationCodeController, 请求方法: sendCode =================================== 
2026-08-24 11:30:40.881 [http-nio-8081-exec-4] WARN  c.d.x.auth.exception.GlobalExceptionHandler - /verification/code/send request fail, errorCode: AUTH-20000, errorMessage: 请求太频繁，请3分钟后再试
2026-08-24 11:30:40.888 [http-nio-8081-exec-5] INFO  c.d.f.b.operationlog.aspect.ApiOperationLogAspect - ====== 请求开始: [发送验证码], 入参: {"phone":"19862172631"}, 请求类: VerificationCodeController, 请求方法: sendCode =================================== 
2026-08-24 11:30:40.918 [http-nio-8081-exec-5] WARN  c.d.x.auth.exception.GlobalExceptionHandler - /verification/code/send request fail, errorCode: AUTH-20000, errorMessage: 请求太频繁，请3分钟后再试
2026-08-24 11:30:41.183 [http-nio-8081-exec-2] INFO  c.d.f.b.operationlog.aspect.ApiOperationLogAspect - ====== 请求开始: [发送验证码], 入参: {"phone":"19862172631"}, 请求类: VerificationCodeController, 请求方法: sendCode =================================== 
2026-08-24 11:30:41.207 [http-nio-8081-exec-2] WARN  c.d.x.auth.exception.GlobalExceptionHandler - /verification/code/send request fail, errorCode: AUTH-20000, errorMessage: 请求太频繁，请3分钟后再试
2026-08-24 12:02:48.418 [Thread-11] WARN  com.alibaba.nacos.common.notify.NotifyCenter - [NotifyCenter] Start destroying Publisher
2026-08-24 12:02:48.417 [Thread-3] WARN  c.alibaba.nacos.common.http.HttpClientBeanHolder - [HttpClientBeanHolder] Start destroying common HttpClient
2026-08-24 12:02:48.419 [Thread-11] WARN  com.alibaba.nacos.common.notify.NotifyCenter - [NotifyCenter] Destruction of the end
2026-08-24 12:02:48.420 [Thread-3] WARN  c.alibaba.nacos.common.http.HttpClientBeanHolder - [HttpClientBeanHolder] Destruction of the end
2026-08-24 12:02:48.499 [SpringApplicationShutdownHook] INFO  com.alibaba.druid.pool.DruidDataSource - {dataSource-1} closing ...
2026-08-24 12:02:48.500 [SpringApplicationShutdownHook] INFO  com.alibaba.druid.pool.DruidDataSource - {dataSource-1} closed
2026-08-24 12:02:48.500 [SpringApplicationShutdownHook] INFO  c.a.cloud.nacos.registry.NacosServiceRegistry - De-registering from Nacos Server now...
2026-08-24 12:02:48.501 [SpringApplicationShutdownHook] INFO  com.alibaba.nacos.client.naming - [DEREGISTER-SERVICE] public deregistering service xiaohashu-auth with instance: Instance{instanceId='null', ip='172.31.111.1', port=8081, weight=1.0, healthy=true, enabled=true, ephemeral=true, clusterName='DEFAULT', serviceName='null', metadata={}}
2026-08-24 12:02:48.504 [SpringApplicationShutdownHook] INFO  c.a.cloud.nacos.registry.NacosServiceRegistry - De-registration finished.
2026-08-24 12:02:48.506 [SpringApplicationShutdownHook] INFO  com.alibaba.nacos.client.naming - com.alibaba.nacos.client.naming.cache.ServiceInfoHolder do shutdown begin
2026-08-24 12:02:48.506 [SpringApplicationShutdownHook] INFO  com.alibaba.nacos.client.naming - com.alibaba.nacos.client.naming.backups.FailoverReactor do shutdown begin
2026-08-24 12:02:48.506 [SpringApplicationShutdownHook] INFO  com.alibaba.nacos.client.naming - com.alibaba.nacos.client.naming.backups.FailoverReactor do shutdown stop
2026-08-24 12:02:48.506 [SpringApplicationShutdownHook] INFO  com.alibaba.nacos.client.naming - com.alibaba.nacos.client.naming.cache.ServiceInfoHolder do shutdown stop
2026-08-24 12:02:48.506 [SpringApplicationShutdownHook] INFO  com.alibaba.nacos.client.naming - com.alibaba.nacos.client.naming.remote.NamingClientProxyDelegate do shutdown begin
2026-08-24 12:02:48.506 [SpringApplicationShutdownHook] INFO  com.alibaba.nacos.client.naming - com.alibaba.nacos.client.naming.core.ServiceInfoUpdateService do shutdown begin
2026-08-24 12:02:48.506 [SpringApplicationShutdownHook] INFO  com.alibaba.nacos.client.naming - com.alibaba.nacos.client.naming.core.ServiceInfoUpdateService do shutdown stop
2026-08-24 12:02:48.506 [SpringApplicationShutdownHook] INFO  com.alibaba.nacos.client.naming - com.alibaba.nacos.client.naming.core.ServerListManager do shutdown begin
2026-08-24 12:02:48.506 [SpringApplicationShutdownHook] WARN  com.alibaba.nacos.client.naming - [NamingHttpClientManager] Start destroying NacosRestTemplate
2026-08-24 12:02:48.506 [SpringApplicationShutdownHook] WARN  com.alibaba.nacos.client.naming - [NamingHttpClientManager] Destruction of the end
2026-08-24 12:02:48.507 [SpringApplicationShutdownHook] INFO  com.alibaba.nacos.client.naming - com.alibaba.nacos.client.naming.core.ServerListManager do shutdown stop
2026-08-24 12:02:48.507 [SpringApplicationShutdownHook] INFO  com.alibaba.nacos.client.naming - com.alibaba.nacos.client.naming.remote.http.NamingHttpClientProxy do shutdown begin
2026-08-24 12:02:48.507 [SpringApplicationShutdownHook] WARN  com.alibaba.nacos.client.naming - [NamingHttpClientManager] Start destroying NacosRestTemplate
2026-08-24 12:02:48.507 [SpringApplicationShutdownHook] WARN  com.alibaba.nacos.client.naming - [NamingHttpClientManager] Destruction of the end
2026-08-24 12:02:48.507 [SpringApplicationShutdownHook] INFO  com.alibaba.nacos.client.naming - com.alibaba.nacos.client.naming.remote.http.NamingHttpClientProxy do shutdown stop
2026-08-24 12:02:48.507 [SpringApplicationShutdownHook] INFO  com.alibaba.nacos.common.remote.client - Shutdown rpc client, set status to shutdown
2026-08-24 12:02:48.507 [SpringApplicationShutdownHook] INFO  com.alibaba.nacos.common.remote.client - Shutdown client event executor java.util.concurrent.ScheduledThreadPoolExecutor@4dfb204f[Running, pool size = 2, active threads = 2, queued tasks = 0, completed tasks = 0]
2026-08-24 12:02:48.507 [SpringApplicationShutdownHook] INFO  com.alibaba.nacos.common.remote.client - Close current connection 1787541010271_127.0.0.1_63158
2026-08-24 12:02:48.508 [SpringApplicationShutdownHook] INFO  c.a.nacos.common.remote.client.grpc.GrpcClient - Shutdown grpc executor java.util.concurrent.ThreadPoolExecutor@5e8550f2[Running, pool size = 3, active threads = 0, queued tasks = 0, completed tasks = 647]
2026-08-24 12:02:48.508 [SpringApplicationShutdownHook] INFO  com.alibaba.nacos.client.naming - Shutdown grpc redo service executor java.util.concurrent.ScheduledThreadPoolExecutor@e0509c1[Running, pool size = 1, active threads = 0, queued tasks = 1, completed tasks = 1050]
2026-08-24 12:02:48.508 [SpringApplicationShutdownHook] INFO  c.a.n.client.auth.ram.identify.CredentialWatcher - [null] CredentialWatcher is stopped
2026-08-24 12:02:48.508 [SpringApplicationShutdownHook] INFO  c.a.n.client.auth.ram.identify.CredentialService - [null] CredentialService is freed
2026-08-24 12:02:48.508 [SpringApplicationShutdownHook] INFO  com.alibaba.nacos.client.naming - com.alibaba.nacos.client.naming.remote.NamingClientProxyDelegate do shutdown stop
2026-08-24 12:03:07.698 [main] WARN  com.alibaba.nacos.client.logging.NacosLogging - Load Logback Configuration of Nacos fail, message: Could not initialize Logback Nacos logging from classpath:nacos-logback.xml
2026-08-24 12:03:07.733 [main] WARN  com.alibaba.nacos.client.logging.NacosLogging - Load Logback Configuration of Nacos fail, message: Could not initialize Logback Nacos logging from classpath:nacos-logback.xml
2026-08-24 12:03:07.739 [main] INFO  com.dyc.xiaohashu.auth.XiaohashuAuthApplication - Starting XiaohashuAuthApplication using Java 17.0.12 with PID 42308 (E:\CodeDir\xiaohashu\xiaohashu-auth\target\classes started by DYC in E:\CodeDir\xiaohashu)
2026-08-24 12:03:07.740 [main] INFO  com.dyc.xiaohashu.auth.XiaohashuAuthApplication - The following 1 profile is active: "dev"
2026-08-24 12:03:08.177 [main] INFO  o.s.d.r.config.RepositoryConfigurationDelegate - Multiple Spring Data modules found, entering strict repository configuration mode
2026-08-24 12:03:08.179 [main] INFO  o.s.d.r.config.RepositoryConfigurationDelegate - Bootstrapping Spring Data Redis repositories in DEFAULT mode.
2026-08-24 12:03:08.194 [main] INFO  o.s.d.r.config.RepositoryConfigurationDelegate - Finished Spring Data repository scanning in 7 ms. Found 0 Redis repository interfaces.
2026-08-24 12:03:08.304 [main] INFO  o.springframework.cloud.context.scope.GenericScope - BeanFactory id=b4e28174-46e5-3a42-ab48-1dea9535e9d3
2026-08-24 12:03:08.592 [main] INFO  o.s.boot.web.embedded.tomcat.TomcatWebServer - Tomcat initialized with port(s): 8081 (http)
2026-08-24 12:03:08.598 [main] INFO  org.apache.catalina.core.StandardService - Starting service [Tomcat]
2026-08-24 12:03:08.598 [main] INFO  org.apache.catalina.core.StandardEngine - Starting Servlet engine: [Apache Tomcat/10.1.5]
2026-08-24 12:03:08.645 [main] INFO  o.a.c.core.ContainerBase.[Tomcat].[localhost].[/] - Initializing Spring embedded WebApplicationContext
2026-08-24 12:03:08.646 [main] INFO  o.s.b.w.s.c.ServletWebServerApplicationContext - Root WebApplicationContext: initialization completed in 877 ms
2026-08-24 12:03:08.824 [main] WARN  o.s.b.w.s.c.AnnotationConfigServletWebServerApplicationContext - Exception encountered during context initialization - cancelling refresh attempt: org.springframework.beans.factory.BeanCreationException: Error creating bean with name 'authController': Injection of resource dependencies failed
2026-08-24 12:03:08.834 [main] INFO  org.apache.catalina.core.StandardService - Stopping service [Tomcat]
2026-08-24 12:03:08.856 [main] INFO  o.s.b.a.logging.ConditionEvaluationReportLogger - 

Error starting ApplicationContext. To display the condition evaluation report re-run your application with 'debug' enabled.
2026-08-24 12:03:08.869 [main] ERROR o.s.b.diagnostics.LoggingFailureAnalysisReporter - 

***************************
APPLICATION FAILED TO START
***************************

Description:

A component required a bean of type 'org.springframework.security.crypto.password.PasswordEncoder' that could not be found.


Action:

Consider defining a bean of type 'org.springframework.security.crypto.password.PasswordEncoder' in your configuration.

2026-08-24 12:03:21.903 [main] WARN  com.alibaba.nacos.client.logging.NacosLogging - Load Logback Configuration of Nacos fail, message: Could not initialize Logback Nacos logging from classpath:nacos-logback.xml
2026-08-24 12:03:21.941 [main] WARN  com.alibaba.nacos.client.logging.NacosLogging - Load Logback Configuration of Nacos fail, message: Could not initialize Logback Nacos logging from classpath:nacos-logback.xml
2026-08-24 12:03:21.948 [main] INFO  com.dyc.xiaohashu.auth.XiaohashuAuthApplication - Starting XiaohashuAuthApplication using Java 17.0.12 with PID 59120 (E:\CodeDir\xiaohashu\xiaohashu-auth\target\classes started by DYC in E:\CodeDir\xiaohashu)
2026-08-24 12:03:21.949 [main] INFO  com.dyc.xiaohashu.auth.XiaohashuAuthApplication - The following 1 profile is active: "dev"
2026-08-24 12:03:22.445 [main] INFO  o.s.d.r.config.RepositoryConfigurationDelegate - Multiple Spring Data modules found, entering strict repository configuration mode
2026-08-24 12:03:22.447 [main] INFO  o.s.d.r.config.RepositoryConfigurationDelegate - Bootstrapping Spring Data Redis repositories in DEFAULT mode.
2026-08-24 12:03:22.465 [main] INFO  o.s.d.r.config.RepositoryConfigurationDelegate - Finished Spring Data repository scanning in 8 ms. Found 0 Redis repository interfaces.
2026-08-24 12:03:22.589 [main] INFO  o.springframework.cloud.context.scope.GenericScope - BeanFactory id=b4e28174-46e5-3a42-ab48-1dea9535e9d3
2026-08-24 12:03:22.917 [main] INFO  o.s.boot.web.embedded.tomcat.TomcatWebServer - Tomcat initialized with port(s): 8081 (http)
2026-08-24 12:03:22.923 [main] INFO  org.apache.catalina.core.StandardService - Starting service [Tomcat]
2026-08-24 12:03:22.923 [main] INFO  org.apache.catalina.core.StandardEngine - Starting Servlet engine: [Apache Tomcat/10.1.5]
2026-08-24 12:03:22.981 [main] INFO  o.a.c.core.ContainerBase.[Tomcat].[localhost].[/] - Initializing Spring embedded WebApplicationContext
2026-08-24 12:03:22.982 [main] INFO  o.s.b.w.s.c.ServletWebServerApplicationContext - Root WebApplicationContext: initialization completed in 998 ms
2026-08-24 12:03:23.219 [main] WARN  o.s.b.w.s.c.AnnotationConfigServletWebServerApplicationContext - Exception encountered during context initialization - cancelling refresh attempt: org.springframework.beans.factory.BeanCreationException: Error creating bean with name 'authController': Injection of resource dependencies failed
2026-08-24 12:03:23.231 [main] INFO  org.apache.catalina.core.StandardService - Stopping service [Tomcat]
2026-08-24 12:03:23.250 [main] INFO  o.s.b.a.logging.ConditionEvaluationReportLogger - 

Error starting ApplicationContext. To display the condition evaluation report re-run your application with 'debug' enabled.
2026-08-24 12:03:23.261 [main] ERROR o.s.b.diagnostics.LoggingFailureAnalysisReporter - 

***************************
APPLICATION FAILED TO START
***************************

Description:

A component required a bean of type 'org.springframework.security.crypto.password.PasswordEncoder' that could not be found.


Action:

Consider defining a bean of type 'org.springframework.security.crypto.password.PasswordEncoder' in your configuration.

2026-08-24 12:05:11.006 [main] WARN  com.alibaba.nacos.client.logging.NacosLogging - Load Logback Configuration of Nacos fail, message: Could not initialize Logback Nacos logging from classpath:nacos-logback.xml
2026-08-24 12:05:11.045 [main] WARN  com.alibaba.nacos.client.logging.NacosLogging - Load Logback Configuration of Nacos fail, message: Could not initialize Logback Nacos logging from classpath:nacos-logback.xml
2026-08-24 12:05:11.051 [main] INFO  com.dyc.xiaohashu.auth.XiaohashuAuthApplication - Starting XiaohashuAuthApplication using Java 17.0.12 with PID 19732 (E:\CodeDir\xiaohashu\xiaohashu-auth\target\classes started by DYC in E:\CodeDir\xiaohashu)
2026-08-24 12:05:11.051 [main] INFO  com.dyc.xiaohashu.auth.XiaohashuAuthApplication - The following 1 profile is active: "dev"
2026-08-24 12:05:11.471 [main] INFO  o.s.d.r.config.RepositoryConfigurationDelegate - Multiple Spring Data modules found, entering strict repository configuration mode
2026-08-24 12:05:11.472 [main] INFO  o.s.d.r.config.RepositoryConfigurationDelegate - Bootstrapping Spring Data Redis repositories in DEFAULT mode.
2026-08-24 12:05:11.487 [main] INFO  o.s.d.r.config.RepositoryConfigurationDelegate - Finished Spring Data repository scanning in 6 ms. Found 0 Redis repository interfaces.
2026-08-24 12:05:11.605 [main] INFO  o.springframework.cloud.context.scope.GenericScope - BeanFactory id=b4e28174-46e5-3a42-ab48-1dea9535e9d3
2026-08-24 12:05:11.900 [main] INFO  o.s.boot.web.embedded.tomcat.TomcatWebServer - Tomcat initialized with port(s): 8081 (http)
2026-08-24 12:05:11.905 [main] INFO  org.apache.catalina.core.StandardService - Starting service [Tomcat]
2026-08-24 12:05:11.906 [main] INFO  org.apache.catalina.core.StandardEngine - Starting Servlet engine: [Apache Tomcat/10.1.5]
2026-08-24 12:05:11.957 [main] INFO  o.a.c.core.ContainerBase.[Tomcat].[localhost].[/] - Initializing Spring embedded WebApplicationContext
2026-08-24 12:05:11.958 [main] INFO  o.s.b.w.s.c.ServletWebServerApplicationContext - Root WebApplicationContext: initialization completed in 877 ms
2026-08-24 12:05:12.144 [main] WARN  o.s.b.w.s.c.AnnotationConfigServletWebServerApplicationContext - Exception encountered during context initialization - cancelling refresh attempt: org.springframework.beans.factory.BeanCreationException: Error creating bean with name 'authController': Injection of resource dependencies failed
2026-08-24 12:05:12.154 [main] INFO  org.apache.catalina.core.StandardService - Stopping service [Tomcat]
2026-08-24 12:05:12.175 [main] INFO  o.s.b.a.logging.ConditionEvaluationReportLogger - 

Error starting ApplicationContext. To display the condition evaluation report re-run your application with 'debug' enabled.
2026-08-24 12:05:12.186 [main] ERROR o.s.b.diagnostics.LoggingFailureAnalysisReporter - 

***************************
APPLICATION FAILED TO START
***************************

Description:

A component required a bean of type 'org.springframework.security.crypto.password.PasswordEncoder' that could not be found.


Action:

Consider defining a bean of type 'org.springframework.security.crypto.password.PasswordEncoder' in your configuration.

2026-08-24 12:07:13.264 [main] WARN  com.alibaba.nacos.client.logging.NacosLogging - Load Logback Configuration of Nacos fail, message: Could not initialize Logback Nacos logging from classpath:nacos-logback.xml
2026-08-24 12:07:13.304 [main] WARN  com.alibaba.nacos.client.logging.NacosLogging - Load Logback Configuration of Nacos fail, message: Could not initialize Logback Nacos logging from classpath:nacos-logback.xml
2026-08-24 12:07:13.310 [main] INFO  com.dyc.xiaohashu.auth.XiaohashuAuthApplication - Starting XiaohashuAuthApplication using Java 17.0.12 with PID 23892 (E:\CodeDir\xiaohashu\xiaohashu-auth\target\classes started by DYC in E:\CodeDir\xiaohashu)
2026-08-24 12:07:13.312 [main] INFO  com.dyc.xiaohashu.auth.XiaohashuAuthApplication - The following 1 profile is active: "dev"
2026-08-24 12:07:13.746 [main] INFO  o.s.d.r.config.RepositoryConfigurationDelegate - Multiple Spring Data modules found, entering strict repository configuration mode
2026-08-24 12:07:13.752 [main] INFO  o.s.d.r.config.RepositoryConfigurationDelegate - Bootstrapping Spring Data Redis repositories in DEFAULT mode.
2026-08-24 12:07:13.769 [main] INFO  o.s.d.r.config.RepositoryConfigurationDelegate - Finished Spring Data repository scanning in 8 ms. Found 0 Redis repository interfaces.
2026-08-24 12:07:13.878 [main] INFO  o.springframework.cloud.context.scope.GenericScope - BeanFactory id=662ec260-29be-380d-9e6b-e636b46e3493
2026-08-24 12:07:14.162 [main] INFO  o.s.boot.web.embedded.tomcat.TomcatWebServer - Tomcat initialized with port(s): 8081 (http)
2026-08-24 12:07:14.168 [main] INFO  org.apache.catalina.core.StandardService - Starting service [Tomcat]
2026-08-24 12:07:14.168 [main] INFO  org.apache.catalina.core.StandardEngine - Starting Servlet engine: [Apache Tomcat/10.1.5]
2026-08-24 12:07:14.216 [main] INFO  o.a.c.core.ContainerBase.[Tomcat].[localhost].[/] - Initializing Spring embedded WebApplicationContext
2026-08-24 12:07:14.216 [main] INFO  o.s.b.w.s.c.ServletWebServerApplicationContext - Root WebApplicationContext: initialization completed in 872 ms
2026-08-24 12:07:14.399 [main] WARN  o.s.b.w.s.c.AnnotationConfigServletWebServerApplicationContext - Exception encountered during context initialization - cancelling refresh attempt: org.springframework.beans.factory.BeanCreationException: Error creating bean with name 'authController': Injection of resource dependencies failed
2026-08-24 12:07:14.411 [main] INFO  org.apache.catalina.core.StandardService - Stopping service [Tomcat]
2026-08-24 12:07:14.430 [main] INFO  o.s.b.a.logging.ConditionEvaluationReportLogger - 

Error starting ApplicationContext. To display the condition evaluation report re-run your application with 'debug' enabled.
2026-08-24 12:07:14.442 [main] ERROR o.s.b.diagnostics.LoggingFailureAnalysisReporter - 

***************************
APPLICATION FAILED TO START
***************************

Description:

A component required a bean of type 'com.dyc.xiaohashu.user.api.UserFeignApi' that could not be found.


Action:

Consider defining a bean of type 'com.dyc.xiaohashu.user.api.UserFeignApi' in your configuration.

2026-08-24 12:08:42.427 [main] WARN  com.alibaba.nacos.client.logging.NacosLogging - Load Logback Configuration of Nacos fail, message: Could not initialize Logback Nacos logging from classpath:nacos-logback.xml
2026-08-24 12:08:42.467 [main] WARN  com.alibaba.nacos.client.logging.NacosLogging - Load Logback Configuration of Nacos fail, message: Could not initialize Logback Nacos logging from classpath:nacos-logback.xml
2026-08-24 12:08:42.473 [main] INFO  com.dyc.xiaohashu.auth.XiaohashuAuthApplication - Starting XiaohashuAuthApplication using Java 17.0.12 with PID 46736 (E:\CodeDir\xiaohashu\xiaohashu-auth\target\classes started by DYC in E:\CodeDir\xiaohashu)
2026-08-24 12:08:42.474 [main] INFO  com.dyc.xiaohashu.auth.XiaohashuAuthApplication - The following 1 profile is active: "dev"
2026-08-24 12:08:42.959 [main] INFO  o.s.d.r.config.RepositoryConfigurationDelegate - Multiple Spring Data modules found, entering strict repository configuration mode
2026-08-24 12:08:42.961 [main] INFO  o.s.d.r.config.RepositoryConfigurationDelegate - Bootstrapping Spring Data Redis repositories in DEFAULT mode.
2026-08-24 12:08:42.977 [main] INFO  o.s.d.r.config.RepositoryConfigurationDelegate - Finished Spring Data repository scanning in 7 ms. Found 0 Redis repository interfaces.
2026-08-24 12:08:43.084 [main] INFO  o.springframework.cloud.context.scope.GenericScope - BeanFactory id=1b400bf8-ed5e-33af-b751-d204886e6438
2026-08-24 12:08:43.385 [main] INFO  o.s.boot.web.embedded.tomcat.TomcatWebServer - Tomcat initialized with port(s): 8081 (http)
2026-08-24 12:08:43.391 [main] INFO  org.apache.catalina.core.StandardService - Starting service [Tomcat]
2026-08-24 12:08:43.391 [main] INFO  org.apache.catalina.core.StandardEngine - Starting Servlet engine: [Apache Tomcat/10.1.5]
2026-08-24 12:08:43.444 [main] INFO  o.a.c.core.ContainerBase.[Tomcat].[localhost].[/] - Initializing Spring embedded WebApplicationContext
2026-08-24 12:08:43.444 [main] INFO  o.s.b.w.s.c.ServletWebServerApplicationContext - Root WebApplicationContext: initialization completed in 938 ms
2026-08-24 12:08:43.645 [main] WARN  o.s.b.w.s.c.AnnotationConfigServletWebServerApplicationContext - Exception encountered during context initialization - cancelling refresh attempt: org.springframework.beans.factory.BeanCreationException: Error creating bean with name 'authController': Injection of resource dependencies failed
2026-08-24 12:08:43.655 [main] INFO  org.apache.catalina.core.StandardService - Stopping service [Tomcat]
2026-08-24 12:08:43.674 [main] INFO  o.s.b.a.logging.ConditionEvaluationReportLogger - 

Error starting ApplicationContext. To display the condition evaluation report re-run your application with 'debug' enabled.
2026-08-24 12:08:43.687 [main] ERROR o.s.b.diagnostics.LoggingFailureAnalysisReporter - 

***************************
APPLICATION FAILED TO START
***************************

Description:

A component required a bean of type 'com.dyc.xiaohashu.user.api.UserFeignApi' that could not be found.


Action:

Consider defining a bean of type 'com.dyc.xiaohashu.user.api.UserFeignApi' in your configuration.

2026-08-24 12:09:52.409 [main] WARN  com.alibaba.nacos.client.logging.NacosLogging - Load Logback Configuration of Nacos fail, message: Could not initialize Logback Nacos logging from classpath:nacos-logback.xml
2026-08-24 12:09:52.448 [main] WARN  com.alibaba.nacos.client.logging.NacosLogging - Load Logback Configuration of Nacos fail, message: Could not initialize Logback Nacos logging from classpath:nacos-logback.xml
2026-08-24 12:09:52.455 [main] INFO  com.dyc.xiaohashu.auth.XiaohashuAuthApplication - Starting XiaohashuAuthApplication using Java 17.0.12 with PID 60696 (E:\CodeDir\xiaohashu\xiaohashu-auth\target\classes started by DYC in E:\CodeDir\xiaohashu)
2026-08-24 12:09:52.456 [main] INFO  com.dyc.xiaohashu.auth.XiaohashuAuthApplication - The following 1 profile is active: "dev"
2026-08-24 12:09:52.887 [main] INFO  o.s.d.r.config.RepositoryConfigurationDelegate - Multiple Spring Data modules found, entering strict repository configuration mode
2026-08-24 12:09:52.889 [main] INFO  o.s.d.r.config.RepositoryConfigurationDelegate - Bootstrapping Spring Data Redis repositories in DEFAULT mode.
2026-08-24 12:09:52.903 [main] INFO  o.s.d.r.config.RepositoryConfigurationDelegate - Finished Spring Data repository scanning in 6 ms. Found 0 Redis repository interfaces.
2026-08-24 12:09:53.007 [main] INFO  o.springframework.cloud.context.scope.GenericScope - BeanFactory id=2fb451e5-3f53-395f-9693-fdfad682c034
2026-08-24 12:09:53.029 [main] INFO  o.s.c.s.PostProcessorRegistrationDelegate$BeanPostProcessorChecker - Bean 'com.dyc.xiaohashu.user.api.UserFeignApi' of type [org.springframework.cloud.openfeign.FeignClientFactoryBean] is not eligible for getting processed by all BeanPostProcessors (for example: not eligible for auto-proxying)
2026-08-24 12:09:53.298 [main] INFO  o.s.boot.web.embedded.tomcat.TomcatWebServer - Tomcat initialized with port(s): 8081 (http)
2026-08-24 12:09:53.304 [main] INFO  org.apache.catalina.core.StandardService - Starting service [Tomcat]
2026-08-24 12:09:53.304 [main] INFO  org.apache.catalina.core.StandardEngine - Starting Servlet engine: [Apache Tomcat/10.1.5]
2026-08-24 12:09:53.355 [main] INFO  o.a.c.core.ContainerBase.[Tomcat].[localhost].[/] - Initializing Spring embedded WebApplicationContext
2026-08-24 12:09:53.355 [main] INFO  o.s.b.w.s.c.ServletWebServerApplicationContext - Root WebApplicationContext: initialization completed in 866 ms
2026-08-24 12:09:53.619 [main] INFO  o.s.cloud.openfeign.FeignClientFactoryBean - For 'xiaohashu-user' URL not provided. Will try picking an instance via load-balancing.
2026-08-24 12:09:53.797 [main] WARN  com.alibaba.nacos.client.logging.NacosLogging - Load Logback Configuration of Nacos fail, message: Could not initialize Logback Nacos logging from classpath:nacos-logback.xml
2026-08-24 12:09:53.798 [main] INFO  com.alibaba.nacos.client.utils.ParamUtil - [settings] [req-serv] nacos-server port:8848
2026-08-24 12:09:53.799 [main] INFO  com.alibaba.nacos.client.utils.ParamUtil - [settings] [http-client] connect timeout:1000
2026-08-24 12:09:53.799 [main] INFO  com.alibaba.nacos.client.utils.ParamUtil - PER_TASK_CONFIG_SIZE: 3000.0
2026-08-24 12:09:53.814 [main] INFO  c.a.n.p.auth.spi.client.ClientAuthPluginManager - [ClientAuthPluginManager] Load ClientAuthService com.alibaba.nacos.client.auth.impl.NacosClientAuthServiceImpl success.
2026-08-24 12:09:53.814 [main] INFO  c.a.n.p.auth.spi.client.ClientAuthPluginManager - [ClientAuthPluginManager] Load ClientAuthService com.alibaba.nacos.client.auth.ram.RamClientAuthServiceImpl success.
2026-08-24 12:09:53.816 [main] INFO  c.a.n.client.auth.ram.identify.CredentialWatcher - null No credential found
2026-08-24 12:10:06.581 [main] INFO  c.a.d.s.b.a.DruidDataSourceAutoConfigure - Init DruidDataSource
2026-08-24 12:10:07.355 [main] INFO  com.alibaba.druid.pool.DruidDataSource - {dataSource-1} inited
2026-08-24 12:10:09.052 [main] WARN  o.s.c.l.c.LoadBalancerCacheAutoConfiguration$LoadBalancerCaffeineWarnLogger - Spring Cloud LoadBalancer is currently working with the default cache. While this cache implementation is useful for development and tests, it's recommended to use Caffeine cache in production.You can switch to using Caffeine cache, by adding it and org.springframework.cache.caffeine.CaffeineCacheManager to the classpath.
2026-08-24 12:10:09.336 [main] INFO  o.s.boot.web.embedded.tomcat.TomcatWebServer - Tomcat started on port(s): 8081 (http) with context path ''
2026-08-24 12:10:09.349 [main] INFO  com.alibaba.nacos.client.naming - initializer namespace from ans.namespace attribute : null
2026-08-24 12:10:09.352 [main] INFO  com.alibaba.nacos.client.naming - initializer namespace from ALIBABA_ALIWARE_NAMESPACE attribute :null
2026-08-24 12:10:09.353 [main] INFO  com.alibaba.nacos.client.naming - initializer namespace from namespace attribute :null
2026-08-24 12:10:09.403 [main] INFO  c.a.n.p.auth.spi.client.ClientAuthPluginManager - [ClientAuthPluginManager] Load ClientAuthService com.alibaba.nacos.client.auth.impl.NacosClientAuthServiceImpl success.
2026-08-24 12:10:09.405 [main] INFO  c.a.n.p.auth.spi.client.ClientAuthPluginManager - [ClientAuthPluginManager] Load ClientAuthService com.alibaba.nacos.client.auth.ram.RamClientAuthServiceImpl success.
2026-08-24 12:10:09.433 [main] INFO  com.alibaba.nacos.common.remote.client - [RpcClientFactory] create a new rpc client of 8035d2d5-70d8-4d14-9b11-88478ae54a8f
2026-08-24 12:10:09.501 [main] INFO  com.alibaba.nacos.common.remote.client - [8035d2d5-70d8-4d14-9b11-88478ae54a8f] RpcClient init, ServerListFactory = com.alibaba.nacos.client.naming.core.ServerListManager
2026-08-24 12:10:09.501 [main] INFO  com.alibaba.nacos.common.remote.client - [8035d2d5-70d8-4d14-9b11-88478ae54a8f] Registry connection listener to current client:com.alibaba.nacos.client.naming.remote.gprc.redo.NamingGrpcRedoService
2026-08-24 12:10:09.504 [main] INFO  com.alibaba.nacos.common.remote.client - [8035d2d5-70d8-4d14-9b11-88478ae54a8f] Register server push request handler:com.alibaba.nacos.client.naming.remote.gprc.NamingPushRequestHandler
2026-08-24 12:10:09.505 [main] INFO  com.alibaba.nacos.common.remote.client - [8035d2d5-70d8-4d14-9b11-88478ae54a8f] Try to connect to server on start up, server: {serverIp = '127.0.0.1', server main port = 8848}
2026-08-24 12:10:09.611 [main] INFO  c.a.nacos.common.remote.client.grpc.GrpcClient - grpc client connection server:127.0.0.1 ip,serverPort:9848,grpcTslConfig:{"sslProvider":"OPENSSL","enableTls":false,"mutualAuthEnable":false,"trustAll":false}
2026-08-24 12:10:12.511 [com.alibaba.nacos.client.naming.grpc.redo.0] WARN  com.alibaba.nacos.client.naming - Grpc Connection is disconnect, skip current redo task
2026-08-24 12:10:12.842 [main] INFO  com.alibaba.nacos.common.remote.client - [8035d2d5-70d8-4d14-9b11-88478ae54a8f] Success to connect to server [127.0.0.1:8848] on start up, connectionId = 1787544612421_127.0.0.1_60388
2026-08-24 12:10:12.845 [com.alibaba.nacos.client.remote.worker] INFO  com.alibaba.nacos.common.remote.client - [8035d2d5-70d8-4d14-9b11-88478ae54a8f] Notify connected event to listeners.
2026-08-24 12:10:12.846 [main] INFO  com.alibaba.nacos.common.remote.client - [8035d2d5-70d8-4d14-9b11-88478ae54a8f] Register server push request handler:com.alibaba.nacos.common.remote.client.RpcClient$ConnectResetRequestHandler
2026-08-24 12:10:12.846 [com.alibaba.nacos.client.remote.worker] INFO  com.alibaba.nacos.client.naming - Grpc connection connect
2026-08-24 12:10:12.848 [main] INFO  com.alibaba.nacos.common.remote.client - [8035d2d5-70d8-4d14-9b11-88478ae54a8f] Register server push request handler:com.alibaba.nacos.common.remote.client.RpcClient$$Lambda$1271/0x0000017dbd91a7b8
2026-08-24 12:10:12.854 [main] INFO  com.alibaba.nacos.client.naming - [REGISTER-SERVICE] public registering service xiaohashu-auth with instance Instance{instanceId='null', ip='172.31.111.1', port=8081, weight=1.0, healthy=true, enabled=true, ephemeral=true, clusterName='DEFAULT', serviceName='null', metadata={IPv6=[240c:c981:3000:0:86ee:d472:e60d:74fc], preserved.register.source=SPRING_CLOUD}}
2026-08-24 12:10:12.901 [main] INFO  c.a.cloud.nacos.registry.NacosServiceRegistry - nacos registry, DEFAULT_GROUP xiaohashu-auth 172.31.111.1:8081 register finished
2026-08-24 12:10:13.678 [main] INFO  com.dyc.xiaohashu.auth.XiaohashuAuthApplication - Started XiaohashuAuthApplication in 21.729 seconds (process running for 22.069)
2026-08-24 12:11:04.695 [http-nio-8081-exec-1] INFO  o.a.c.core.ContainerBase.[Tomcat].[localhost].[/] - Initializing Spring DispatcherServlet 'dispatcherServlet'
2026-08-24 12:11:04.696 [http-nio-8081-exec-1] INFO  org.springframework.web.servlet.DispatcherServlet - Initializing Servlet 'dispatcherServlet'
2026-08-24 12:11:04.698 [http-nio-8081-exec-1] INFO  org.springframework.web.servlet.DispatcherServlet - Completed initialization in 2 ms
2026-08-24 12:11:05.013 [http-nio-8081-exec-1] INFO  c.d.f.b.operationlog.aspect.ApiOperationLogAspect - ====== 请求开始: [发送验证码], 入参: {"phone":"19862172631"}, 请求类: VerificationCodeController, 请求方法: sendCode =================================== 
2026-08-24 12:11:06.539 [http-nio-8081-exec-1] INFO  c.d.f.b.operationlog.aspect.ApiOperationLogAspect - ====== 请求结束: [发送验证码], 耗时: 1529ms, 出参: {"success":true,"message":null,"errorCode":null,"data":null} =================================== 
2026-08-24 12:11:09.527 [task-1] INFO  c.d.x.auth.service.VerificationCodeServiceImpl - 验证码已生成，手机号: 19862172631, 验证码: 137710
2026-08-24 12:12:48.373 [http-nio-8081-exec-3] INFO  c.d.f.b.operationlog.aspect.ApiOperationLogAspect - ====== 请求开始: [发送验证码], 入参: {"phone":"19862172631"}, 请求类: VerificationCodeController, 请求方法: sendCode =================================== 
2026-08-24 12:12:48.383 [http-nio-8081-exec-3] WARN  c.d.x.auth.exception.GlobalExceptionHandler - /verification/code/send request fail, errorCode: AUTH-20000, errorMessage: 请求太频繁，请3分钟后再试
2026-08-24 12:12:50.808 [http-nio-8081-exec-4] INFO  c.d.f.b.operationlog.aspect.ApiOperationLogAspect - ====== 请求开始: [发送验证码], 入参: {"phone":"19862172631"}, 请求类: VerificationCodeController, 请求方法: sendCode =================================== 
2026-08-24 12:12:50.814 [http-nio-8081-exec-4] WARN  c.d.x.auth.exception.GlobalExceptionHandler - /verification/code/send request fail, errorCode: AUTH-20000, errorMessage: 请求太频繁，请3分钟后再试
2026-08-24 12:13:09.306 [http-nio-8081-exec-5] INFO  c.d.f.b.operationlog.aspect.ApiOperationLogAspect - ====== 请求开始: [用户登录/注册], 入参: {"phone":"19862172631","code":"137710","password":null,"type":1}, 请求类: AuthController, 请求方法: loginAndRegister =================================== 
2026-08-24 12:13:09.332 [http-nio-8081-exec-5] WARN  c.d.x.auth.exception.GlobalExceptionHandler - /login request fail, errorCode: AUTH-20001, errorMessage: 验证码错误
2026-08-24 12:13:56.376 [http-nio-8081-exec-6] INFO  c.d.f.b.operationlog.aspect.ApiOperationLogAspect - ====== 请求开始: [用户登录/注册], 入参: {"phone":"19862172631","code":"137710","password":null,"type":1}, 请求类: AuthController, 请求方法: loginAndRegister =================================== 
2026-08-24 12:13:56.381 [http-nio-8081-exec-6] WARN  c.d.x.auth.exception.GlobalExceptionHandler - /login request fail, errorCode: AUTH-20001, errorMessage: 验证码错误
2026-08-24 12:13:58.217 [http-nio-8081-exec-7] INFO  c.d.f.b.operationlog.aspect.ApiOperationLogAspect - ====== 请求开始: [用户登录/注册], 入参: {"phone":"19862172631","code":"137710","password":null,"type":1}, 请求类: AuthController, 请求方法: loginAndRegister =================================== 
2026-08-24 12:13:58.221 [http-nio-8081-exec-7] WARN  c.d.x.auth.exception.GlobalExceptionHandler - /login request fail, errorCode: AUTH-20001, errorMessage: 验证码错误
2026-08-24 12:13:58.403 [http-nio-8081-exec-8] INFO  c.d.f.b.operationlog.aspect.ApiOperationLogAspect - ====== 请求开始: [用户登录/注册], 入参: {"phone":"19862172631","code":"137710","password":null,"type":1}, 请求类: AuthController, 请求方法: loginAndRegister =================================== 
2026-08-24 12:13:58.408 [http-nio-8081-exec-8] WARN  c.d.x.auth.exception.GlobalExceptionHandler - /login request fail, errorCode: AUTH-20001, errorMessage: 验证码错误
2026-08-24 12:13:58.577 [http-nio-8081-exec-9] INFO  c.d.f.b.operationlog.aspect.ApiOperationLogAspect - ====== 请求开始: [用户登录/注册], 入参: {"phone":"19862172631","code":"137710","password":null,"type":1}, 请求类: AuthController, 请求方法: loginAndRegister =================================== 
2026-08-24 12:13:58.583 [http-nio-8081-exec-9] WARN  c.d.x.auth.exception.GlobalExceptionHandler - /login request fail, errorCode: AUTH-20001, errorMessage: 验证码错误
2026-08-24 12:13:58.753 [http-nio-8081-exec-10] INFO  c.d.f.b.operationlog.aspect.ApiOperationLogAspect - ====== 请求开始: [用户登录/注册], 入参: {"phone":"19862172631","code":"137710","password":null,"type":1}, 请求类: AuthController, 请求方法: loginAndRegister =================================== 
2026-08-24 12:13:58.757 [http-nio-8081-exec-10] WARN  c.d.x.auth.exception.GlobalExceptionHandler - /login request fail, errorCode: AUTH-20001, errorMessage: 验证码错误
2026-08-24 12:13:58.914 [http-nio-8081-exec-1] INFO  c.d.f.b.operationlog.aspect.ApiOperationLogAspect - ====== 请求开始: [用户登录/注册], 入参: {"phone":"19862172631","code":"137710","password":null,"type":1}, 请求类: AuthController, 请求方法: loginAndRegister =================================== 
2026-08-24 12:13:58.918 [http-nio-8081-exec-1] WARN  c.d.x.auth.exception.GlobalExceptionHandler - /login request fail, errorCode: AUTH-20001, errorMessage: 验证码错误
2026-08-24 12:13:59.084 [http-nio-8081-exec-2] INFO  c.d.f.b.operationlog.aspect.ApiOperationLogAspect - ====== 请求开始: [用户登录/注册], 入参: {"phone":"19862172631","code":"137710","password":null,"type":1}, 请求类: AuthController, 请求方法: loginAndRegister =================================== 
2026-08-24 12:13:59.090 [http-nio-8081-exec-2] WARN  c.d.x.auth.exception.GlobalExceptionHandler - /login request fail, errorCode: AUTH-20001, errorMessage: 验证码错误
2026-08-24 12:13:59.265 [http-nio-8081-exec-3] INFO  c.d.f.b.operationlog.aspect.ApiOperationLogAspect - ====== 请求开始: [用户登录/注册], 入参: {"phone":"19862172631","code":"137710","password":null,"type":1}, 请求类: AuthController, 请求方法: loginAndRegister =================================== 
2026-08-24 12:13:59.271 [http-nio-8081-exec-3] WARN  c.d.x.auth.exception.GlobalExceptionHandler - /login request fail, errorCode: AUTH-20001, errorMessage: 验证码错误
2026-08-24 12:14:00.773 [http-nio-8081-exec-4] INFO  c.d.f.b.operationlog.aspect.ApiOperationLogAspect - ====== 请求开始: [发送验证码], 入参: {"phone":"19862172631"}, 请求类: VerificationCodeController, 请求方法: sendCode =================================== 
2026-08-24 12:14:00.779 [http-nio-8081-exec-4] WARN  c.d.x.auth.exception.GlobalExceptionHandler - /verification/code/send request fail, errorCode: AUTH-20000, errorMessage: 请求太频繁，请3分钟后再试
2026-08-24 12:14:01.643 [http-nio-8081-exec-5] INFO  c.d.f.b.operationlog.aspect.ApiOperationLogAspect - ====== 请求开始: [发送验证码], 入参: {"phone":"19862172631"}, 请求类: VerificationCodeController, 请求方法: sendCode =================================== 
2026-08-24 12:14:01.649 [http-nio-8081-exec-5] WARN  c.d.x.auth.exception.GlobalExceptionHandler - /verification/code/send request fail, errorCode: AUTH-20000, errorMessage: 请求太频繁，请3分钟后再试
2026-08-24 12:14:02.051 [http-nio-8081-exec-6] INFO  c.d.f.b.operationlog.aspect.ApiOperationLogAspect - ====== 请求开始: [发送验证码], 入参: {"phone":"19862172631"}, 请求类: VerificationCodeController, 请求方法: sendCode =================================== 
2026-08-24 12:14:02.056 [http-nio-8081-exec-6] WARN  c.d.x.auth.exception.GlobalExceptionHandler - /verification/code/send request fail, errorCode: AUTH-20000, errorMessage: 请求太频繁，请3分钟后再试
2026-08-24 12:14:02.218 [http-nio-8081-exec-7] INFO  c.d.f.b.operationlog.aspect.ApiOperationLogAspect - ====== 请求开始: [发送验证码], 入参: {"phone":"19862172631"}, 请求类: VerificationCodeController, 请求方法: sendCode =================================== 
2026-08-24 12:14:02.223 [http-nio-8081-exec-7] WARN  c.d.x.auth.exception.GlobalExceptionHandler - /verification/code/send request fail, errorCode: AUTH-20000, errorMessage: 请求太频繁，请3分钟后再试
2026-08-24 12:14:02.980 [http-nio-8081-exec-8] INFO  c.d.f.b.operationlog.aspect.ApiOperationLogAspect - ====== 请求开始: [用户登录/注册], 入参: {"phone":"19862172631","code":"137710","password":null,"type":1}, 请求类: AuthController, 请求方法: loginAndRegister =================================== 
2026-08-24 12:14:02.985 [http-nio-8081-exec-8] WARN  c.d.x.auth.exception.GlobalExceptionHandler - /login request fail, errorCode: AUTH-20001, errorMessage: 验证码错误
2026-08-24 12:14:03.153 [http-nio-8081-exec-9] INFO  c.d.f.b.operationlog.aspect.ApiOperationLogAspect - ====== 请求开始: [用户登录/注册], 入参: {"phone":"19862172631","code":"137710","password":null,"type":1}, 请求类: AuthController, 请求方法: loginAndRegister =================================== 
2026-08-24 12:14:03.161 [http-nio-8081-exec-9] WARN  c.d.x.auth.exception.GlobalExceptionHandler - /login request fail, errorCode: AUTH-20001, errorMessage: 验证码错误
2026-08-24 12:14:03.323 [http-nio-8081-exec-10] INFO  c.d.f.b.operationlog.aspect.ApiOperationLogAspect - ====== 请求开始: [用户登录/注册], 入参: {"phone":"19862172631","code":"137710","password":null,"type":1}, 请求类: AuthController, 请求方法: loginAndRegister =================================== 
2026-08-24 12:14:03.326 [http-nio-8081-exec-10] WARN  c.d.x.auth.exception.GlobalExceptionHandler - /login request fail, errorCode: AUTH-20001, errorMessage: 验证码错误
2026-08-24 12:14:03.499 [http-nio-8081-exec-1] INFO  c.d.f.b.operationlog.aspect.ApiOperationLogAspect - ====== 请求开始: [用户登录/注册], 入参: {"phone":"19862172631","code":"137710","password":null,"type":1}, 请求类: AuthController, 请求方法: loginAndRegister =================================== 
2026-08-24 12:14:03.504 [http-nio-8081-exec-1] WARN  c.d.x.auth.exception.GlobalExceptionHandler - /login request fail, errorCode: AUTH-20001, errorMessage: 验证码错误
2026-08-24 12:14:03.693 [http-nio-8081-exec-2] INFO  c.d.f.b.operationlog.aspect.ApiOperationLogAspect - ====== 请求开始: [用户登录/注册], 入参: {"phone":"19862172631","code":"137710","password":null,"type":1}, 请求类: AuthController, 请求方法: loginAndRegister =================================== 
2026-08-24 12:14:03.700 [http-nio-8081-exec-2] WARN  c.d.x.auth.exception.GlobalExceptionHandler - /login request fail, errorCode: AUTH-20001, errorMessage: 验证码错误
2026-08-24 12:14:03.869 [http-nio-8081-exec-3] INFO  c.d.f.b.operationlog.aspect.ApiOperationLogAspect - ====== 请求开始: [用户登录/注册], 入参: {"phone":"19862172631","code":"137710","password":null,"type":1}, 请求类: AuthController, 请求方法: loginAndRegister =================================== 
2026-08-24 12:14:03.876 [http-nio-8081-exec-3] WARN  c.d.x.auth.exception.GlobalExceptionHandler - /login request fail, errorCode: AUTH-20001, errorMessage: 验证码错误
2026-08-24 12:14:04.042 [http-nio-8081-exec-4] INFO  c.d.f.b.operationlog.aspect.ApiOperationLogAspect - ====== 请求开始: [用户登录/注册], 入参: {"phone":"19862172631","code":"137710","password":null,"type":1}, 请求类: AuthController, 请求方法: loginAndRegister =================================== 
2026-08-24 12:14:04.049 [http-nio-8081-exec-4] WARN  c.d.x.auth.exception.GlobalExceptionHandler - /login request fail, errorCode: AUTH-20001, errorMessage: 验证码错误
2026-08-24 12:14:04.218 [http-nio-8081-exec-5] INFO  c.d.f.b.operationlog.aspect.ApiOperationLogAspect - ====== 请求开始: [用户登录/注册], 入参: {"phone":"19862172631","code":"137710","password":null,"type":1}, 请求类: AuthController, 请求方法: loginAndRegister =================================== 
2026-08-24 12:14:04.223 [http-nio-8081-exec-5] WARN  c.d.x.auth.exception.GlobalExceptionHandler - /login request fail, errorCode: AUTH-20001, errorMessage: 验证码错误
2026-08-24 12:14:04.382 [http-nio-8081-exec-6] INFO  c.d.f.b.operationlog.aspect.ApiOperationLogAspect - ====== 请求开始: [用户登录/注册], 入参: {"phone":"19862172631","code":"137710","password":null,"type":1}, 请求类: AuthController, 请求方法: loginAndRegister =================================== 
2026-08-24 12:14:04.386 [http-nio-8081-exec-6] WARN  c.d.x.auth.exception.GlobalExceptionHandler - /login request fail, errorCode: AUTH-20001, errorMessage: 验证码错误
2026-08-24 12:14:04.572 [http-nio-8081-exec-7] INFO  c.d.f.b.operationlog.aspect.ApiOperationLogAspect - ====== 请求开始: [用户登录/注册], 入参: {"phone":"19862172631","code":"137710","password":null,"type":1}, 请求类: AuthController, 请求方法: loginAndRegister =================================== 
2026-08-24 12:14:04.576 [http-nio-8081-exec-7] WARN  c.d.x.auth.exception.GlobalExceptionHandler - /login request fail, errorCode: AUTH-20001, errorMessage: 验证码错误
2026-08-24 12:14:04.839 [http-nio-8081-exec-8] INFO  c.d.f.b.operationlog.aspect.ApiOperationLogAspect - ====== 请求开始: [用户登录/注册], 入参: {"phone":"19862172631","code":"137710","password":null,"type":1}, 请求类: AuthController, 请求方法: loginAndRegister =================================== 
2026-08-24 12:14:04.844 [http-nio-8081-exec-8] WARN  c.d.x.auth.exception.GlobalExceptionHandler - /login request fail, errorCode: AUTH-20001, errorMessage: 验证码错误
2026-08-24 12:14:05.178 [http-nio-8081-exec-9] INFO  c.d.f.b.operationlog.aspect.ApiOperationLogAspect - ====== 请求开始: [用户登录/注册], 入参: {"phone":"19862172631","code":"137710","password":null,"type":1}, 请求类: AuthController, 请求方法: loginAndRegister =================================== 
2026-08-24 12:14:05.183 [http-nio-8081-exec-9] WARN  c.d.x.auth.exception.GlobalExceptionHandler - /login request fail, errorCode: AUTH-20001, errorMessage: 验证码错误
2026-08-24 12:15:01.416 [http-nio-8081-exec-10] INFO  c.d.f.b.operationlog.aspect.ApiOperationLogAspect - ====== 请求开始: [发送验证码], 入参: {"phone":"19862172631"}, 请求类: VerificationCodeController, 请求方法: sendCode =================================== 
2026-08-24 12:15:01.594 [http-nio-8081-exec-10] INFO  c.d.f.b.operationlog.aspect.ApiOperationLogAspect - ====== 请求结束: [发送验证码], 耗时: 178ms, 出参: {"success":true,"message":null,"errorCode":null,"data":null} =================================== 
2026-08-24 12:15:04.796 [task-2] INFO  c.d.x.auth.service.VerificationCodeServiceImpl - 验证码已生成，手机号: 19862172631, 验证码: 163657
2026-08-24 12:15:18.291 [http-nio-8081-exec-1] INFO  c.d.f.b.operationlog.aspect.ApiOperationLogAspect - ====== 请求开始: [用户登录/注册], 入参: {"phone":"19862172631","code":"163657","password":null,"type":1}, 请求类: AuthController, 请求方法: loginAndRegister =================================== 
2026-08-24 12:15:18.295 [http-nio-8081-exec-1] WARN  c.d.x.auth.exception.GlobalExceptionHandler - /login request fail, errorCode: AUTH-20001, errorMessage: 验证码错误
2026-08-24 12:15:19.449 [http-nio-8081-exec-2] INFO  c.d.f.b.operationlog.aspect.ApiOperationLogAspect - ====== 请求开始: [用户登录/注册], 入参: {"phone":"19862172631","code":"163657","password":null,"type":1}, 请求类: AuthController, 请求方法: loginAndRegister =================================== 
2026-08-24 12:15:19.454 [http-nio-8081-exec-2] WARN  c.d.x.auth.exception.GlobalExceptionHandler - /login request fail, errorCode: AUTH-20001, errorMessage: 验证码错误
2026-08-24 12:15:19.619 [http-nio-8081-exec-3] INFO  c.d.f.b.operationlog.aspect.ApiOperationLogAspect - ====== 请求开始: [用户登录/注册], 入参: {"phone":"19862172631","code":"163657","password":null,"type":1}, 请求类: AuthController, 请求方法: loginAndRegister =================================== 
2026-08-24 12:15:19.624 [http-nio-8081-exec-3] WARN  c.d.x.auth.exception.GlobalExceptionHandler - /login request fail, errorCode: AUTH-20001, errorMessage: 验证码错误
2026-08-24 12:15:19.773 [http-nio-8081-exec-4] INFO  c.d.f.b.operationlog.aspect.ApiOperationLogAspect - ====== 请求开始: [用户登录/注册], 入参: {"phone":"19862172631","code":"163657","password":null,"type":1}, 请求类: AuthController, 请求方法: loginAndRegister =================================== 
2026-08-24 12:15:19.779 [http-nio-8081-exec-4] WARN  c.d.x.auth.exception.GlobalExceptionHandler - /login request fail, errorCode: AUTH-20001, errorMessage: 验证码错误
2026-08-24 12:15:19.923 [http-nio-8081-exec-5] INFO  c.d.f.b.operationlog.aspect.ApiOperationLogAspect - ====== 请求开始: [用户登录/注册], 入参: {"phone":"19862172631","code":"163657","password":null,"type":1}, 请求类: AuthController, 请求方法: loginAndRegister =================================== 
2026-08-24 12:15:19.927 [http-nio-8081-exec-5] WARN  c.d.x.auth.exception.GlobalExceptionHandler - /login request fail, errorCode: AUTH-20001, errorMessage: 验证码错误
2026-08-24 12:15:20.089 [http-nio-8081-exec-6] INFO  c.d.f.b.operationlog.aspect.ApiOperationLogAspect - ====== 请求开始: [用户登录/注册], 入参: {"phone":"19862172631","code":"163657","password":null,"type":1}, 请求类: AuthController, 请求方法: loginAndRegister =================================== 
2026-08-24 12:15:20.094 [http-nio-8081-exec-6] WARN  c.d.x.auth.exception.GlobalExceptionHandler - /login request fail, errorCode: AUTH-20001, errorMessage: 验证码错误
2026-08-24 12:20:18.655 [Thread-12] WARN  com.alibaba.nacos.common.notify.NotifyCenter - [NotifyCenter] Start destroying Publisher
2026-08-24 12:20:18.655 [Thread-3] WARN  c.alibaba.nacos.common.http.HttpClientBeanHolder - [HttpClientBeanHolder] Start destroying common HttpClient
2026-08-24 12:20:18.655 [Thread-12] WARN  com.alibaba.nacos.common.notify.NotifyCenter - [NotifyCenter] Destruction of the end
2026-08-24 12:20:18.655 [Thread-3] WARN  c.alibaba.nacos.common.http.HttpClientBeanHolder - [HttpClientBeanHolder] Destruction of the end
2026-08-24 12:20:18.688 [SpringApplicationShutdownHook] INFO  com.alibaba.druid.pool.DruidDataSource - {dataSource-1} closing ...
2026-08-24 12:20:18.694 [SpringApplicationShutdownHook] INFO  com.alibaba.druid.pool.DruidDataSource - {dataSource-1} closed
2026-08-24 12:20:18.694 [SpringApplicationShutdownHook] INFO  c.a.cloud.nacos.registry.NacosServiceRegistry - De-registering from Nacos Server now...
2026-08-24 12:20:18.694 [SpringApplicationShutdownHook] INFO  com.alibaba.nacos.client.naming - [DEREGISTER-SERVICE] public deregistering service xiaohashu-auth with instance: Instance{instanceId='null', ip='172.31.111.1', port=8081, weight=1.0, healthy=true, enabled=true, ephemeral=true, clusterName='DEFAULT', serviceName='null', metadata={}}
2026-08-24 12:20:18.698 [SpringApplicationShutdownHook] INFO  c.a.cloud.nacos.registry.NacosServiceRegistry - De-registration finished.
2026-08-24 12:20:18.698 [SpringApplicationShutdownHook] INFO  com.alibaba.nacos.client.naming - com.alibaba.nacos.client.naming.cache.ServiceInfoHolder do shutdown begin
2026-08-24 12:20:18.698 [SpringApplicationShutdownHook] INFO  com.alibaba.nacos.client.naming - com.alibaba.nacos.client.naming.backups.FailoverReactor do shutdown begin
2026-08-24 12:20:18.698 [SpringApplicationShutdownHook] INFO  com.alibaba.nacos.client.naming - com.alibaba.nacos.client.naming.backups.FailoverReactor do shutdown stop
2026-08-24 12:20:18.698 [SpringApplicationShutdownHook] INFO  com.alibaba.nacos.client.naming - com.alibaba.nacos.client.naming.cache.ServiceInfoHolder do shutdown stop
2026-08-24 12:20:18.698 [SpringApplicationShutdownHook] INFO  com.alibaba.nacos.client.naming - com.alibaba.nacos.client.naming.remote.NamingClientProxyDelegate do shutdown begin
2026-08-24 12:20:18.698 [SpringApplicationShutdownHook] INFO  com.alibaba.nacos.client.naming - com.alibaba.nacos.client.naming.core.ServiceInfoUpdateService do shutdown begin
2026-08-24 12:20:18.698 [SpringApplicationShutdownHook] INFO  com.alibaba.nacos.client.naming - com.alibaba.nacos.client.naming.core.ServiceInfoUpdateService do shutdown stop
2026-08-24 12:20:18.698 [SpringApplicationShutdownHook] INFO  com.alibaba.nacos.client.naming - com.alibaba.nacos.client.naming.core.ServerListManager do shutdown begin
2026-08-24 12:20:18.698 [SpringApplicationShutdownHook] WARN  com.alibaba.nacos.client.naming - [NamingHttpClientManager] Start destroying NacosRestTemplate
2026-08-24 12:20:18.698 [SpringApplicationShutdownHook] WARN  com.alibaba.nacos.client.naming - [NamingHttpClientManager] Destruction of the end
2026-08-24 12:20:18.699 [SpringApplicationShutdownHook] INFO  com.alibaba.nacos.client.naming - com.alibaba.nacos.client.naming.core.ServerListManager do shutdown stop
2026-08-24 12:20:18.699 [SpringApplicationShutdownHook] INFO  com.alibaba.nacos.client.naming - com.alibaba.nacos.client.naming.remote.http.NamingHttpClientProxy do shutdown begin
2026-08-24 12:20:18.699 [SpringApplicationShutdownHook] WARN  com.alibaba.nacos.client.naming - [NamingHttpClientManager] Start destroying NacosRestTemplate
2026-08-24 12:20:18.699 [SpringApplicationShutdownHook] WARN  com.alibaba.nacos.client.naming - [NamingHttpClientManager] Destruction of the end
2026-08-24 12:20:18.699 [SpringApplicationShutdownHook] INFO  com.alibaba.nacos.client.naming - com.alibaba.nacos.client.naming.remote.http.NamingHttpClientProxy do shutdown stop
2026-08-24 12:20:18.699 [SpringApplicationShutdownHook] INFO  com.alibaba.nacos.common.remote.client - Shutdown rpc client, set status to shutdown
2026-08-24 12:20:18.699 [SpringApplicationShutdownHook] INFO  com.alibaba.nacos.common.remote.client - Shutdown client event executor java.util.concurrent.ScheduledThreadPoolExecutor@5f870a88[Running, pool size = 2, active threads = 2, queued tasks = 0, completed tasks = 0]
2026-08-24 12:20:18.699 [SpringApplicationShutdownHook] INFO  com.alibaba.nacos.common.remote.client - Close current connection 1787544612421_127.0.0.1_60388
2026-08-24 12:20:18.700 [nacos-grpc-client-executor-127.0.0.1-135] INFO  c.a.nacos.common.remote.client.grpc.GrpcClient - [1787544612421_127.0.0.1_60388]Ignore complete event,isRunning:false,isAbandon=false
2026-08-24 12:20:18.701 [SpringApplicationShutdownHook] INFO  c.a.nacos.common.remote.client.grpc.GrpcClient - Shutdown grpc executor java.util.concurrent.ThreadPoolExecutor@27c73a75[Running, pool size = 4, active threads = 0, queued tasks = 0, completed tasks = 136]
2026-08-24 12:20:18.701 [SpringApplicationShutdownHook] INFO  com.alibaba.nacos.client.naming - Shutdown grpc redo service executor java.util.concurrent.ScheduledThreadPoolExecutor@2dc84395[Running, pool size = 1, active threads = 0, queued tasks = 1, completed tasks = 202]
2026-08-24 12:20:18.702 [SpringApplicationShutdownHook] INFO  c.a.n.client.auth.ram.identify.CredentialWatcher - [null] CredentialWatcher is stopped
2026-08-24 12:20:18.702 [SpringApplicationShutdownHook] INFO  c.a.n.client.auth.ram.identify.CredentialService - [null] CredentialService is freed
2026-08-24 12:20:18.702 [SpringApplicationShutdownHook] INFO  com.alibaba.nacos.client.naming - com.alibaba.nacos.client.naming.remote.NamingClientProxyDelegate do shutdown stop
2026-08-24 12:20:22.273 [main] WARN  com.alibaba.nacos.client.logging.NacosLogging - Load Logback Configuration of Nacos fail, message: Could not initialize Logback Nacos logging from classpath:nacos-logback.xml
2026-08-24 12:20:22.312 [main] WARN  com.alibaba.nacos.client.logging.NacosLogging - Load Logback Configuration of Nacos fail, message: Could not initialize Logback Nacos logging from classpath:nacos-logback.xml
2026-08-24 12:20:22.319 [main] INFO  com.dyc.xiaohashu.auth.XiaohashuAuthApplication - Starting XiaohashuAuthApplication using Java 17.0.12 with PID 60612 (E:\CodeDir\xiaohashu\xiaohashu-auth\target\classes started by DYC in E:\CodeDir\xiaohashu)
2026-08-24 12:20:22.320 [main] INFO  com.dyc.xiaohashu.auth.XiaohashuAuthApplication - The following 1 profile is active: "dev"
2026-08-24 12:20:22.760 [main] INFO  o.s.d.r.config.RepositoryConfigurationDelegate - Multiple Spring Data modules found, entering strict repository configuration mode
2026-08-24 12:20:22.761 [main] INFO  o.s.d.r.config.RepositoryConfigurationDelegate - Bootstrapping Spring Data Redis repositories in DEFAULT mode.
2026-08-24 12:20:22.776 [main] INFO  o.s.d.r.config.RepositoryConfigurationDelegate - Finished Spring Data repository scanning in 7 ms. Found 0 Redis repository interfaces.
2026-08-24 12:20:22.882 [main] INFO  o.springframework.cloud.context.scope.GenericScope - BeanFactory id=2fb451e5-3f53-395f-9693-fdfad682c034
2026-08-24 12:20:22.908 [main] INFO  o.s.c.s.PostProcessorRegistrationDelegate$BeanPostProcessorChecker - Bean 'com.dyc.xiaohashu.user.api.UserFeignApi' of type [org.springframework.cloud.openfeign.FeignClientFactoryBean] is not eligible for getting processed by all BeanPostProcessors (for example: not eligible for auto-proxying)
2026-08-24 12:20:23.171 [main] INFO  o.s.boot.web.embedded.tomcat.TomcatWebServer - Tomcat initialized with port(s): 8081 (http)
2026-08-24 12:20:23.176 [main] INFO  org.apache.catalina.core.StandardService - Starting service [Tomcat]
2026-08-24 12:20:23.176 [main] INFO  org.apache.catalina.core.StandardEngine - Starting Servlet engine: [Apache Tomcat/10.1.5]
2026-08-24 12:20:23.225 [main] INFO  o.a.c.core.ContainerBase.[Tomcat].[localhost].[/] - Initializing Spring embedded WebApplicationContext
2026-08-24 12:20:23.225 [main] INFO  o.s.b.w.s.c.ServletWebServerApplicationContext - Root WebApplicationContext: initialization completed in 872 ms
2026-08-24 12:20:23.356 [main] INFO  o.s.cloud.openfeign.FeignClientFactoryBean - For 'xiaohashu-user' URL not provided. Will try picking an instance via load-balancing.
2026-08-24 12:20:23.675 [main] WARN  com.alibaba.nacos.client.logging.NacosLogging - Load Logback Configuration of Nacos fail, message: Could not initialize Logback Nacos logging from classpath:nacos-logback.xml
2026-08-24 12:20:23.676 [main] INFO  com.alibaba.nacos.client.utils.ParamUtil - [settings] [req-serv] nacos-server port:8848
2026-08-24 12:20:23.677 [main] INFO  com.alibaba.nacos.client.utils.ParamUtil - [settings] [http-client] connect timeout:1000
2026-08-24 12:20:23.677 [main] INFO  com.alibaba.nacos.client.utils.ParamUtil - PER_TASK_CONFIG_SIZE: 3000.0
2026-08-24 12:20:23.692 [main] INFO  c.a.n.p.auth.spi.client.ClientAuthPluginManager - [ClientAuthPluginManager] Load ClientAuthService com.alibaba.nacos.client.auth.impl.NacosClientAuthServiceImpl success.
2026-08-24 12:20:23.692 [main] INFO  c.a.n.p.auth.spi.client.ClientAuthPluginManager - [ClientAuthPluginManager] Load ClientAuthService com.alibaba.nacos.client.auth.ram.RamClientAuthServiceImpl success.
2026-08-24 12:20:23.694 [main] INFO  c.a.n.client.auth.ram.identify.CredentialWatcher - null No credential found
2026-08-24 12:20:36.552 [main] INFO  c.a.d.s.b.a.DruidDataSourceAutoConfigure - Init DruidDataSource
2026-08-24 12:20:37.489 [main] INFO  com.alibaba.druid.pool.DruidDataSource - {dataSource-1} inited
2026-08-24 12:20:39.432 [main] WARN  o.s.c.l.c.LoadBalancerCacheAutoConfiguration$LoadBalancerCaffeineWarnLogger - Spring Cloud LoadBalancer is currently working with the default cache. While this cache implementation is useful for development and tests, it's recommended to use Caffeine cache in production.You can switch to using Caffeine cache, by adding it and org.springframework.cache.caffeine.CaffeineCacheManager to the classpath.
2026-08-24 12:20:39.741 [main] INFO  o.s.boot.web.embedded.tomcat.TomcatWebServer - Tomcat started on port(s): 8081 (http) with context path ''
2026-08-24 12:20:39.756 [main] INFO  com.alibaba.nacos.client.naming - initializer namespace from ans.namespace attribute : null
2026-08-24 12:20:39.758 [main] INFO  com.alibaba.nacos.client.naming - initializer namespace from ALIBABA_ALIWARE_NAMESPACE attribute :null
2026-08-24 12:20:39.761 [main] INFO  com.alibaba.nacos.client.naming - initializer namespace from namespace attribute :null
2026-08-24 12:20:39.814 [main] INFO  c.a.n.p.auth.spi.client.ClientAuthPluginManager - [ClientAuthPluginManager] Load ClientAuthService com.alibaba.nacos.client.auth.impl.NacosClientAuthServiceImpl success.
2026-08-24 12:20:39.814 [main] INFO  c.a.n.p.auth.spi.client.ClientAuthPluginManager - [ClientAuthPluginManager] Load ClientAuthService com.alibaba.nacos.client.auth.ram.RamClientAuthServiceImpl success.
2026-08-24 12:20:39.844 [main] INFO  com.alibaba.nacos.common.remote.client - [RpcClientFactory] create a new rpc client of 80f25d72-dbd3-4500-949e-3f755a1fca43
2026-08-24 12:20:39.896 [main] INFO  com.alibaba.nacos.common.remote.client - [80f25d72-dbd3-4500-949e-3f755a1fca43] RpcClient init, ServerListFactory = com.alibaba.nacos.client.naming.core.ServerListManager
2026-08-24 12:20:39.896 [main] INFO  com.alibaba.nacos.common.remote.client - [80f25d72-dbd3-4500-949e-3f755a1fca43] Registry connection listener to current client:com.alibaba.nacos.client.naming.remote.gprc.redo.NamingGrpcRedoService
2026-08-24 12:20:39.897 [main] INFO  com.alibaba.nacos.common.remote.client - [80f25d72-dbd3-4500-949e-3f755a1fca43] Register server push request handler:com.alibaba.nacos.client.naming.remote.gprc.NamingPushRequestHandler
2026-08-24 12:20:39.901 [main] INFO  com.alibaba.nacos.common.remote.client - [80f25d72-dbd3-4500-949e-3f755a1fca43] Try to connect to server on start up, server: {serverIp = '127.0.0.1', server main port = 8848}
2026-08-24 12:20:40.000 [main] INFO  c.a.nacos.common.remote.client.grpc.GrpcClient - grpc client connection server:127.0.0.1 ip,serverPort:9848,grpcTslConfig:{"sslProvider":"OPENSSL","enableTls":false,"mutualAuthEnable":false,"trustAll":false}
2026-08-24 12:20:42.908 [com.alibaba.nacos.client.naming.grpc.redo.0] WARN  com.alibaba.nacos.client.naming - Grpc Connection is disconnect, skip current redo task
2026-08-24 12:20:43.558 [main] INFO  com.alibaba.nacos.common.remote.client - [80f25d72-dbd3-4500-949e-3f755a1fca43] Success to connect to server [127.0.0.1:8848] on start up, connectionId = 1787545243133_127.0.0.1_64965
2026-08-24 12:20:43.560 [com.alibaba.nacos.client.remote.worker] INFO  com.alibaba.nacos.common.remote.client - [80f25d72-dbd3-4500-949e-3f755a1fca43] Notify connected event to listeners.
2026-08-24 12:20:43.562 [com.alibaba.nacos.client.remote.worker] INFO  com.alibaba.nacos.client.naming - Grpc connection connect
2026-08-24 12:20:43.563 [main] INFO  com.alibaba.nacos.common.remote.client - [80f25d72-dbd3-4500-949e-3f755a1fca43] Register server push request handler:com.alibaba.nacos.common.remote.client.RpcClient$ConnectResetRequestHandler
2026-08-24 12:20:43.564 [main] INFO  com.alibaba.nacos.common.remote.client - [80f25d72-dbd3-4500-949e-3f755a1fca43] Register server push request handler:com.alibaba.nacos.common.remote.client.RpcClient$$Lambda$1271/0x00000181a991b9b8
2026-08-24 12:20:43.571 [main] INFO  com.alibaba.nacos.client.naming - [REGISTER-SERVICE] public registering service xiaohashu-auth with instance Instance{instanceId='null', ip='172.31.111.1', port=8081, weight=1.0, healthy=true, enabled=true, ephemeral=true, clusterName='DEFAULT', serviceName='null', metadata={IPv6=[240c:c981:3000:0:86ee:d472:e60d:74fc], preserved.register.source=SPRING_CLOUD}}
2026-08-24 12:20:43.621 [main] INFO  c.a.cloud.nacos.registry.NacosServiceRegistry - nacos registry, DEFAULT_GROUP xiaohashu-auth 172.31.111.1:8081 register finished
2026-08-24 12:20:44.315 [main] INFO  com.dyc.xiaohashu.auth.XiaohashuAuthApplication - Started XiaohashuAuthApplication in 22.467 seconds (process running for 22.773)
2026-08-24 12:21:53.256 [http-nio-8081-exec-1] INFO  o.a.c.core.ContainerBase.[Tomcat].[localhost].[/] - Initializing Spring DispatcherServlet 'dispatcherServlet'
2026-08-24 12:21:53.258 [http-nio-8081-exec-1] INFO  org.springframework.web.servlet.DispatcherServlet - Initializing Servlet 'dispatcherServlet'
2026-08-24 12:21:53.263 [http-nio-8081-exec-1] INFO  org.springframework.web.servlet.DispatcherServlet - Completed initialization in 4 ms
2026-08-24 12:21:53.572 [http-nio-8081-exec-1] INFO  c.d.f.b.operationlog.aspect.ApiOperationLogAspect - ====== 请求开始: [发送验证码], 入参: {"phone":"19862172631"}, 请求类: VerificationCodeController, 请求方法: sendCode =================================== 
2026-08-24 12:21:55.056 [http-nio-8081-exec-1] INFO  c.d.f.b.operationlog.aspect.ApiOperationLogAspect - ====== 请求结束: [发送验证码], 耗时: 1486ms, 出参: {"success":true,"message":null,"errorCode":null,"data":null} =================================== 
2026-08-24 12:21:58.055 [task-1] INFO  c.d.x.auth.service.VerificationCodeServiceImpl - 验证码已生成，手机号: 19862172631, 验证码: 759006
2026-08-24 12:22:08.424 [http-nio-8081-exec-2] INFO  c.d.f.b.operationlog.aspect.ApiOperationLogAspect - ====== 请求开始: [用户登录/注册], 入参: {"phone":"19862172631","code":"759006","password":null,"type":1}, 请求类: AuthController, 请求方法: loginAndRegister =================================== 
2026-08-24 12:22:08.612 [http-nio-8081-exec-2] INFO  com.alibaba.nacos.client.naming - [SUBSCRIBE-SERVICE] service:xiaohashu-user, group:DEFAULT_GROUP, clusters: 
2026-08-24 12:22:08.661 [http-nio-8081-exec-2] INFO  com.alibaba.nacos.client.naming - init new ips(1) service: DEFAULT_GROUP@@xiaohashu-user -> [{"instanceId":"172.31.111.1#8082#DEFAULT#DEFAULT_GROUP@@xiaohashu-user","ip":"172.31.111.1","port":8082,"weight":1.0,"healthy":true,"enabled":true,"ephemeral":true,"clusterName":"DEFAULT","serviceName":"DEFAULT_GROUP@@xiaohashu-user","metadata":{"preserved.register.source":"SPRING_CLOUD","IPv6":"[240c:c981:3000:0:86ee:d472:e60d:74fc]"},"ipDeleteTimeout":30000,"instanceHeartBeatInterval":5000,"instanceHeartBeatTimeOut":15000}]
2026-08-24 12:22:08.692 [http-nio-8081-exec-2] INFO  com.alibaba.nacos.client.naming - current ips:(1) service: DEFAULT_GROUP@@xiaohashu-user -> [{"instanceId":"172.31.111.1#8082#DEFAULT#DEFAULT_GROUP@@xiaohashu-user","ip":"172.31.111.1","port":8082,"weight":1.0,"healthy":true,"enabled":true,"ephemeral":true,"clusterName":"DEFAULT","serviceName":"DEFAULT_GROUP@@xiaohashu-user","metadata":{"preserved.register.source":"SPRING_CLOUD","IPv6":"[240c:c981:3000:0:86ee:d472:e60d:74fc]"},"ipDeleteTimeout":30000,"instanceHeartBeatInterval":5000,"instanceHeartBeatTimeOut":15000}]
2026-08-24 12:22:09.210 [nacos-grpc-client-executor-127.0.0.1-31] INFO  com.alibaba.nacos.common.remote.client - [80f25d72-dbd3-4500-949e-3f755a1fca43] Receive server push request, request = NotifySubscriberRequest, requestId = 6
2026-08-24 12:22:09.212 [nacos-grpc-client-executor-127.0.0.1-31] INFO  com.alibaba.nacos.common.remote.client - [80f25d72-dbd3-4500-949e-3f755a1fca43] Ack server push request, request = NotifySubscriberRequest, requestId = 6
2026-08-24 12:22:10.843 [http-nio-8081-exec-2] INFO  c.d.f.b.operationlog.aspect.ApiOperationLogAspect - ====== 请求结束: [用户登录/注册], 耗时: 2421ms, 出参: {"success":true,"message":null,"errorCode":null,"data":"60f5b859-d033-4c54-a9ec-a2ee1d85edc3"} =================================== 
2026-08-24 12:59:19.477 [http-nio-8081-exec-4] INFO  c.d.f.b.operationlog.aspect.ApiOperationLogAspect - ====== 请求开始: [账号登出], 入参: , 请求类: AuthController, 请求方法: logout =================================== 
2026-08-24 12:59:19.478 [http-nio-8081-exec-4] INFO  c.d.f.b.operationlog.aspect.ApiOperationLogAspect - ====== 请求结束: [账号登出], 耗时: 1ms, 出参: {"success":true,"message":null,"errorCode":null,"data":null} =================================== 
2026-08-24 15:19:31.780 [Thread-3] WARN  c.alibaba.nacos.common.http.HttpClientBeanHolder - [HttpClientBeanHolder] Start destroying common HttpClient
2026-08-24 15:19:31.780 [Thread-12] WARN  com.alibaba.nacos.common.notify.NotifyCenter - [NotifyCenter] Start destroying Publisher
2026-08-24 15:19:31.784 [Thread-12] WARN  com.alibaba.nacos.common.notify.NotifyCenter - [NotifyCenter] Destruction of the end
2026-08-24 15:19:31.787 [Thread-3] WARN  c.alibaba.nacos.common.http.HttpClientBeanHolder - [HttpClientBeanHolder] Destruction of the end
2026-08-24 15:19:31.887 [SpringApplicationShutdownHook] INFO  com.alibaba.druid.pool.DruidDataSource - {dataSource-1} closing ...
2026-08-24 15:19:31.888 [SpringApplicationShutdownHook] INFO  com.alibaba.druid.pool.DruidDataSource - {dataSource-1} closed
2026-08-24 15:19:31.889 [SpringApplicationShutdownHook] INFO  c.a.cloud.nacos.registry.NacosServiceRegistry - De-registering from Nacos Server now...
2026-08-24 15:19:31.890 [SpringApplicationShutdownHook] INFO  com.alibaba.nacos.client.naming - [DEREGISTER-SERVICE] public deregistering service xiaohashu-auth with instance: Instance{instanceId='null', ip='172.31.111.1', port=8081, weight=1.0, healthy=true, enabled=true, ephemeral=true, clusterName='DEFAULT', serviceName='null', metadata={}}
2026-08-24 15:19:31.910 [SpringApplicationShutdownHook] INFO  c.a.cloud.nacos.registry.NacosServiceRegistry - De-registration finished.
2026-08-24 15:19:31.910 [SpringApplicationShutdownHook] INFO  com.alibaba.nacos.client.naming - com.alibaba.nacos.client.naming.cache.ServiceInfoHolder do shutdown begin
2026-08-24 15:19:31.911 [SpringApplicationShutdownHook] INFO  com.alibaba.nacos.client.naming - com.alibaba.nacos.client.naming.backups.FailoverReactor do shutdown begin
2026-08-24 15:19:31.911 [SpringApplicationShutdownHook] INFO  com.alibaba.nacos.client.naming - com.alibaba.nacos.client.naming.backups.FailoverReactor do shutdown stop
2026-08-24 15:19:31.911 [SpringApplicationShutdownHook] INFO  com.alibaba.nacos.client.naming - com.alibaba.nacos.client.naming.cache.ServiceInfoHolder do shutdown stop
2026-08-24 15:19:31.911 [SpringApplicationShutdownHook] INFO  com.alibaba.nacos.client.naming - com.alibaba.nacos.client.naming.remote.NamingClientProxyDelegate do shutdown begin
2026-08-24 15:19:31.911 [SpringApplicationShutdownHook] INFO  com.alibaba.nacos.client.naming - com.alibaba.nacos.client.naming.core.ServiceInfoUpdateService do shutdown begin
2026-08-24 15:19:31.911 [SpringApplicationShutdownHook] INFO  com.alibaba.nacos.client.naming - com.alibaba.nacos.client.naming.core.ServiceInfoUpdateService do shutdown stop
2026-08-24 15:19:31.911 [SpringApplicationShutdownHook] INFO  com.alibaba.nacos.client.naming - com.alibaba.nacos.client.naming.core.ServerListManager do shutdown begin
2026-08-24 15:19:31.911 [SpringApplicationShutdownHook] WARN  com.alibaba.nacos.client.naming - [NamingHttpClientManager] Start destroying NacosRestTemplate
2026-08-24 15:19:31.911 [SpringApplicationShutdownHook] WARN  com.alibaba.nacos.client.naming - [NamingHttpClientManager] Destruction of the end
2026-08-24 15:19:31.912 [SpringApplicationShutdownHook] INFO  com.alibaba.nacos.client.naming - com.alibaba.nacos.client.naming.core.ServerListManager do shutdown stop
2026-08-24 15:19:31.912 [SpringApplicationShutdownHook] INFO  com.alibaba.nacos.client.naming - com.alibaba.nacos.client.naming.remote.http.NamingHttpClientProxy do shutdown begin
2026-08-24 15:19:31.912 [SpringApplicationShutdownHook] WARN  com.alibaba.nacos.client.naming - [NamingHttpClientManager] Start destroying NacosRestTemplate
2026-08-24 15:19:31.912 [SpringApplicationShutdownHook] WARN  com.alibaba.nacos.client.naming - [NamingHttpClientManager] Destruction of the end
2026-08-24 15:19:31.912 [SpringApplicationShutdownHook] INFO  com.alibaba.nacos.client.naming - com.alibaba.nacos.client.naming.remote.http.NamingHttpClientProxy do shutdown stop
2026-08-24 15:19:31.912 [SpringApplicationShutdownHook] INFO  com.alibaba.nacos.common.remote.client - Shutdown rpc client, set status to shutdown
2026-08-24 15:19:31.912 [SpringApplicationShutdownHook] INFO  com.alibaba.nacos.common.remote.client - Shutdown client event executor java.util.concurrent.ScheduledThreadPoolExecutor@3c9eecd6[Running, pool size = 2, active threads = 2, queued tasks = 0, completed tasks = 0]
2026-08-24 15:19:31.912 [SpringApplicationShutdownHook] INFO  com.alibaba.nacos.common.remote.client - Close current connection 1787545243133_127.0.0.1_64965
2026-08-24 15:19:31.913 [nacos-grpc-client-executor-127.0.0.1-2168] INFO  c.a.nacos.common.remote.client.grpc.GrpcClient - [1787545243133_127.0.0.1_64965]Ignore complete event,isRunning:false,isAbandon=false
2026-08-24 15:19:31.916 [SpringApplicationShutdownHook] INFO  c.a.nacos.common.remote.client.grpc.GrpcClient - Shutdown grpc executor java.util.concurrent.ThreadPoolExecutor@69d49def[Running, pool size = 5, active threads = 0, queued tasks = 0, completed tasks = 2169]
2026-08-24 15:19:31.916 [SpringApplicationShutdownHook] INFO  com.alibaba.nacos.client.naming - Shutdown grpc redo service executor java.util.concurrent.ScheduledThreadPoolExecutor@761dfc26[Running, pool size = 1, active threads = 0, queued tasks = 1, completed tasks = 3568]
2026-08-24 15:19:31.916 [SpringApplicationShutdownHook] INFO  c.a.n.client.auth.ram.identify.CredentialWatcher - [null] CredentialWatcher is stopped
2026-08-24 15:19:31.916 [SpringApplicationShutdownHook] INFO  c.a.n.client.auth.ram.identify.CredentialService - [null] CredentialService is freed
2026-08-24 15:19:31.916 [SpringApplicationShutdownHook] INFO  com.alibaba.nacos.client.naming - com.alibaba.nacos.client.naming.remote.NamingClientProxyDelegate do shutdown stop
2026-08-24 15:38:43.050 [main] WARN  com.alibaba.nacos.client.logging.NacosLogging - Load Logback Configuration of Nacos fail, message: Could not initialize Logback Nacos logging from classpath:nacos-logback.xml
2026-08-24 15:38:43.087 [main] WARN  com.alibaba.nacos.client.logging.NacosLogging - Load Logback Configuration of Nacos fail, message: Could not initialize Logback Nacos logging from classpath:nacos-logback.xml
2026-08-24 15:38:43.094 [main] INFO  com.dyc.xiaohashu.auth.XiaohashuAuthApplication - Starting XiaohashuAuthApplication using Java 17.0.12 with PID 26796 (E:\CodeDir\xiaohashu\xiaohashu-auth\target\classes started by DYC in E:\CodeDir\xiaohashu)
2026-08-24 15:38:43.095 [main] INFO  com.dyc.xiaohashu.auth.XiaohashuAuthApplication - The following 1 profile is active: "dev"
2026-08-24 15:38:43.287 [main] ERROR org.springframework.boot.SpringApplication - Application run failed
java.lang.IllegalStateException: Unable to read meta-data for class config.com.dyc.framework.biz.context.ContextAutoConfiguration
	at org.springframework.boot.autoconfigure.AutoConfigurationSorter$AutoConfigurationClass.getAnnotationMetadata(AutoConfigurationSorter.java:237)
	at org.springframework.boot.autoconfigure.AutoConfigurationSorter$AutoConfigurationClass.getOrder(AutoConfigurationSorter.java:208)
	at org.springframework.boot.autoconfigure.AutoConfigurationSorter.lambda$getInPriorityOrder$0(AutoConfigurationSorter.java:63)
	at java.base/java.util.TimSort.countRunAndMakeAscending(TimSort.java:360)
	at java.base/java.util.TimSort.sort(TimSort.java:234)
	at java.base/java.util.Arrays.sort(Arrays.java:1307)
	at java.base/java.util.ArrayList.sort(ArrayList.java:1721)
	at org.springframework.boot.autoconfigure.AutoConfigurationSorter.getInPriorityOrder(AutoConfigurationSorter.java:62)
	at org.springframework.boot.autoconfigure.AutoConfigurationImportSelector$AutoConfigurationGroup.sortAutoConfigurations(AutoConfigurationImportSelector.java:462)
	at org.springframework.boot.autoconfigure.AutoConfigurationImportSelector$AutoConfigurationGroup.selectImports(AutoConfigurationImportSelector.java:448)
	at org.springframework.context.annotation.ConfigurationClassParser$DeferredImportSelectorGrouping.getImports(ConfigurationClassParser.java:796)
	at org.springframework.context.annotation.ConfigurationClassParser$DeferredImportSelectorGroupingHandler.processGroupImports(ConfigurationClassParser.java:723)
	at org.springframework.context.annotation.ConfigurationClassParser$DeferredImportSelectorHandler.process(ConfigurationClassParser.java:694)
	at org.springframework.context.annotation.ConfigurationClassParser.parse(ConfigurationClassParser.java:182)
	at org.springframework.context.annotation.ConfigurationClassPostProcessor.processConfigBeanDefinitions(ConfigurationClassPostProcessor.java:398)
	at org.springframework.context.annotation.ConfigurationClassPostProcessor.postProcessBeanDefinitionRegistry(ConfigurationClassPostProcessor.java:283)
	at org.springframework.context.support.PostProcessorRegistrationDelegate.invokeBeanDefinitionRegistryPostProcessors(PostProcessorRegistrationDelegate.java:344)
	at org.springframework.context.support.PostProcessorRegistrationDelegate.invokeBeanFactoryPostProcessors(PostProcessorRegistrationDelegate.java:115)
	at org.springframework.context.support.AbstractApplicationContext.invokeBeanFactoryPostProcessors(AbstractApplicationContext.java:745)
	at org.springframework.context.support.AbstractApplicationContext.refresh(AbstractApplicationContext.java:565)
	at org.springframework.boot.web.servlet.context.ServletWebServerApplicationContext.refresh(ServletWebServerApplicationContext.java:146)
	at org.springframework.boot.SpringApplication.refresh(SpringApplication.java:730)
	at org.springframework.boot.SpringApplication.refreshContext(SpringApplication.java:432)
	at org.springframework.boot.SpringApplication.run(SpringApplication.java:308)
	at org.springframework.boot.SpringApplication.run(SpringApplication.java:1302)
	at org.springframework.boot.SpringApplication.run(SpringApplication.java:1291)
	at com.dyc.xiaohashu.auth.XiaohashuAuthApplication.main(XiaohashuAuthApplication.java:15)
Caused by: java.io.FileNotFoundException: class path resource [config/com/dyc/framework/biz/context/ContextAutoConfiguration.class] cannot be opened because it does not exist
	at org.springframework.core.io.ClassPathResource.getInputStream(ClassPathResource.java:211)
	at org.springframework.core.type.classreading.SimpleMetadataReader.getClassReader(SimpleMetadataReader.java:54)
	at org.springframework.core.type.classreading.SimpleMetadataReader.<init>(SimpleMetadataReader.java:48)
	at org.springframework.core.type.classreading.SimpleMetadataReaderFactory.getMetadataReader(SimpleMetadataReaderFactory.java:103)
	at org.springframework.boot.type.classreading.ConcurrentReferenceCachingMetadataReaderFactory.createMetadataReader(ConcurrentReferenceCachingMetadataReaderFactory.java:86)
	at org.springframework.boot.type.classreading.ConcurrentReferenceCachingMetadataReaderFactory.getMetadataReader(ConcurrentReferenceCachingMetadataReaderFactory.java:73)
	at org.springframework.core.type.classreading.SimpleMetadataReaderFactory.getMetadataReader(SimpleMetadataReaderFactory.java:81)
	at org.springframework.boot.autoconfigure.AutoConfigurationSorter$AutoConfigurationClass.getAnnotationMetadata(AutoConfigurationSorter.java:233)
	... 26 common frames omitted
2026-08-24 15:38:51.952 [main] WARN  com.alibaba.nacos.client.logging.NacosLogging - Load Logback Configuration of Nacos fail, message: Could not initialize Logback Nacos logging from classpath:nacos-logback.xml
2026-08-24 15:38:52.004 [main] WARN  com.alibaba.nacos.client.logging.NacosLogging - Load Logback Configuration of Nacos fail, message: Could not initialize Logback Nacos logging from classpath:nacos-logback.xml
2026-08-24 15:38:52.010 [main] INFO  com.dyc.xiaohashu.auth.XiaohashuAuthApplication - Starting XiaohashuAuthApplication using Java 17.0.12 with PID 60608 (E:\CodeDir\xiaohashu\xiaohashu-auth\target\classes started by DYC in E:\CodeDir\xiaohashu)
2026-08-24 15:38:52.012 [main] INFO  com.dyc.xiaohashu.auth.XiaohashuAuthApplication - The following 1 profile is active: "dev"
2026-08-24 15:38:52.209 [main] ERROR org.springframework.boot.SpringApplication - Application run failed
java.lang.IllegalStateException: Unable to read meta-data for class config.com.dyc.framework.biz.context.ContextAutoConfiguration
	at org.springframework.boot.autoconfigure.AutoConfigurationSorter$AutoConfigurationClass.getAnnotationMetadata(AutoConfigurationSorter.java:237)
	at org.springframework.boot.autoconfigure.AutoConfigurationSorter$AutoConfigurationClass.getOrder(AutoConfigurationSorter.java:208)
	at org.springframework.boot.autoconfigure.AutoConfigurationSorter.lambda$getInPriorityOrder$0(AutoConfigurationSorter.java:63)
	at java.base/java.util.TimSort.countRunAndMakeAscending(TimSort.java:360)
	at java.base/java.util.TimSort.sort(TimSort.java:234)
	at java.base/java.util.Arrays.sort(Arrays.java:1307)
	at java.base/java.util.ArrayList.sort(ArrayList.java:1721)
	at org.springframework.boot.autoconfigure.AutoConfigurationSorter.getInPriorityOrder(AutoConfigurationSorter.java:62)
	at org.springframework.boot.autoconfigure.AutoConfigurationImportSelector$AutoConfigurationGroup.sortAutoConfigurations(AutoConfigurationImportSelector.java:462)
	at org.springframework.boot.autoconfigure.AutoConfigurationImportSelector$AutoConfigurationGroup.selectImports(AutoConfigurationImportSelector.java:448)
	at org.springframework.context.annotation.ConfigurationClassParser$DeferredImportSelectorGrouping.getImports(ConfigurationClassParser.java:796)
	at org.springframework.context.annotation.ConfigurationClassParser$DeferredImportSelectorGroupingHandler.processGroupImports(ConfigurationClassParser.java:723)
	at org.springframework.context.annotation.ConfigurationClassParser$DeferredImportSelectorHandler.process(ConfigurationClassParser.java:694)
	at org.springframework.context.annotation.ConfigurationClassParser.parse(ConfigurationClassParser.java:182)
	at org.springframework.context.annotation.ConfigurationClassPostProcessor.processConfigBeanDefinitions(ConfigurationClassPostProcessor.java:398)
	at org.springframework.context.annotation.ConfigurationClassPostProcessor.postProcessBeanDefinitionRegistry(ConfigurationClassPostProcessor.java:283)
	at org.springframework.context.support.PostProcessorRegistrationDelegate.invokeBeanDefinitionRegistryPostProcessors(PostProcessorRegistrationDelegate.java:344)
	at org.springframework.context.support.PostProcessorRegistrationDelegate.invokeBeanFactoryPostProcessors(PostProcessorRegistrationDelegate.java:115)
	at org.springframework.context.support.AbstractApplicationContext.invokeBeanFactoryPostProcessors(AbstractApplicationContext.java:745)
	at org.springframework.context.support.AbstractApplicationContext.refresh(AbstractApplicationContext.java:565)
	at org.springframework.boot.web.servlet.context.ServletWebServerApplicationContext.refresh(ServletWebServerApplicationContext.java:146)
	at org.springframework.boot.SpringApplication.refresh(SpringApplication.java:730)
	at org.springframework.boot.SpringApplication.refreshContext(SpringApplication.java:432)
	at org.springframework.boot.SpringApplication.run(SpringApplication.java:308)
	at org.springframework.boot.SpringApplication.run(SpringApplication.java:1302)
	at org.springframework.boot.SpringApplication.run(SpringApplication.java:1291)
	at com.dyc.xiaohashu.auth.XiaohashuAuthApplication.main(XiaohashuAuthApplication.java:15)
Caused by: java.io.FileNotFoundException: class path resource [config/com/dyc/framework/biz/context/ContextAutoConfiguration.class] cannot be opened because it does not exist
	at org.springframework.core.io.ClassPathResource.getInputStream(ClassPathResource.java:211)
	at org.springframework.core.type.classreading.SimpleMetadataReader.getClassReader(SimpleMetadataReader.java:54)
	at org.springframework.core.type.classreading.SimpleMetadataReader.<init>(SimpleMetadataReader.java:48)
	at org.springframework.core.type.classreading.SimpleMetadataReaderFactory.getMetadataReader(SimpleMetadataReaderFactory.java:103)
	at org.springframework.boot.type.classreading.ConcurrentReferenceCachingMetadataReaderFactory.createMetadataReader(ConcurrentReferenceCachingMetadataReaderFactory.java:86)
	at org.springframework.boot.type.classreading.ConcurrentReferenceCachingMetadataReaderFactory.getMetadataReader(ConcurrentReferenceCachingMetadataReaderFactory.java:73)
	at org.springframework.core.type.classreading.SimpleMetadataReaderFactory.getMetadataReader(SimpleMetadataReaderFactory.java:81)
	at org.springframework.boot.autoconfigure.AutoConfigurationSorter$AutoConfigurationClass.getAnnotationMetadata(AutoConfigurationSorter.java:233)
	... 26 common frames omitted
2026-08-24 15:40:32.489 [main] WARN  com.alibaba.nacos.client.logging.NacosLogging - Load Logback Configuration of Nacos fail, message: Could not initialize Logback Nacos logging from classpath:nacos-logback.xml
2026-08-24 15:40:32.527 [main] WARN  com.alibaba.nacos.client.logging.NacosLogging - Load Logback Configuration of Nacos fail, message: Could not initialize Logback Nacos logging from classpath:nacos-logback.xml
2026-08-24 15:40:32.533 [main] INFO  com.dyc.xiaohashu.auth.XiaohashuAuthApplication - Starting XiaohashuAuthApplication using Java 17.0.12 with PID 51212 (E:\CodeDir\xiaohashu\xiaohashu-auth\target\classes started by DYC in E:\CodeDir\xiaohashu)
2026-08-24 15:40:32.534 [main] INFO  com.dyc.xiaohashu.auth.XiaohashuAuthApplication - The following 1 profile is active: "dev"
2026-08-24 15:40:33.018 [main] INFO  o.s.d.r.config.RepositoryConfigurationDelegate - Multiple Spring Data modules found, entering strict repository configuration mode
2026-08-24 15:40:33.021 [main] INFO  o.s.d.r.config.RepositoryConfigurationDelegate - Bootstrapping Spring Data Redis repositories in DEFAULT mode.
2026-08-24 15:40:33.043 [main] INFO  o.s.d.r.config.RepositoryConfigurationDelegate - Finished Spring Data repository scanning in 9 ms. Found 0 Redis repository interfaces.
2026-08-24 15:40:33.126 [main] WARN  org.mybatis.spring.mapper.ClassPathMapperScanner - No MyBatis mapper was found in '[com.dyc.xiaohashu.auth.domain.mapper]' package. Please check your configuration.
2026-08-24 15:40:33.164 [main] INFO  o.springframework.cloud.context.scope.GenericScope - BeanFactory id=618761ce-92c7-3027-ae61-c37df156cecb
2026-08-24 15:40:33.188 [main] INFO  o.s.c.s.PostProcessorRegistrationDelegate$BeanPostProcessorChecker - Bean 'com.dyc.xiaohashu.user.api.UserFeignApi' of type [org.springframework.cloud.openfeign.FeignClientFactoryBean] is not eligible for getting processed by all BeanPostProcessors (for example: not eligible for auto-proxying)
2026-08-24 15:40:33.494 [main] INFO  o.s.boot.web.embedded.tomcat.TomcatWebServer - Tomcat initialized with port(s): 8081 (http)
2026-08-24 15:40:33.502 [main] INFO  org.apache.catalina.core.StandardService - Starting service [Tomcat]
2026-08-24 15:40:33.502 [main] INFO  org.apache.catalina.core.StandardEngine - Starting Servlet engine: [Apache Tomcat/10.1.5]
2026-08-24 15:40:33.564 [main] INFO  o.a.c.core.ContainerBase.[Tomcat].[localhost].[/] - Initializing Spring embedded WebApplicationContext
2026-08-24 15:40:33.564 [main] INFO  o.s.b.w.s.c.ServletWebServerApplicationContext - Root WebApplicationContext: initialization completed in 999 ms
2026-08-24 15:40:33.693 [main] INFO  o.s.cloud.openfeign.FeignClientFactoryBean - For 'xiaohashu-user' URL not provided. Will try picking an instance via load-balancing.
2026-08-24 15:40:33.910 [main] WARN  o.s.b.w.s.c.AnnotationConfigServletWebServerApplicationContext - Exception encountered during context initialization - cancelling refresh attempt: org.springframework.beans.factory.BeanCreationException: Error creating bean with name 'authController': Injection of resource dependencies failed
2026-08-24 15:40:33.919 [main] INFO  org.apache.catalina.core.StandardService - Stopping service [Tomcat]
2026-08-24 15:40:33.936 [main] INFO  o.s.b.a.logging.ConditionEvaluationReportLogger - 

Error starting ApplicationContext. To display the condition evaluation report re-run your application with 'debug' enabled.
2026-08-24 15:40:33.946 [main] ERROR o.s.b.diagnostics.LoggingFailureAnalysisReporter - 

***************************
APPLICATION FAILED TO START
***************************

Description:

The dependencies of some of the beans in the application context form a cycle:

   authController
┌─────┐
|  authServiceImpl (field private com.dyc.xiaohashu.auth.service.AuthService com.dyc.xiaohashu.auth.service.AuthServiceImpl.authService)
└─────┘


Action:

Relying upon circular references is discouraged and they are prohibited by default. Update your application to remove the dependency cycle between beans. As a last resort, it may be possible to break the cycle automatically by setting spring.main.allow-circular-references to true.

2026-08-24 15:41:01.406 [main] WARN  com.alibaba.nacos.client.logging.NacosLogging - Load Logback Configuration of Nacos fail, message: Could not initialize Logback Nacos logging from classpath:nacos-logback.xml
2026-08-24 15:41:01.439 [main] WARN  com.alibaba.nacos.client.logging.NacosLogging - Load Logback Configuration of Nacos fail, message: Could not initialize Logback Nacos logging from classpath:nacos-logback.xml
2026-08-24 15:41:01.445 [main] INFO  com.dyc.xiaohashu.auth.XiaohashuAuthApplication - Starting XiaohashuAuthApplication using Java 17.0.12 with PID 29544 (E:\CodeDir\xiaohashu\xiaohashu-auth\target\classes started by DYC in E:\CodeDir\xiaohashu)
2026-08-24 15:41:01.445 [main] INFO  com.dyc.xiaohashu.auth.XiaohashuAuthApplication - The following 1 profile is active: "dev"
2026-08-24 15:41:01.853 [main] INFO  o.s.d.r.config.RepositoryConfigurationDelegate - Multiple Spring Data modules found, entering strict repository configuration mode
2026-08-24 15:41:01.855 [main] INFO  o.s.d.r.config.RepositoryConfigurationDelegate - Bootstrapping Spring Data Redis repositories in DEFAULT mode.
2026-08-24 15:41:01.871 [main] INFO  o.s.d.r.config.RepositoryConfigurationDelegate - Finished Spring Data repository scanning in 7 ms. Found 0 Redis repository interfaces.
2026-08-24 15:41:01.944 [main] WARN  org.mybatis.spring.mapper.ClassPathMapperScanner - No MyBatis mapper was found in '[com.dyc.xiaohashu.auth.domain.mapper]' package. Please check your configuration.
2026-08-24 15:41:01.979 [main] INFO  o.springframework.cloud.context.scope.GenericScope - BeanFactory id=618761ce-92c7-3027-ae61-c37df156cecb
2026-08-24 15:41:02.007 [main] INFO  o.s.c.s.PostProcessorRegistrationDelegate$BeanPostProcessorChecker - Bean 'com.dyc.xiaohashu.user.api.UserFeignApi' of type [org.springframework.cloud.openfeign.FeignClientFactoryBean] is not eligible for getting processed by all BeanPostProcessors (for example: not eligible for auto-proxying)
2026-08-24 15:41:02.275 [main] INFO  o.s.boot.web.embedded.tomcat.TomcatWebServer - Tomcat initialized with port(s): 8081 (http)
2026-08-24 15:41:02.280 [main] INFO  org.apache.catalina.core.StandardService - Starting service [Tomcat]
2026-08-24 15:41:02.281 [main] INFO  org.apache.catalina.core.StandardEngine - Starting Servlet engine: [Apache Tomcat/10.1.5]
2026-08-24 15:41:02.331 [main] INFO  o.a.c.core.ContainerBase.[Tomcat].[localhost].[/] - Initializing Spring embedded WebApplicationContext
2026-08-24 15:41:02.331 [main] INFO  o.s.b.w.s.c.ServletWebServerApplicationContext - Root WebApplicationContext: initialization completed in 860 ms
2026-08-24 15:41:02.446 [main] INFO  o.s.cloud.openfeign.FeignClientFactoryBean - For 'xiaohashu-user' URL not provided. Will try picking an instance via load-balancing.
2026-08-24 15:41:02.774 [main] WARN  com.alibaba.nacos.client.logging.NacosLogging - Load Logback Configuration of Nacos fail, message: Could not initialize Logback Nacos logging from classpath:nacos-logback.xml
2026-08-24 15:41:02.775 [main] INFO  com.alibaba.nacos.client.utils.ParamUtil - [settings] [req-serv] nacos-server port:8848
2026-08-24 15:41:02.775 [main] INFO  com.alibaba.nacos.client.utils.ParamUtil - [settings] [http-client] connect timeout:1000
2026-08-24 15:41:02.776 [main] INFO  com.alibaba.nacos.client.utils.ParamUtil - PER_TASK_CONFIG_SIZE: 3000.0
2026-08-24 15:41:02.793 [main] INFO  c.a.n.p.auth.spi.client.ClientAuthPluginManager - [ClientAuthPluginManager] Load ClientAuthService com.alibaba.nacos.client.auth.impl.NacosClientAuthServiceImpl success.
2026-08-24 15:41:02.793 [main] INFO  c.a.n.p.auth.spi.client.ClientAuthPluginManager - [ClientAuthPluginManager] Load ClientAuthService com.alibaba.nacos.client.auth.ram.RamClientAuthServiceImpl success.
2026-08-24 15:41:02.795 [main] INFO  c.a.n.client.auth.ram.identify.CredentialWatcher - null No credential found
2026-08-24 15:41:15.298 [main] INFO  c.a.d.s.b.a.DruidDataSourceAutoConfigure - Init DruidDataSource
2026-08-24 15:41:15.539 [main] INFO  com.alibaba.druid.pool.DruidDataSource - {dataSource-1} inited
2026-08-24 15:41:15.804 [main] WARN  o.s.c.l.c.LoadBalancerCacheAutoConfiguration$LoadBalancerCaffeineWarnLogger - Spring Cloud LoadBalancer is currently working with the default cache. While this cache implementation is useful for development and tests, it's recommended to use Caffeine cache in production.You can switch to using Caffeine cache, by adding it and org.springframework.cache.caffeine.CaffeineCacheManager to the classpath.
2026-08-24 15:41:15.853 [main] INFO  o.s.boot.web.embedded.tomcat.TomcatWebServer - Tomcat started on port(s): 8081 (http) with context path ''
2026-08-24 15:41:15.856 [main] INFO  com.alibaba.nacos.client.naming - initializer namespace from ans.namespace attribute : null
2026-08-24 15:41:15.856 [main] INFO  com.alibaba.nacos.client.naming - initializer namespace from ALIBABA_ALIWARE_NAMESPACE attribute :null
2026-08-24 15:41:15.857 [main] INFO  com.alibaba.nacos.client.naming - initializer namespace from namespace attribute :null
2026-08-24 15:41:15.867 [main] INFO  c.a.n.p.auth.spi.client.ClientAuthPluginManager - [ClientAuthPluginManager] Load ClientAuthService com.alibaba.nacos.client.auth.impl.NacosClientAuthServiceImpl success.
2026-08-24 15:41:15.867 [main] INFO  c.a.n.p.auth.spi.client.ClientAuthPluginManager - [ClientAuthPluginManager] Load ClientAuthService com.alibaba.nacos.client.auth.ram.RamClientAuthServiceImpl success.
2026-08-24 15:41:15.875 [main] INFO  com.alibaba.nacos.common.remote.client - [RpcClientFactory] create a new rpc client of 1d0da568-76ff-402a-8a7d-efd05336b828
2026-08-24 15:41:15.890 [main] INFO  com.alibaba.nacos.common.remote.client - [1d0da568-76ff-402a-8a7d-efd05336b828] RpcClient init, ServerListFactory = com.alibaba.nacos.client.naming.core.ServerListManager
2026-08-24 15:41:15.890 [main] INFO  com.alibaba.nacos.common.remote.client - [1d0da568-76ff-402a-8a7d-efd05336b828] Registry connection listener to current client:com.alibaba.nacos.client.naming.remote.gprc.redo.NamingGrpcRedoService
2026-08-24 15:41:15.890 [main] INFO  com.alibaba.nacos.common.remote.client - [1d0da568-76ff-402a-8a7d-efd05336b828] Register server push request handler:com.alibaba.nacos.client.naming.remote.gprc.NamingPushRequestHandler
2026-08-24 15:41:15.891 [main] INFO  com.alibaba.nacos.common.remote.client - [1d0da568-76ff-402a-8a7d-efd05336b828] Try to connect to server on start up, server: {serverIp = '127.0.0.1', server main port = 8848}
2026-08-24 15:41:15.909 [main] INFO  c.a.nacos.common.remote.client.grpc.GrpcClient - grpc client connection server:127.0.0.1 ip,serverPort:9848,grpcTslConfig:{"sslProvider":"OPENSSL","enableTls":false,"mutualAuthEnable":false,"trustAll":false}
2026-08-24 15:41:16.582 [main] ERROR c.a.nacos.common.remote.client.grpc.GrpcClient - Server check fail, please check server 127.0.0.1 ,port 9848 is available , error ={}
java.util.concurrent.ExecutionException: com.alibaba.nacos.shaded.io.grpc.StatusRuntimeException: UNAVAILABLE: io exception
	at com.alibaba.nacos.shaded.com.google.common.util.concurrent.AbstractFuture.getDoneValue(AbstractFuture.java:566)
	at com.alibaba.nacos.shaded.com.google.common.util.concurrent.AbstractFuture.get(AbstractFuture.java:445)
	at com.alibaba.nacos.common.remote.client.grpc.GrpcClient.serverCheck(GrpcClient.java:218)
	at com.alibaba.nacos.common.remote.client.grpc.GrpcClient.connectToServer(GrpcClient.java:329)
	at com.alibaba.nacos.common.remote.client.RpcClient.start(RpcClient.java:363)
	at com.alibaba.nacos.client.naming.remote.gprc.NamingGrpcClientProxy.start(NamingGrpcClientProxy.java:105)
	at com.alibaba.nacos.client.naming.remote.gprc.NamingGrpcClientProxy.<init>(NamingGrpcClientProxy.java:98)
	at com.alibaba.nacos.client.naming.remote.NamingClientProxyDelegate.<init>(NamingClientProxyDelegate.java:78)
	at com.alibaba.nacos.client.naming.NacosNamingService.init(NacosNamingService.java:102)
	at com.alibaba.nacos.client.naming.NacosNamingService.<init>(NacosNamingService.java:85)
	at java.base/jdk.internal.reflect.NativeConstructorAccessorImpl.newInstance0(Native Method)
	at java.base/jdk.internal.reflect.NativeConstructorAccessorImpl.newInstance(NativeConstructorAccessorImpl.java:77)
	at java.base/jdk.internal.reflect.DelegatingConstructorAccessorImpl.newInstance(DelegatingConstructorAccessorImpl.java:45)
	at java.base/java.lang.reflect.Constructor.newInstanceWithCaller(Constructor.java:499)
	at java.base/java.lang.reflect.Constructor.newInstance(Constructor.java:480)
	at com.alibaba.nacos.api.naming.NamingFactory.createNamingService(NamingFactory.java:59)
	at com.alibaba.nacos.api.NacosFactory.createNamingService(NacosFactory.java:77)
	at com.alibaba.cloud.nacos.NacosServiceManager.createNewNamingService(NacosServiceManager.java:99)
	at com.alibaba.cloud.nacos.NacosServiceManager.buildNamingService(NacosServiceManager.java:90)
	at com.alibaba.cloud.nacos.NacosServiceManager.getNamingService(NacosServiceManager.java:46)
	at com.alibaba.cloud.nacos.registry.NacosServiceRegistry.namingService(NacosServiceRegistry.java:193)
	at com.alibaba.cloud.nacos.registry.NacosServiceRegistry.register(NacosServiceRegistry.java:68)
	at org.springframework.cloud.client.serviceregistry.AbstractAutoServiceRegistration.register(AbstractAutoServiceRegistration.java:264)
	at com.alibaba.cloud.nacos.registry.NacosAutoServiceRegistration.register(NacosAutoServiceRegistration.java:78)
	at org.springframework.cloud.client.serviceregistry.AbstractAutoServiceRegistration.start(AbstractAutoServiceRegistration.java:156)
	at org.springframework.cloud.client.serviceregistry.AbstractAutoServiceRegistration.onApplicationEvent(AbstractAutoServiceRegistration.java:119)
	at org.springframework.cloud.client.serviceregistry.AbstractAutoServiceRegistration.onApplicationEvent(AbstractAutoServiceRegistration.java:49)
	at org.springframework.context.event.SimpleApplicationEventMulticaster.doInvokeListener(SimpleApplicationEventMulticaster.java:176)
	at org.springframework.context.event.SimpleApplicationEventMulticaster.invokeListener(SimpleApplicationEventMulticaster.java:169)
	at org.springframework.context.event.SimpleApplicationEventMulticaster.multicastEvent(SimpleApplicationEventMulticaster.java:143)
	at org.springframework.context.support.AbstractApplicationContext.publishEvent(AbstractApplicationContext.java:413)
	at org.springframework.context.support.AbstractApplicationContext.publishEvent(AbstractApplicationContext.java:370)
	at org.springframework.boot.web.servlet.context.WebServerStartStopLifecycle.start(WebServerStartStopLifecycle.java:47)
	at org.springframework.context.support.DefaultLifecycleProcessor.doStart(DefaultLifecycleProcessor.java:178)
	at org.springframework.context.support.DefaultLifecycleProcessor$LifecycleGroup.start(DefaultLifecycleProcessor.java:356)
	at java.base/java.lang.Iterable.forEach(Iterable.java:75)
	at org.springframework.context.support.DefaultLifecycleProcessor.startBeans(DefaultLifecycleProcessor.java:155)
	at org.springframework.context.support.DefaultLifecycleProcessor.onRefresh(DefaultLifecycleProcessor.java:123)
	at org.springframework.context.support.AbstractApplicationContext.finishRefresh(AbstractApplicationContext.java:932)
	at org.springframework.context.support.AbstractApplicationContext.refresh(AbstractApplicationContext.java:587)
	at org.springframework.boot.web.servlet.context.ServletWebServerApplicationContext.refresh(ServletWebServerApplicationContext.java:146)
	at org.springframework.boot.SpringApplication.refresh(SpringApplication.java:730)
	at org.springframework.boot.SpringApplication.refreshContext(SpringApplication.java:432)
	at org.springframework.boot.SpringApplication.run(SpringApplication.java:308)
	at org.springframework.boot.SpringApplication.run(SpringApplication.java:1302)
	at org.springframework.boot.SpringApplication.run(SpringApplication.java:1291)
	at com.dyc.xiaohashu.auth.XiaohashuAuthApplication.main(XiaohashuAuthApplication.java:15)
Caused by: com.alibaba.nacos.shaded.io.grpc.StatusRuntimeException: UNAVAILABLE: io exception
	at com.alibaba.nacos.shaded.io.grpc.Status.asRuntimeException(Status.java:539)
	at com.alibaba.nacos.shaded.io.grpc.stub.ClientCalls$UnaryStreamToFuture.onClose(ClientCalls.java:544)
	at com.alibaba.nacos.shaded.io.grpc.internal.DelayedClientCall$DelayedListener$3.run(DelayedClientCall.java:471)
	at com.alibaba.nacos.shaded.io.grpc.internal.DelayedClientCall$DelayedListener.delayOrExecute(DelayedClientCall.java:435)
	at com.alibaba.nacos.shaded.io.grpc.internal.DelayedClientCall$DelayedListener.onClose(DelayedClientCall.java:468)
	at com.alibaba.nacos.shaded.io.grpc.internal.ClientCallImpl.closeObserver(ClientCallImpl.java:563)
	at com.alibaba.nacos.shaded.io.grpc.internal.ClientCallImpl.access$300(ClientCallImpl.java:70)
	at com.alibaba.nacos.shaded.io.grpc.internal.ClientCallImpl$ClientStreamListenerImpl$1StreamClosed.runInternal(ClientCallImpl.java:744)
	at com.alibaba.nacos.shaded.io.grpc.internal.ClientCallImpl$ClientStreamListenerImpl$1StreamClosed.runInContext(ClientCallImpl.java:723)
	at com.alibaba.nacos.shaded.io.grpc.internal.ContextRunnable.run(ContextRunnable.java:37)
	at com.alibaba.nacos.shaded.io.grpc.internal.SerializingExecutor.run(SerializingExecutor.java:133)
	at java.base/java.util.concurrent.ThreadPoolExecutor.runWorker(ThreadPoolExecutor.java:1136)
	at java.base/java.util.concurrent.ThreadPoolExecutor$Worker.run(ThreadPoolExecutor.java:635)
	at java.base/java.lang.Thread.run(Thread.java:842)
Caused by: com.alibaba.nacos.shaded.io.grpc.netty.shaded.io.netty.channel.AbstractChannel$AnnotatedConnectException: Connection refused: no further information: /127.0.0.1:9848
Caused by: java.net.ConnectException: Connection refused: no further information
	at java.base/sun.nio.ch.Net.pollConnect(Native Method)
	at java.base/sun.nio.ch.Net.pollConnectNow(Net.java:672)
	at java.base/sun.nio.ch.SocketChannelImpl.finishConnect(SocketChannelImpl.java:946)
	at com.alibaba.nacos.shaded.io.grpc.netty.shaded.io.netty.channel.socket.nio.NioSocketChannel.doFinishConnect(NioSocketChannel.java:337)
	at com.alibaba.nacos.shaded.io.grpc.netty.shaded.io.netty.channel.nio.AbstractNioChannel$AbstractNioUnsafe.finishConnect(AbstractNioChannel.java:334)
	at com.alibaba.nacos.shaded.io.grpc.netty.shaded.io.netty.channel.nio.NioEventLoop.processSelectedKey(NioEventLoop.java:710)
	at com.alibaba.nacos.shaded.io.grpc.netty.shaded.io.netty.channel.nio.NioEventLoop.processSelectedKeysOptimized(NioEventLoop.java:658)
	at com.alibaba.nacos.shaded.io.grpc.netty.shaded.io.netty.channel.nio.NioEventLoop.processSelectedKeys(NioEventLoop.java:584)
	at com.alibaba.nacos.shaded.io.grpc.netty.shaded.io.netty.channel.nio.NioEventLoop.run(NioEventLoop.java:496)
	at com.alibaba.nacos.shaded.io.grpc.netty.shaded.io.netty.util.concurrent.SingleThreadEventExecutor$4.run(SingleThreadEventExecutor.java:997)
	at com.alibaba.nacos.shaded.io.grpc.netty.shaded.io.netty.util.internal.ThreadExecutorMap$2.run(ThreadExecutorMap.java:74)
	at com.alibaba.nacos.shaded.io.grpc.netty.shaded.io.netty.util.concurrent.FastThreadLocalRunnable.run(FastThreadLocalRunnable.java:30)
	at java.base/java.lang.Thread.run(Thread.java:842)
2026-08-24 15:41:16.585 [main] INFO  com.alibaba.nacos.common.remote.client - [1d0da568-76ff-402a-8a7d-efd05336b828] Try to connect to server on start up, server: {serverIp = '127.0.0.1', server main port = 8848}
2026-08-24 15:41:16.585 [main] INFO  c.a.nacos.common.remote.client.grpc.GrpcClient - grpc client connection server:127.0.0.1 ip,serverPort:9848,grpcTslConfig:{"sslProvider":"OPENSSL","enableTls":false,"mutualAuthEnable":false,"trustAll":false}
2026-08-24 15:41:16.589 [main] ERROR c.a.nacos.common.remote.client.grpc.GrpcClient - Server check fail, please check server 127.0.0.1 ,port 9848 is available , error ={}
java.util.concurrent.ExecutionException: com.alibaba.nacos.shaded.io.grpc.StatusRuntimeException: UNAVAILABLE: io exception
	at com.alibaba.nacos.shaded.com.google.common.util.concurrent.AbstractFuture.getDoneValue(AbstractFuture.java:566)
	at com.alibaba.nacos.shaded.com.google.common.util.concurrent.AbstractFuture.get(AbstractFuture.java:445)
	at com.alibaba.nacos.common.remote.client.grpc.GrpcClient.serverCheck(GrpcClient.java:218)
	at com.alibaba.nacos.common.remote.client.grpc.GrpcClient.connectToServer(GrpcClient.java:329)
	at com.alibaba.nacos.common.remote.client.RpcClient.start(RpcClient.java:363)
	at com.alibaba.nacos.client.naming.remote.gprc.NamingGrpcClientProxy.start(NamingGrpcClientProxy.java:105)
	at com.alibaba.nacos.client.naming.remote.gprc.NamingGrpcClientProxy.<init>(NamingGrpcClientProxy.java:98)
	at com.alibaba.nacos.client.naming.remote.NamingClientProxyDelegate.<init>(NamingClientProxyDelegate.java:78)
	at com.alibaba.nacos.client.naming.NacosNamingService.init(NacosNamingService.java:102)
	at com.alibaba.nacos.client.naming.NacosNamingService.<init>(NacosNamingService.java:85)
	at java.base/jdk.internal.reflect.NativeConstructorAccessorImpl.newInstance0(Native Method)
	at java.base/jdk.internal.reflect.NativeConstructorAccessorImpl.newInstance(NativeConstructorAccessorImpl.java:77)
	at java.base/jdk.internal.reflect.DelegatingConstructorAccessorImpl.newInstance(DelegatingConstructorAccessorImpl.java:45)
	at java.base/java.lang.reflect.Constructor.newInstanceWithCaller(Constructor.java:499)
	at java.base/java.lang.reflect.Constructor.newInstance(Constructor.java:480)
	at com.alibaba.nacos.api.naming.NamingFactory.createNamingService(NamingFactory.java:59)
	at com.alibaba.nacos.api.NacosFactory.createNamingService(NacosFactory.java:77)
	at com.alibaba.cloud.nacos.NacosServiceManager.createNewNamingService(NacosServiceManager.java:99)
	at com.alibaba.cloud.nacos.NacosServiceManager.buildNamingService(NacosServiceManager.java:90)
	at com.alibaba.cloud.nacos.NacosServiceManager.getNamingService(NacosServiceManager.java:46)
	at com.alibaba.cloud.nacos.registry.NacosServiceRegistry.namingService(NacosServiceRegistry.java:193)
	at com.alibaba.cloud.nacos.registry.NacosServiceRegistry.register(NacosServiceRegistry.java:68)
	at org.springframework.cloud.client.serviceregistry.AbstractAutoServiceRegistration.register(AbstractAutoServiceRegistration.java:264)
	at com.alibaba.cloud.nacos.registry.NacosAutoServiceRegistration.register(NacosAutoServiceRegistration.java:78)
	at org.springframework.cloud.client.serviceregistry.AbstractAutoServiceRegistration.start(AbstractAutoServiceRegistration.java:156)
	at org.springframework.cloud.client.serviceregistry.AbstractAutoServiceRegistration.onApplicationEvent(AbstractAutoServiceRegistration.java:119)
	at org.springframework.cloud.client.serviceregistry.AbstractAutoServiceRegistration.onApplicationEvent(AbstractAutoServiceRegistration.java:49)
	at org.springframework.context.event.SimpleApplicationEventMulticaster.doInvokeListener(SimpleApplicationEventMulticaster.java:176)
	at org.springframework.context.event.SimpleApplicationEventMulticaster.invokeListener(SimpleApplicationEventMulticaster.java:169)
	at org.springframework.context.event.SimpleApplicationEventMulticaster.multicastEvent(SimpleApplicationEventMulticaster.java:143)
	at org.springframework.context.support.AbstractApplicationContext.publishEvent(AbstractApplicationContext.java:413)
	at org.springframework.context.support.AbstractApplicationContext.publishEvent(AbstractApplicationContext.java:370)
	at org.springframework.boot.web.servlet.context.WebServerStartStopLifecycle.start(WebServerStartStopLifecycle.java:47)
	at org.springframework.context.support.DefaultLifecycleProcessor.doStart(DefaultLifecycleProcessor.java:178)
	at org.springframework.context.support.DefaultLifecycleProcessor$LifecycleGroup.start(DefaultLifecycleProcessor.java:356)
	at java.base/java.lang.Iterable.forEach(Iterable.java:75)
	at org.springframework.context.support.DefaultLifecycleProcessor.startBeans(DefaultLifecycleProcessor.java:155)
	at org.springframework.context.support.DefaultLifecycleProcessor.onRefresh(DefaultLifecycleProcessor.java:123)
	at org.springframework.context.support.AbstractApplicationContext.finishRefresh(AbstractApplicationContext.java:932)
	at org.springframework.context.support.AbstractApplicationContext.refresh(AbstractApplicationContext.java:587)
	at org.springframework.boot.web.servlet.context.ServletWebServerApplicationContext.refresh(ServletWebServerApplicationContext.java:146)
	at org.springframework.boot.SpringApplication.refresh(SpringApplication.java:730)
	at org.springframework.boot.SpringApplication.refreshContext(SpringApplication.java:432)
	at org.springframework.boot.SpringApplication.run(SpringApplication.java:308)
	at org.springframework.boot.SpringApplication.run(SpringApplication.java:1302)
	at org.springframework.boot.SpringApplication.run(SpringApplication.java:1291)
	at com.dyc.xiaohashu.auth.XiaohashuAuthApplication.main(XiaohashuAuthApplication.java:15)
Caused by: com.alibaba.nacos.shaded.io.grpc.StatusRuntimeException: UNAVAILABLE: io exception
	at com.alibaba.nacos.shaded.io.grpc.Status.asRuntimeException(Status.java:539)
	at com.alibaba.nacos.shaded.io.grpc.stub.ClientCalls$UnaryStreamToFuture.onClose(ClientCalls.java:544)
	at com.alibaba.nacos.shaded.io.grpc.internal.DelayedClientCall$DelayedListener$3.run(DelayedClientCall.java:471)
	at com.alibaba.nacos.shaded.io.grpc.internal.DelayedClientCall$DelayedListener.delayOrExecute(DelayedClientCall.java:435)
	at com.alibaba.nacos.shaded.io.grpc.internal.DelayedClientCall$DelayedListener.onClose(DelayedClientCall.java:468)
	at com.alibaba.nacos.shaded.io.grpc.internal.ClientCallImpl.closeObserver(ClientCallImpl.java:563)
	at com.alibaba.nacos.shaded.io.grpc.internal.ClientCallImpl.access$300(ClientCallImpl.java:70)
	at com.alibaba.nacos.shaded.io.grpc.internal.ClientCallImpl$ClientStreamListenerImpl$1StreamClosed.runInternal(ClientCallImpl.java:744)
	at com.alibaba.nacos.shaded.io.grpc.internal.ClientCallImpl$ClientStreamListenerImpl$1StreamClosed.runInContext(ClientCallImpl.java:723)
	at com.alibaba.nacos.shaded.io.grpc.internal.ContextRunnable.run(ContextRunnable.java:37)
	at com.alibaba.nacos.shaded.io.grpc.internal.SerializingExecutor.run(SerializingExecutor.java:133)
	at java.base/java.util.concurrent.ThreadPoolExecutor.runWorker(ThreadPoolExecutor.java:1136)
	at java.base/java.util.concurrent.ThreadPoolExecutor$Worker.run(ThreadPoolExecutor.java:635)
	at java.base/java.lang.Thread.run(Thread.java:842)
Caused by: com.alibaba.nacos.shaded.io.grpc.netty.shaded.io.netty.channel.AbstractChannel$AnnotatedConnectException: Connection refused: no further information: /127.0.0.1:9848
Caused by: java.net.ConnectException: Connection refused: no further information
	at java.base/sun.nio.ch.Net.pollConnect(Native Method)
	at java.base/sun.nio.ch.Net.pollConnectNow(Net.java:672)
	at java.base/sun.nio.ch.SocketChannelImpl.finishConnect(SocketChannelImpl.java:946)
	at com.alibaba.nacos.shaded.io.grpc.netty.shaded.io.netty.channel.socket.nio.NioSocketChannel.doFinishConnect(NioSocketChannel.java:337)
	at com.alibaba.nacos.shaded.io.grpc.netty.shaded.io.netty.channel.nio.AbstractNioChannel$AbstractNioUnsafe.finishConnect(AbstractNioChannel.java:334)
	at com.alibaba.nacos.shaded.io.grpc.netty.shaded.io.netty.channel.nio.NioEventLoop.processSelectedKey(NioEventLoop.java:710)
	at com.alibaba.nacos.shaded.io.grpc.netty.shaded.io.netty.channel.nio.NioEventLoop.processSelectedKeysOptimized(NioEventLoop.java:658)
	at com.alibaba.nacos.shaded.io.grpc.netty.shaded.io.netty.channel.nio.NioEventLoop.processSelectedKeys(NioEventLoop.java:584)
	at com.alibaba.nacos.shaded.io.grpc.netty.shaded.io.netty.channel.nio.NioEventLoop.run(NioEventLoop.java:496)
	at com.alibaba.nacos.shaded.io.grpc.netty.shaded.io.netty.util.concurrent.SingleThreadEventExecutor$4.run(SingleThreadEventExecutor.java:997)
	at com.alibaba.nacos.shaded.io.grpc.netty.shaded.io.netty.util.internal.ThreadExecutorMap$2.run(ThreadExecutorMap.java:74)
	at com.alibaba.nacos.shaded.io.grpc.netty.shaded.io.netty.util.concurrent.FastThreadLocalRunnable.run(FastThreadLocalRunnable.java:30)
	at java.base/java.lang.Thread.run(Thread.java:842)
2026-08-24 15:41:16.589 [main] INFO  com.alibaba.nacos.common.remote.client - [1d0da568-76ff-402a-8a7d-efd05336b828] Try to connect to server on start up, server: {serverIp = '127.0.0.1', server main port = 8848}
2026-08-24 15:41:16.589 [main] INFO  c.a.nacos.common.remote.client.grpc.GrpcClient - grpc client connection server:127.0.0.1 ip,serverPort:9848,grpcTslConfig:{"sslProvider":"OPENSSL","enableTls":false,"mutualAuthEnable":false,"trustAll":false}
2026-08-24 15:41:16.592 [main] ERROR c.a.nacos.common.remote.client.grpc.GrpcClient - Server check fail, please check server 127.0.0.1 ,port 9848 is available , error ={}
java.util.concurrent.ExecutionException: com.alibaba.nacos.shaded.io.grpc.StatusRuntimeException: UNAVAILABLE: io exception
	at com.alibaba.nacos.shaded.com.google.common.util.concurrent.AbstractFuture.getDoneValue(AbstractFuture.java:566)
	at com.alibaba.nacos.shaded.com.google.common.util.concurrent.AbstractFuture.get(AbstractFuture.java:445)
	at com.alibaba.nacos.common.remote.client.grpc.GrpcClient.serverCheck(GrpcClient.java:218)
	at com.alibaba.nacos.common.remote.client.grpc.GrpcClient.connectToServer(GrpcClient.java:329)
	at com.alibaba.nacos.common.remote.client.RpcClient.start(RpcClient.java:363)
	at com.alibaba.nacos.client.naming.remote.gprc.NamingGrpcClientProxy.start(NamingGrpcClientProxy.java:105)
	at com.alibaba.nacos.client.naming.remote.gprc.NamingGrpcClientProxy.<init>(NamingGrpcClientProxy.java:98)
	at com.alibaba.nacos.client.naming.remote.NamingClientProxyDelegate.<init>(NamingClientProxyDelegate.java:78)
	at com.alibaba.nacos.client.naming.NacosNamingService.init(NacosNamingService.java:102)
	at com.alibaba.nacos.client.naming.NacosNamingService.<init>(NacosNamingService.java:85)
	at java.base/jdk.internal.reflect.NativeConstructorAccessorImpl.newInstance0(Native Method)
	at java.base/jdk.internal.reflect.NativeConstructorAccessorImpl.newInstance(NativeConstructorAccessorImpl.java:77)
	at java.base/jdk.internal.reflect.DelegatingConstructorAccessorImpl.newInstance(DelegatingConstructorAccessorImpl.java:45)
	at java.base/java.lang.reflect.Constructor.newInstanceWithCaller(Constructor.java:499)
	at java.base/java.lang.reflect.Constructor.newInstance(Constructor.java:480)
	at com.alibaba.nacos.api.naming.NamingFactory.createNamingService(NamingFactory.java:59)
	at com.alibaba.nacos.api.NacosFactory.createNamingService(NacosFactory.java:77)
	at com.alibaba.cloud.nacos.NacosServiceManager.createNewNamingService(NacosServiceManager.java:99)
	at com.alibaba.cloud.nacos.NacosServiceManager.buildNamingService(NacosServiceManager.java:90)
	at com.alibaba.cloud.nacos.NacosServiceManager.getNamingService(NacosServiceManager.java:46)
	at com.alibaba.cloud.nacos.registry.NacosServiceRegistry.namingService(NacosServiceRegistry.java:193)
	at com.alibaba.cloud.nacos.registry.NacosServiceRegistry.register(NacosServiceRegistry.java:68)
	at org.springframework.cloud.client.serviceregistry.AbstractAutoServiceRegistration.register(AbstractAutoServiceRegistration.java:264)
	at com.alibaba.cloud.nacos.registry.NacosAutoServiceRegistration.register(NacosAutoServiceRegistration.java:78)
	at org.springframework.cloud.client.serviceregistry.AbstractAutoServiceRegistration.start(AbstractAutoServiceRegistration.java:156)
	at org.springframework.cloud.client.serviceregistry.AbstractAutoServiceRegistration.onApplicationEvent(AbstractAutoServiceRegistration.java:119)
	at org.springframework.cloud.client.serviceregistry.AbstractAutoServiceRegistration.onApplicationEvent(AbstractAutoServiceRegistration.java:49)
	at org.springframework.context.event.SimpleApplicationEventMulticaster.doInvokeListener(SimpleApplicationEventMulticaster.java:176)
	at org.springframework.context.event.SimpleApplicationEventMulticaster.invokeListener(SimpleApplicationEventMulticaster.java:169)
	at org.springframework.context.event.SimpleApplicationEventMulticaster.multicastEvent(SimpleApplicationEventMulticaster.java:143)
	at org.springframework.context.support.AbstractApplicationContext.publishEvent(AbstractApplicationContext.java:413)
	at org.springframework.context.support.AbstractApplicationContext.publishEvent(AbstractApplicationContext.java:370)
	at org.springframework.boot.web.servlet.context.WebServerStartStopLifecycle.start(WebServerStartStopLifecycle.java:47)
	at org.springframework.context.support.DefaultLifecycleProcessor.doStart(DefaultLifecycleProcessor.java:178)
	at org.springframework.context.support.DefaultLifecycleProcessor$LifecycleGroup.start(DefaultLifecycleProcessor.java:356)
	at java.base/java.lang.Iterable.forEach(Iterable.java:75)
	at org.springframework.context.support.DefaultLifecycleProcessor.startBeans(DefaultLifecycleProcessor.java:155)
	at org.springframework.context.support.DefaultLifecycleProcessor.onRefresh(DefaultLifecycleProcessor.java:123)
	at org.springframework.context.support.AbstractApplicationContext.finishRefresh(AbstractApplicationContext.java:932)
	at org.springframework.context.support.AbstractApplicationContext.refresh(AbstractApplicationContext.java:587)
	at org.springframework.boot.web.servlet.context.ServletWebServerApplicationContext.refresh(ServletWebServerApplicationContext.java:146)
	at org.springframework.boot.SpringApplication.refresh(SpringApplication.java:730)
	at org.springframework.boot.SpringApplication.refreshContext(SpringApplication.java:432)
	at org.springframework.boot.SpringApplication.run(SpringApplication.java:308)
	at org.springframework.boot.SpringApplication.run(SpringApplication.java:1302)
	at org.springframework.boot.SpringApplication.run(SpringApplication.java:1291)
	at com.dyc.xiaohashu.auth.XiaohashuAuthApplication.main(XiaohashuAuthApplication.java:15)
Caused by: com.alibaba.nacos.shaded.io.grpc.StatusRuntimeException: UNAVAILABLE: io exception
	at com.alibaba.nacos.shaded.io.grpc.Status.asRuntimeException(Status.java:539)
	at com.alibaba.nacos.shaded.io.grpc.stub.ClientCalls$UnaryStreamToFuture.onClose(ClientCalls.java:544)
	at com.alibaba.nacos.shaded.io.grpc.internal.DelayedClientCall$DelayedListener$3.run(DelayedClientCall.java:471)
	at com.alibaba.nacos.shaded.io.grpc.internal.DelayedClientCall$DelayedListener.delayOrExecute(DelayedClientCall.java:435)
	at com.alibaba.nacos.shaded.io.grpc.internal.DelayedClientCall$DelayedListener.onClose(DelayedClientCall.java:468)
	at com.alibaba.nacos.shaded.io.grpc.internal.ClientCallImpl.closeObserver(ClientCallImpl.java:563)
	at com.alibaba.nacos.shaded.io.grpc.internal.ClientCallImpl.access$300(ClientCallImpl.java:70)
	at com.alibaba.nacos.shaded.io.grpc.internal.ClientCallImpl$ClientStreamListenerImpl$1StreamClosed.runInternal(ClientCallImpl.java:744)
	at com.alibaba.nacos.shaded.io.grpc.internal.ClientCallImpl$ClientStreamListenerImpl$1StreamClosed.runInContext(ClientCallImpl.java:723)
	at com.alibaba.nacos.shaded.io.grpc.internal.ContextRunnable.run(ContextRunnable.java:37)
	at com.alibaba.nacos.shaded.io.grpc.internal.SerializingExecutor.run(SerializingExecutor.java:133)
	at java.base/java.util.concurrent.ThreadPoolExecutor.runWorker(ThreadPoolExecutor.java:1136)
	at java.base/java.util.concurrent.ThreadPoolExecutor$Worker.run(ThreadPoolExecutor.java:635)
	at java.base/java.lang.Thread.run(Thread.java:842)
Caused by: com.alibaba.nacos.shaded.io.grpc.netty.shaded.io.netty.channel.AbstractChannel$AnnotatedConnectException: Connection refused: no further information: /127.0.0.1:9848
Caused by: java.net.ConnectException: Connection refused: no further information
	at java.base/sun.nio.ch.Net.pollConnect(Native Method)
	at java.base/sun.nio.ch.Net.pollConnectNow(Net.java:672)
	at java.base/sun.nio.ch.SocketChannelImpl.finishConnect(SocketChannelImpl.java:946)
	at com.alibaba.nacos.shaded.io.grpc.netty.shaded.io.netty.channel.socket.nio.NioSocketChannel.doFinishConnect(NioSocketChannel.java:337)
	at com.alibaba.nacos.shaded.io.grpc.netty.shaded.io.netty.channel.nio.AbstractNioChannel$AbstractNioUnsafe.finishConnect(AbstractNioChannel.java:334)
	at com.alibaba.nacos.shaded.io.grpc.netty.shaded.io.netty.channel.nio.NioEventLoop.processSelectedKey(NioEventLoop.java:710)
	at com.alibaba.nacos.shaded.io.grpc.netty.shaded.io.netty.channel.nio.NioEventLoop.processSelectedKeysOptimized(NioEventLoop.java:658)
	at com.alibaba.nacos.shaded.io.grpc.netty.shaded.io.netty.channel.nio.NioEventLoop.processSelectedKeys(NioEventLoop.java:584)
	at com.alibaba.nacos.shaded.io.grpc.netty.shaded.io.netty.channel.nio.NioEventLoop.run(NioEventLoop.java:496)
	at com.alibaba.nacos.shaded.io.grpc.netty.shaded.io.netty.util.concurrent.SingleThreadEventExecutor$4.run(SingleThreadEventExecutor.java:997)
	at com.alibaba.nacos.shaded.io.grpc.netty.shaded.io.netty.util.internal.ThreadExecutorMap$2.run(ThreadExecutorMap.java:74)
	at com.alibaba.nacos.shaded.io.grpc.netty.shaded.io.netty.util.concurrent.FastThreadLocalRunnable.run(FastThreadLocalRunnable.java:30)
	at java.base/java.lang.Thread.run(Thread.java:842)
2026-08-24 15:41:16.593 [com.alibaba.nacos.client.remote.worker] INFO  com.alibaba.nacos.common.remote.client - [1d0da568-76ff-402a-8a7d-efd05336b828] Try to reconnect to a new server, server is  not appointed, will choose a random server.
2026-08-24 15:41:16.593 [com.alibaba.nacos.client.remote.worker] INFO  c.a.nacos.common.remote.client.grpc.GrpcClient - grpc client connection server:127.0.0.1 ip,serverPort:9848,grpcTslConfig:{"sslProvider":"OPENSSL","enableTls":false,"mutualAuthEnable":false,"trustAll":false}
2026-08-24 15:41:16.593 [main] INFO  com.alibaba.nacos.common.remote.client - [1d0da568-76ff-402a-8a7d-efd05336b828] Register server push request handler:com.alibaba.nacos.common.remote.client.RpcClient$ConnectResetRequestHandler
2026-08-24 15:41:16.593 [main] INFO  com.alibaba.nacos.common.remote.client - [1d0da568-76ff-402a-8a7d-efd05336b828] Register server push request handler:com.alibaba.nacos.common.remote.client.RpcClient$$Lambda$1244/0x000001ac66894a78
2026-08-24 15:41:16.594 [main] INFO  com.alibaba.nacos.client.naming - [REGISTER-SERVICE] public registering service xiaohashu-auth with instance Instance{instanceId='null', ip='172.31.111.1', port=8081, weight=1.0, healthy=true, enabled=true, ephemeral=true, clusterName='DEFAULT', serviceName='null', metadata={IPv6=[240c:c981:3000:0:86ee:d472:e60d:74fc], preserved.register.source=SPRING_CLOUD}}
2026-08-24 15:41:16.596 [com.alibaba.nacos.client.remote.worker] ERROR c.a.nacos.common.remote.client.grpc.GrpcClient - Server check fail, please check server 127.0.0.1 ,port 9848 is available , error ={}
java.util.concurrent.ExecutionException: com.alibaba.nacos.shaded.io.grpc.StatusRuntimeException: UNAVAILABLE: io exception
	at com.alibaba.nacos.shaded.com.google.common.util.concurrent.AbstractFuture.getDoneValue(AbstractFuture.java:566)
	at com.alibaba.nacos.shaded.com.google.common.util.concurrent.AbstractFuture.get(AbstractFuture.java:445)
	at com.alibaba.nacos.common.remote.client.grpc.GrpcClient.serverCheck(GrpcClient.java:218)
	at com.alibaba.nacos.common.remote.client.grpc.GrpcClient.connectToServer(GrpcClient.java:329)
	at com.alibaba.nacos.common.remote.client.RpcClient.reconnect(RpcClient.java:502)
	at com.alibaba.nacos.common.remote.client.RpcClient.lambda$start$2(RpcClient.java:343)
	at java.base/java.util.concurrent.Executors$RunnableAdapter.call(Executors.java:539)
	at java.base/java.util.concurrent.FutureTask.run(FutureTask.java:264)
	at java.base/java.util.concurrent.ScheduledThreadPoolExecutor$ScheduledFutureTask.run(ScheduledThreadPoolExecutor.java:304)
	at java.base/java.util.concurrent.ThreadPoolExecutor.runWorker(ThreadPoolExecutor.java:1136)
	at java.base/java.util.concurrent.ThreadPoolExecutor$Worker.run(ThreadPoolExecutor.java:635)
	at java.base/java.lang.Thread.run(Thread.java:842)
Caused by: com.alibaba.nacos.shaded.io.grpc.StatusRuntimeException: UNAVAILABLE: io exception
	at com.alibaba.nacos.shaded.io.grpc.Status.asRuntimeException(Status.java:539)
	at com.alibaba.nacos.shaded.io.grpc.stub.ClientCalls$UnaryStreamToFuture.onClose(ClientCalls.java:544)
	at com.alibaba.nacos.shaded.io.grpc.internal.DelayedClientCall$DelayedListener$3.run(DelayedClientCall.java:471)
	at com.alibaba.nacos.shaded.io.grpc.internal.DelayedClientCall$DelayedListener.delayOrExecute(DelayedClientCall.java:435)
	at com.alibaba.nacos.shaded.io.grpc.internal.DelayedClientCall$DelayedListener.onClose(DelayedClientCall.java:468)
	at com.alibaba.nacos.shaded.io.grpc.internal.ClientCallImpl.closeObserver(ClientCallImpl.java:563)
	at com.alibaba.nacos.shaded.io.grpc.internal.ClientCallImpl.access$300(ClientCallImpl.java:70)
	at com.alibaba.nacos.shaded.io.grpc.internal.ClientCallImpl$ClientStreamListenerImpl$1StreamClosed.runInternal(ClientCallImpl.java:744)
	at com.alibaba.nacos.shaded.io.grpc.internal.ClientCallImpl$ClientStreamListenerImpl$1StreamClosed.runInContext(ClientCallImpl.java:723)
	at com.alibaba.nacos.shaded.io.grpc.internal.ContextRunnable.run(ContextRunnable.java:37)
	at com.alibaba.nacos.shaded.io.grpc.internal.SerializingExecutor.run(SerializingExecutor.java:133)
	... 3 common frames omitted
Caused by: com.alibaba.nacos.shaded.io.grpc.netty.shaded.io.netty.channel.AbstractChannel$AnnotatedConnectException: Connection refused: no further information: /127.0.0.1:9848
Caused by: java.net.ConnectException: Connection refused: no further information
	at java.base/sun.nio.ch.Net.pollConnect(Native Method)
	at java.base/sun.nio.ch.Net.pollConnectNow(Net.java:672)
	at java.base/sun.nio.ch.SocketChannelImpl.finishConnect(SocketChannelImpl.java:946)
	at com.alibaba.nacos.shaded.io.grpc.netty.shaded.io.netty.channel.socket.nio.NioSocketChannel.doFinishConnect(NioSocketChannel.java:337)
	at com.alibaba.nacos.shaded.io.grpc.netty.shaded.io.netty.channel.nio.AbstractNioChannel$AbstractNioUnsafe.finishConnect(AbstractNioChannel.java:334)
	at com.alibaba.nacos.shaded.io.grpc.netty.shaded.io.netty.channel.nio.NioEventLoop.processSelectedKey(NioEventLoop.java:710)
	at com.alibaba.nacos.shaded.io.grpc.netty.shaded.io.netty.channel.nio.NioEventLoop.processSelectedKeysOptimized(NioEventLoop.java:658)
	at com.alibaba.nacos.shaded.io.grpc.netty.shaded.io.netty.channel.nio.NioEventLoop.processSelectedKeys(NioEventLoop.java:584)
	at com.alibaba.nacos.shaded.io.grpc.netty.shaded.io.netty.channel.nio.NioEventLoop.run(NioEventLoop.java:496)
	at com.alibaba.nacos.shaded.io.grpc.netty.shaded.io.netty.util.concurrent.SingleThreadEventExecutor$4.run(SingleThreadEventExecutor.java:997)
	at com.alibaba.nacos.shaded.io.grpc.netty.shaded.io.netty.util.internal.ThreadExecutorMap$2.run(ThreadExecutorMap.java:74)
	at com.alibaba.nacos.shaded.io.grpc.netty.shaded.io.netty.util.concurrent.FastThreadLocalRunnable.run(FastThreadLocalRunnable.java:30)
	at java.base/java.lang.Thread.run(Thread.java:842)
2026-08-24 15:41:16.697 [com.alibaba.nacos.client.remote.worker] INFO  c.a.nacos.common.remote.client.grpc.GrpcClient - grpc client connection server:127.0.0.1 ip,serverPort:9848,grpcTslConfig:{"sslProvider":"OPENSSL","enableTls":false,"mutualAuthEnable":false,"trustAll":false}
2026-08-24 15:41:16.697 [main] ERROR com.alibaba.nacos.common.remote.client - Send request fail, request = InstanceRequest{headers={app=unknown}, requestId='null'}, retryTimes = 0, errorMessage = Client not connected, current status:STARTING
2026-08-24 15:41:16.700 [com.alibaba.nacos.client.remote.worker] ERROR c.a.nacos.common.remote.client.grpc.GrpcClient - Server check fail, please check server 127.0.0.1 ,port 9848 is available , error ={}
java.util.concurrent.ExecutionException: com.alibaba.nacos.shaded.io.grpc.StatusRuntimeException: UNAVAILABLE: io exception
	at com.alibaba.nacos.shaded.com.google.common.util.concurrent.AbstractFuture.getDoneValue(AbstractFuture.java:566)
	at com.alibaba.nacos.shaded.com.google.common.util.concurrent.AbstractFuture.get(AbstractFuture.java:445)
	at com.alibaba.nacos.common.remote.client.grpc.GrpcClient.serverCheck(GrpcClient.java:218)
	at com.alibaba.nacos.common.remote.client.grpc.GrpcClient.connectToServer(GrpcClient.java:329)
	at com.alibaba.nacos.common.remote.client.RpcClient.reconnect(RpcClient.java:502)
	at com.alibaba.nacos.common.remote.client.RpcClient.lambda$start$2(RpcClient.java:343)
	at java.base/java.util.concurrent.Executors$RunnableAdapter.call(Executors.java:539)
	at java.base/java.util.concurrent.FutureTask.run(FutureTask.java:264)
	at java.base/java.util.concurrent.ScheduledThreadPoolExecutor$ScheduledFutureTask.run(ScheduledThreadPoolExecutor.java:304)
	at java.base/java.util.concurrent.ThreadPoolExecutor.runWorker(ThreadPoolExecutor.java:1136)
	at java.base/java.util.concurrent.ThreadPoolExecutor$Worker.run(ThreadPoolExecutor.java:635)
	at java.base/java.lang.Thread.run(Thread.java:842)
Caused by: com.alibaba.nacos.shaded.io.grpc.StatusRuntimeException: UNAVAILABLE: io exception
	at com.alibaba.nacos.shaded.io.grpc.Status.asRuntimeException(Status.java:539)
	at com.alibaba.nacos.shaded.io.grpc.stub.ClientCalls$UnaryStreamToFuture.onClose(ClientCalls.java:544)
	at com.alibaba.nacos.shaded.io.grpc.internal.DelayedClientCall$DelayedListener$3.run(DelayedClientCall.java:471)
	at com.alibaba.nacos.shaded.io.grpc.internal.DelayedClientCall$DelayedListener.delayOrExecute(DelayedClientCall.java:435)
	at com.alibaba.nacos.shaded.io.grpc.internal.DelayedClientCall$DelayedListener.onClose(DelayedClientCall.java:468)
	at com.alibaba.nacos.shaded.io.grpc.internal.ClientCallImpl.closeObserver(ClientCallImpl.java:563)
	at com.alibaba.nacos.shaded.io.grpc.internal.ClientCallImpl.access$300(ClientCallImpl.java:70)
	at com.alibaba.nacos.shaded.io.grpc.internal.ClientCallImpl$ClientStreamListenerImpl$1StreamClosed.runInternal(ClientCallImpl.java:744)
	at com.alibaba.nacos.shaded.io.grpc.internal.ClientCallImpl$ClientStreamListenerImpl$1StreamClosed.runInContext(ClientCallImpl.java:723)
	at com.alibaba.nacos.shaded.io.grpc.internal.ContextRunnable.run(ContextRunnable.java:37)
	at com.alibaba.nacos.shaded.io.grpc.internal.SerializingExecutor.run(SerializingExecutor.java:133)
	... 3 common frames omitted
Caused by: com.alibaba.nacos.shaded.io.grpc.netty.shaded.io.netty.channel.AbstractChannel$AnnotatedConnectException: Connection refused: no further information: /127.0.0.1:9848
Caused by: java.net.ConnectException: Connection refused: no further information
	at java.base/sun.nio.ch.Net.pollConnect(Native Method)
	at java.base/sun.nio.ch.Net.pollConnectNow(Net.java:672)
	at java.base/sun.nio.ch.SocketChannelImpl.finishConnect(SocketChannelImpl.java:946)
	at com.alibaba.nacos.shaded.io.grpc.netty.shaded.io.netty.channel.socket.nio.NioSocketChannel.doFinishConnect(NioSocketChannel.java:337)
	at com.alibaba.nacos.shaded.io.grpc.netty.shaded.io.netty.channel.nio.AbstractNioChannel$AbstractNioUnsafe.finishConnect(AbstractNioChannel.java:334)
	at com.alibaba.nacos.shaded.io.grpc.netty.shaded.io.netty.channel.nio.NioEventLoop.processSelectedKey(NioEventLoop.java:710)
	at com.alibaba.nacos.shaded.io.grpc.netty.shaded.io.netty.channel.nio.NioEventLoop.processSelectedKeysOptimized(NioEventLoop.java:658)
	at com.alibaba.nacos.shaded.io.grpc.netty.shaded.io.netty.channel.nio.NioEventLoop.processSelectedKeys(NioEventLoop.java:584)
	at com.alibaba.nacos.shaded.io.grpc.netty.shaded.io.netty.channel.nio.NioEventLoop.run(NioEventLoop.java:496)
	at com.alibaba.nacos.shaded.io.grpc.netty.shaded.io.netty.util.concurrent.SingleThreadEventExecutor$4.run(SingleThreadEventExecutor.java:997)
	at com.alibaba.nacos.shaded.io.grpc.netty.shaded.io.netty.util.internal.ThreadExecutorMap$2.run(ThreadExecutorMap.java:74)
	at com.alibaba.nacos.shaded.io.grpc.netty.shaded.io.netty.util.concurrent.FastThreadLocalRunnable.run(FastThreadLocalRunnable.java:30)
	at java.base/java.lang.Thread.run(Thread.java:842)
2026-08-24 15:41:16.700 [com.alibaba.nacos.client.remote.worker] INFO  com.alibaba.nacos.common.remote.client - [1d0da568-76ff-402a-8a7d-efd05336b828] Fail to connect server, after trying 1 times, last try server is {serverIp = '127.0.0.1', server main port = 8848}, error = unknown
2026-08-24 15:41:16.806 [main] ERROR com.alibaba.nacos.common.remote.client - Send request fail, request = InstanceRequest{headers={app=unknown}, requestId='null'}, retryTimes = 1, errorMessage = Client not connected, current status:STARTING
2026-08-24 15:41:16.913 [com.alibaba.nacos.client.remote.worker] INFO  c.a.nacos.common.remote.client.grpc.GrpcClient - grpc client connection server:127.0.0.1 ip,serverPort:9848,grpcTslConfig:{"sslProvider":"OPENSSL","enableTls":false,"mutualAuthEnable":false,"trustAll":false}
2026-08-24 15:41:16.913 [main] ERROR com.alibaba.nacos.common.remote.client - Send request fail, request = InstanceRequest{headers={app=unknown}, requestId='null'}, retryTimes = 2, errorMessage = Client not connected, current status:STARTING
2026-08-24 15:41:16.919 [com.alibaba.nacos.client.remote.worker] ERROR c.a.nacos.common.remote.client.grpc.GrpcClient - Server check fail, please check server 127.0.0.1 ,port 9848 is available , error ={}
java.util.concurrent.ExecutionException: com.alibaba.nacos.shaded.io.grpc.StatusRuntimeException: UNAVAILABLE: io exception
	at com.alibaba.nacos.shaded.com.google.common.util.concurrent.AbstractFuture.getDoneValue(AbstractFuture.java:566)
	at com.alibaba.nacos.shaded.com.google.common.util.concurrent.AbstractFuture.get(AbstractFuture.java:445)
	at com.alibaba.nacos.common.remote.client.grpc.GrpcClient.serverCheck(GrpcClient.java:218)
	at com.alibaba.nacos.common.remote.client.grpc.GrpcClient.connectToServer(GrpcClient.java:329)
	at com.alibaba.nacos.common.remote.client.RpcClient.reconnect(RpcClient.java:502)
	at com.alibaba.nacos.common.remote.client.RpcClient.lambda$start$2(RpcClient.java:343)
	at java.base/java.util.concurrent.Executors$RunnableAdapter.call(Executors.java:539)
	at java.base/java.util.concurrent.FutureTask.run(FutureTask.java:264)
	at java.base/java.util.concurrent.ScheduledThreadPoolExecutor$ScheduledFutureTask.run(ScheduledThreadPoolExecutor.java:304)
	at java.base/java.util.concurrent.ThreadPoolExecutor.runWorker(ThreadPoolExecutor.java:1136)
	at java.base/java.util.concurrent.ThreadPoolExecutor$Worker.run(ThreadPoolExecutor.java:635)
	at java.base/java.lang.Thread.run(Thread.java:842)
Caused by: com.alibaba.nacos.shaded.io.grpc.StatusRuntimeException: UNAVAILABLE: io exception
	at com.alibaba.nacos.shaded.io.grpc.Status.asRuntimeException(Status.java:539)
	at com.alibaba.nacos.shaded.io.grpc.stub.ClientCalls$UnaryStreamToFuture.onClose(ClientCalls.java:544)
	at com.alibaba.nacos.shaded.io.grpc.internal.DelayedClientCall$DelayedListener$3.run(DelayedClientCall.java:471)
	at com.alibaba.nacos.shaded.io.grpc.internal.DelayedClientCall$DelayedListener.delayOrExecute(DelayedClientCall.java:435)
	at com.alibaba.nacos.shaded.io.grpc.internal.DelayedClientCall$DelayedListener.onClose(DelayedClientCall.java:468)
	at com.alibaba.nacos.shaded.io.grpc.internal.ClientCallImpl.closeObserver(ClientCallImpl.java:563)
	at com.alibaba.nacos.shaded.io.grpc.internal.ClientCallImpl.access$300(ClientCallImpl.java:70)
	at com.alibaba.nacos.shaded.io.grpc.internal.ClientCallImpl$ClientStreamListenerImpl$1StreamClosed.runInternal(ClientCallImpl.java:744)
	at com.alibaba.nacos.shaded.io.grpc.internal.ClientCallImpl$ClientStreamListenerImpl$1StreamClosed.runInContext(ClientCallImpl.java:723)
	at com.alibaba.nacos.shaded.io.grpc.internal.ContextRunnable.run(ContextRunnable.java:37)
	at com.alibaba.nacos.shaded.io.grpc.internal.SerializingExecutor.run(SerializingExecutor.java:133)
	... 3 common frames omitted
Caused by: com.alibaba.nacos.shaded.io.grpc.netty.shaded.io.netty.channel.AbstractChannel$AnnotatedConnectException: Connection refused: no further information: /127.0.0.1:9848
Caused by: java.net.ConnectException: Connection refused: no further information
	at java.base/sun.nio.ch.Net.pollConnect(Native Method)
	at java.base/sun.nio.ch.Net.pollConnectNow(Net.java:672)
	at java.base/sun.nio.ch.SocketChannelImpl.finishConnect(SocketChannelImpl.java:946)
	at com.alibaba.nacos.shaded.io.grpc.netty.shaded.io.netty.channel.socket.nio.NioSocketChannel.doFinishConnect(NioSocketChannel.java:337)
	at com.alibaba.nacos.shaded.io.grpc.netty.shaded.io.netty.channel.nio.AbstractNioChannel$AbstractNioUnsafe.finishConnect(AbstractNioChannel.java:334)
	at com.alibaba.nacos.shaded.io.grpc.netty.shaded.io.netty.channel.nio.NioEventLoop.processSelectedKey(NioEventLoop.java:710)
	at com.alibaba.nacos.shaded.io.grpc.netty.shaded.io.netty.channel.nio.NioEventLoop.processSelectedKeysOptimized(NioEventLoop.java:658)
	at com.alibaba.nacos.shaded.io.grpc.netty.shaded.io.netty.channel.nio.NioEventLoop.processSelectedKeys(NioEventLoop.java:584)
	at com.alibaba.nacos.shaded.io.grpc.netty.shaded.io.netty.channel.nio.NioEventLoop.run(NioEventLoop.java:496)
	at com.alibaba.nacos.shaded.io.grpc.netty.shaded.io.netty.util.concurrent.SingleThreadEventExecutor$4.run(SingleThreadEventExecutor.java:997)
	at com.alibaba.nacos.shaded.io.grpc.netty.shaded.io.netty.util.internal.ThreadExecutorMap$2.run(ThreadExecutorMap.java:74)
	at com.alibaba.nacos.shaded.io.grpc.netty.shaded.io.netty.util.concurrent.FastThreadLocalRunnable.run(FastThreadLocalRunnable.java:30)
	at java.base/java.lang.Thread.run(Thread.java:842)
2026-08-24 15:41:16.927 [main] ERROR c.a.cloud.nacos.registry.NacosServiceRegistry - nacos registry, xiaohashu-auth register failed...NacosRegistration{nacosDiscoveryProperties=NacosDiscoveryProperties{serverAddr='127.0.0.1:8848', username='', password='', endpoint='', namespace='', watchDelay=30000, logName='', service='xiaohashu-auth', weight=1.0, clusterName='DEFAULT', group='DEFAULT_GROUP', namingLoadCacheAtStart='false', metadata={IPv6=[240c:c981:3000:0:86ee:d472:e60d:74fc], preserved.register.source=SPRING_CLOUD}, registerEnabled=true, ip='172.31.111.1', networkInterface='', port=8081, secure=false, accessKey='', secretKey='', heartBeatInterval=null, heartBeatTimeout=null, ipDeleteTimeout=null, instanceEnabled=true, ephemeral=true, failureToleranceEnabled=false}, ipDeleteTimeout=null, failFast=true}},
com.alibaba.nacos.api.exception.NacosException: Client not connected, current status:STARTING
	at com.alibaba.nacos.common.remote.client.RpcClient.request(RpcClient.java:643)
	at com.alibaba.nacos.common.remote.client.RpcClient.request(RpcClient.java:623)
	at com.alibaba.nacos.client.naming.remote.gprc.NamingGrpcClientProxy.requestToServer(NamingGrpcClientProxy.java:357)
	at com.alibaba.nacos.client.naming.remote.gprc.NamingGrpcClientProxy.doRegisterService(NamingGrpcClientProxy.java:210)
	at com.alibaba.nacos.client.naming.remote.gprc.NamingGrpcClientProxy.registerService(NamingGrpcClientProxy.java:124)
	at com.alibaba.nacos.client.naming.remote.NamingClientProxyDelegate.registerService(NamingClientProxyDelegate.java:98)
	at com.alibaba.nacos.client.naming.NacosNamingService.registerInstance(NacosNamingService.java:143)
	at com.alibaba.cloud.nacos.registry.NacosServiceRegistry.register(NacosServiceRegistry.java:75)
	at org.springframework.cloud.client.serviceregistry.AbstractAutoServiceRegistration.register(AbstractAutoServiceRegistration.java:264)
	at com.alibaba.cloud.nacos.registry.NacosAutoServiceRegistration.register(NacosAutoServiceRegistration.java:78)
	at org.springframework.cloud.client.serviceregistry.AbstractAutoServiceRegistration.start(AbstractAutoServiceRegistration.java:156)
	at org.springframework.cloud.client.serviceregistry.AbstractAutoServiceRegistration.onApplicationEvent(AbstractAutoServiceRegistration.java:119)
	at org.springframework.cloud.client.serviceregistry.AbstractAutoServiceRegistration.onApplicationEvent(AbstractAutoServiceRegistration.java:49)
	at org.springframework.context.event.SimpleApplicationEventMulticaster.doInvokeListener(SimpleApplicationEventMulticaster.java:176)
	at org.springframework.context.event.SimpleApplicationEventMulticaster.invokeListener(SimpleApplicationEventMulticaster.java:169)
	at org.springframework.context.event.SimpleApplicationEventMulticaster.multicastEvent(SimpleApplicationEventMulticaster.java:143)
	at org.springframework.context.support.AbstractApplicationContext.publishEvent(AbstractApplicationContext.java:413)
	at org.springframework.context.support.AbstractApplicationContext.publishEvent(AbstractApplicationContext.java:370)
	at org.springframework.boot.web.servlet.context.WebServerStartStopLifecycle.start(WebServerStartStopLifecycle.java:47)
	at org.springframework.context.support.DefaultLifecycleProcessor.doStart(DefaultLifecycleProcessor.java:178)
	at org.springframework.context.support.DefaultLifecycleProcessor$LifecycleGroup.start(DefaultLifecycleProcessor.java:356)
	at java.base/java.lang.Iterable.forEach(Iterable.java:75)
	at org.springframework.context.support.DefaultLifecycleProcessor.startBeans(DefaultLifecycleProcessor.java:155)
	at org.springframework.context.support.DefaultLifecycleProcessor.onRefresh(DefaultLifecycleProcessor.java:123)
	at org.springframework.context.support.AbstractApplicationContext.finishRefresh(AbstractApplicationContext.java:932)
	at org.springframework.context.support.AbstractApplicationContext.refresh(AbstractApplicationContext.java:587)
	at org.springframework.boot.web.servlet.context.ServletWebServerApplicationContext.refresh(ServletWebServerApplicationContext.java:146)
	at org.springframework.boot.SpringApplication.refresh(SpringApplication.java:730)
	at org.springframework.boot.SpringApplication.refreshContext(SpringApplication.java:432)
	at org.springframework.boot.SpringApplication.run(SpringApplication.java:308)
	at org.springframework.boot.SpringApplication.run(SpringApplication.java:1302)
	at org.springframework.boot.SpringApplication.run(SpringApplication.java:1291)
	at com.dyc.xiaohashu.auth.XiaohashuAuthApplication.main(XiaohashuAuthApplication.java:15)
2026-08-24 15:41:16.944 [com.alibaba.nacos.client.remote.worker] INFO  com.alibaba.nacos.common.remote.client - [1d0da568-76ff-402a-8a7d-efd05336b828] Fail to connect server, after trying 2 times, last try server is {serverIp = '127.0.0.1', server main port = 8848}, error = unknown
2026-08-24 15:41:16.945 [main] WARN  o.s.b.w.s.c.AnnotationConfigServletWebServerApplicationContext - Exception encountered during context initialization - cancelling refresh attempt: org.springframework.context.ApplicationContextException: Failed to start bean 'webServerStartStop'
2026-08-24 15:41:16.946 [main] INFO  com.alibaba.druid.pool.DruidDataSource - {dataSource-1} closing ...
2026-08-24 15:41:16.951 [main] INFO  com.alibaba.druid.pool.DruidDataSource - {dataSource-1} closed
2026-08-24 15:41:16.952 [main] INFO  com.alibaba.nacos.client.naming - com.alibaba.nacos.client.naming.cache.ServiceInfoHolder do shutdown begin
2026-08-24 15:41:16.952 [main] INFO  com.alibaba.nacos.client.naming - com.alibaba.nacos.client.naming.backups.FailoverReactor do shutdown begin
2026-08-24 15:41:17.251 [com.alibaba.nacos.client.remote.worker] INFO  c.a.nacos.common.remote.client.grpc.GrpcClient - grpc client connection server:127.0.0.1 ip,serverPort:9848,grpcTslConfig:{"sslProvider":"OPENSSL","enableTls":false,"mutualAuthEnable":false,"trustAll":false}
2026-08-24 15:41:17.254 [com.alibaba.nacos.client.remote.worker] ERROR c.a.nacos.common.remote.client.grpc.GrpcClient - Server check fail, please check server 127.0.0.1 ,port 9848 is available , error ={}
java.util.concurrent.ExecutionException: com.alibaba.nacos.shaded.io.grpc.StatusRuntimeException: UNAVAILABLE: io exception
	at com.alibaba.nacos.shaded.com.google.common.util.concurrent.AbstractFuture.getDoneValue(AbstractFuture.java:566)
	at com.alibaba.nacos.shaded.com.google.common.util.concurrent.AbstractFuture.get(AbstractFuture.java:445)
	at com.alibaba.nacos.common.remote.client.grpc.GrpcClient.serverCheck(GrpcClient.java:218)
	at com.alibaba.nacos.common.remote.client.grpc.GrpcClient.connectToServer(GrpcClient.java:329)
	at com.alibaba.nacos.common.remote.client.RpcClient.reconnect(RpcClient.java:502)
	at com.alibaba.nacos.common.remote.client.RpcClient.lambda$start$2(RpcClient.java:343)
	at java.base/java.util.concurrent.Executors$RunnableAdapter.call(Executors.java:539)
	at java.base/java.util.concurrent.FutureTask.run(FutureTask.java:264)
	at java.base/java.util.concurrent.ScheduledThreadPoolExecutor$ScheduledFutureTask.run(ScheduledThreadPoolExecutor.java:304)
	at java.base/java.util.concurrent.ThreadPoolExecutor.runWorker(ThreadPoolExecutor.java:1136)
	at java.base/java.util.concurrent.ThreadPoolExecutor$Worker.run(ThreadPoolExecutor.java:635)
	at java.base/java.lang.Thread.run(Thread.java:842)
Caused by: com.alibaba.nacos.shaded.io.grpc.StatusRuntimeException: UNAVAILABLE: io exception
	at com.alibaba.nacos.shaded.io.grpc.Status.asRuntimeException(Status.java:539)
	at com.alibaba.nacos.shaded.io.grpc.stub.ClientCalls$UnaryStreamToFuture.onClose(ClientCalls.java:544)
	at com.alibaba.nacos.shaded.io.grpc.internal.DelayedClientCall$DelayedListener$3.run(DelayedClientCall.java:471)
	at com.alibaba.nacos.shaded.io.grpc.internal.DelayedClientCall$DelayedListener.delayOrExecute(DelayedClientCall.java:435)
	at com.alibaba.nacos.shaded.io.grpc.internal.DelayedClientCall$DelayedListener.onClose(DelayedClientCall.java:468)
	at com.alibaba.nacos.shaded.io.grpc.internal.ClientCallImpl.closeObserver(ClientCallImpl.java:563)
	at com.alibaba.nacos.shaded.io.grpc.internal.ClientCallImpl.access$300(ClientCallImpl.java:70)
	at com.alibaba.nacos.shaded.io.grpc.internal.ClientCallImpl$ClientStreamListenerImpl$1StreamClosed.runInternal(ClientCallImpl.java:744)
	at com.alibaba.nacos.shaded.io.grpc.internal.ClientCallImpl$ClientStreamListenerImpl$1StreamClosed.runInContext(ClientCallImpl.java:723)
	at com.alibaba.nacos.shaded.io.grpc.internal.ContextRunnable.run(ContextRunnable.java:37)
	at com.alibaba.nacos.shaded.io.grpc.internal.SerializingExecutor.run(SerializingExecutor.java:133)
	... 3 common frames omitted
Caused by: com.alibaba.nacos.shaded.io.grpc.netty.shaded.io.netty.channel.AbstractChannel$AnnotatedConnectException: Connection refused: no further information: /127.0.0.1:9848
Caused by: java.net.ConnectException: Connection refused: no further information
	at java.base/sun.nio.ch.Net.pollConnect(Native Method)
	at java.base/sun.nio.ch.Net.pollConnectNow(Net.java:672)
	at java.base/sun.nio.ch.SocketChannelImpl.finishConnect(SocketChannelImpl.java:946)
	at com.alibaba.nacos.shaded.io.grpc.netty.shaded.io.netty.channel.socket.nio.NioSocketChannel.doFinishConnect(NioSocketChannel.java:337)
	at com.alibaba.nacos.shaded.io.grpc.netty.shaded.io.netty.channel.nio.AbstractNioChannel$AbstractNioUnsafe.finishConnect(AbstractNioChannel.java:334)
	at com.alibaba.nacos.shaded.io.grpc.netty.shaded.io.netty.channel.nio.NioEventLoop.processSelectedKey(NioEventLoop.java:710)
	at com.alibaba.nacos.shaded.io.grpc.netty.shaded.io.netty.channel.nio.NioEventLoop.processSelectedKeysOptimized(NioEventLoop.java:658)
	at com.alibaba.nacos.shaded.io.grpc.netty.shaded.io.netty.channel.nio.NioEventLoop.processSelectedKeys(NioEventLoop.java:584)
	at com.alibaba.nacos.shaded.io.grpc.netty.shaded.io.netty.channel.nio.NioEventLoop.run(NioEventLoop.java:496)
	at com.alibaba.nacos.shaded.io.grpc.netty.shaded.io.netty.util.concurrent.SingleThreadEventExecutor$4.run(SingleThreadEventExecutor.java:997)
	at com.alibaba.nacos.shaded.io.grpc.netty.shaded.io.netty.util.internal.ThreadExecutorMap$2.run(ThreadExecutorMap.java:74)
	at com.alibaba.nacos.shaded.io.grpc.netty.shaded.io.netty.util.concurrent.FastThreadLocalRunnable.run(FastThreadLocalRunnable.java:30)
	at java.base/java.lang.Thread.run(Thread.java:842)
2026-08-24 15:41:17.254 [com.alibaba.nacos.client.remote.worker] INFO  com.alibaba.nacos.common.remote.client - [1d0da568-76ff-402a-8a7d-efd05336b828] Fail to connect server, after trying 3 times, last try server is {serverIp = '127.0.0.1', server main port = 8848}, error = unknown
2026-08-24 15:41:17.282 [main] INFO  com.alibaba.nacos.client.naming - com.alibaba.nacos.client.naming.backups.FailoverReactor do shutdown stop
2026-08-24 15:41:17.282 [main] INFO  com.alibaba.nacos.client.naming - com.alibaba.nacos.client.naming.cache.ServiceInfoHolder do shutdown stop
2026-08-24 15:41:17.282 [main] INFO  com.alibaba.nacos.client.naming - com.alibaba.nacos.client.naming.remote.NamingClientProxyDelegate do shutdown begin
2026-08-24 15:41:17.282 [main] INFO  com.alibaba.nacos.client.naming - com.alibaba.nacos.client.naming.core.ServiceInfoUpdateService do shutdown begin
2026-08-24 15:41:17.282 [main] INFO  com.alibaba.nacos.client.naming - com.alibaba.nacos.client.naming.core.ServiceInfoUpdateService do shutdown stop
2026-08-24 15:41:17.282 [main] INFO  com.alibaba.nacos.client.naming - com.alibaba.nacos.client.naming.core.ServerListManager do shutdown begin
2026-08-24 15:41:17.282 [main] WARN  com.alibaba.nacos.client.naming - [NamingHttpClientManager] Start destroying NacosRestTemplate
2026-08-24 15:41:17.283 [main] WARN  com.alibaba.nacos.client.naming - [NamingHttpClientManager] Destruction of the end
2026-08-24 15:41:17.283 [main] INFO  com.alibaba.nacos.client.naming - com.alibaba.nacos.client.naming.core.ServerListManager do shutdown stop
2026-08-24 15:41:17.283 [main] INFO  com.alibaba.nacos.client.naming - com.alibaba.nacos.client.naming.remote.http.NamingHttpClientProxy do shutdown begin
2026-08-24 15:41:17.283 [main] WARN  com.alibaba.nacos.client.naming - [NamingHttpClientManager] Start destroying NacosRestTemplate
2026-08-24 15:41:17.284 [main] WARN  com.alibaba.nacos.client.naming - [NamingHttpClientManager] Destruction of the end
2026-08-24 15:41:17.284 [main] INFO  com.alibaba.nacos.client.naming - com.alibaba.nacos.client.naming.remote.http.NamingHttpClientProxy do shutdown stop
2026-08-24 15:41:17.284 [main] INFO  com.alibaba.nacos.common.remote.client - Shutdown rpc client, set status to shutdown
2026-08-24 15:41:17.284 [main] INFO  com.alibaba.nacos.common.remote.client - Shutdown client event executor java.util.concurrent.ScheduledThreadPoolExecutor@7a79d99c[Running, pool size = 2, active threads = 2, queued tasks = 0, completed tasks = 0]
2026-08-24 15:41:17.284 [main] INFO  c.a.nacos.common.remote.client.grpc.GrpcClient - Shutdown grpc executor java.util.concurrent.ThreadPoolExecutor@1f27f354[Running, pool size = 28, active threads = 0, queued tasks = 0, completed tasks = 28]
2026-08-24 15:41:17.284 [com.alibaba.nacos.client.remote.worker] INFO  com.alibaba.nacos.common.remote.client - [1d0da568-76ff-402a-8a7d-efd05336b828] Client is shutdown, stop reconnect to server
2026-08-24 15:41:17.284 [main] INFO  com.alibaba.nacos.client.naming - Shutdown grpc redo service executor java.util.concurrent.ScheduledThreadPoolExecutor@6dc7b7f[Running, pool size = 1, active threads = 0, queued tasks = 1, completed tasks = 0]
2026-08-24 15:41:17.284 [main] INFO  c.a.n.client.auth.ram.identify.CredentialWatcher - [null] CredentialWatcher is stopped
2026-08-24 15:41:17.284 [main] INFO  c.a.n.client.auth.ram.identify.CredentialService - [null] CredentialService is freed
2026-08-24 15:41:17.285 [main] INFO  com.alibaba.nacos.client.naming - com.alibaba.nacos.client.naming.remote.NamingClientProxyDelegate do shutdown stop
2026-08-24 15:41:17.306 [main] INFO  org.apache.catalina.core.StandardService - Stopping service [Tomcat]
2026-08-24 15:41:17.320 [main] INFO  o.s.b.a.logging.ConditionEvaluationReportLogger - 

Error starting ApplicationContext. To display the condition evaluation report re-run your application with 'debug' enabled.
2026-08-24 15:41:17.330 [main] ERROR org.springframework.boot.SpringApplication - Application run failed
org.springframework.context.ApplicationContextException: Failed to start bean 'webServerStartStop'
	at org.springframework.context.support.DefaultLifecycleProcessor.doStart(DefaultLifecycleProcessor.java:181)
	at org.springframework.context.support.DefaultLifecycleProcessor$LifecycleGroup.start(DefaultLifecycleProcessor.java:356)
	at java.base/java.lang.Iterable.forEach(Iterable.java:75)
	at org.springframework.context.support.DefaultLifecycleProcessor.startBeans(DefaultLifecycleProcessor.java:155)
	at org.springframework.context.support.DefaultLifecycleProcessor.onRefresh(DefaultLifecycleProcessor.java:123)
	at org.springframework.context.support.AbstractApplicationContext.finishRefresh(AbstractApplicationContext.java:932)
	at org.springframework.context.support.AbstractApplicationContext.refresh(AbstractApplicationContext.java:587)
	at org.springframework.boot.web.servlet.context.ServletWebServerApplicationContext.refresh(ServletWebServerApplicationContext.java:146)
	at org.springframework.boot.SpringApplication.refresh(SpringApplication.java:730)
	at org.springframework.boot.SpringApplication.refreshContext(SpringApplication.java:432)
	at org.springframework.boot.SpringApplication.run(SpringApplication.java:308)
	at org.springframework.boot.SpringApplication.run(SpringApplication.java:1302)
	at org.springframework.boot.SpringApplication.run(SpringApplication.java:1291)
	at com.dyc.xiaohashu.auth.XiaohashuAuthApplication.main(XiaohashuAuthApplication.java:15)
Caused by: java.lang.reflect.UndeclaredThrowableException: null
	at org.springframework.util.ReflectionUtils.rethrowRuntimeException(ReflectionUtils.java:147)
	at com.alibaba.cloud.nacos.registry.NacosServiceRegistry.register(NacosServiceRegistry.java:83)
	at org.springframework.cloud.client.serviceregistry.AbstractAutoServiceRegistration.register(AbstractAutoServiceRegistration.java:264)
	at com.alibaba.cloud.nacos.registry.NacosAutoServiceRegistration.register(NacosAutoServiceRegistration.java:78)
	at org.springframework.cloud.client.serviceregistry.AbstractAutoServiceRegistration.start(AbstractAutoServiceRegistration.java:156)
	at org.springframework.cloud.client.serviceregistry.AbstractAutoServiceRegistration.onApplicationEvent(AbstractAutoServiceRegistration.java:119)
	at org.springframework.cloud.client.serviceregistry.AbstractAutoServiceRegistration.onApplicationEvent(AbstractAutoServiceRegistration.java:49)
	at org.springframework.context.event.SimpleApplicationEventMulticaster.doInvokeListener(SimpleApplicationEventMulticaster.java:176)
	at org.springframework.context.event.SimpleApplicationEventMulticaster.invokeListener(SimpleApplicationEventMulticaster.java:169)
	at org.springframework.context.event.SimpleApplicationEventMulticaster.multicastEvent(SimpleApplicationEventMulticaster.java:143)
	at org.springframework.context.support.AbstractApplicationContext.publishEvent(AbstractApplicationContext.java:413)
	at org.springframework.context.support.AbstractApplicationContext.publishEvent(AbstractApplicationContext.java:370)
	at org.springframework.boot.web.servlet.context.WebServerStartStopLifecycle.start(WebServerStartStopLifecycle.java:47)
	at org.springframework.context.support.DefaultLifecycleProcessor.doStart(DefaultLifecycleProcessor.java:178)
	... 13 common frames omitted
Caused by: com.alibaba.nacos.api.exception.NacosException: Client not connected, current status:STARTING
	at com.alibaba.nacos.common.remote.client.RpcClient.request(RpcClient.java:643)
	at com.alibaba.nacos.common.remote.client.RpcClient.request(RpcClient.java:623)
	at com.alibaba.nacos.client.naming.remote.gprc.NamingGrpcClientProxy.requestToServer(NamingGrpcClientProxy.java:357)
	at com.alibaba.nacos.client.naming.remote.gprc.NamingGrpcClientProxy.doRegisterService(NamingGrpcClientProxy.java:210)
	at com.alibaba.nacos.client.naming.remote.gprc.NamingGrpcClientProxy.registerService(NamingGrpcClientProxy.java:124)
	at com.alibaba.nacos.client.naming.remote.NamingClientProxyDelegate.registerService(NamingClientProxyDelegate.java:98)
	at com.alibaba.nacos.client.naming.NacosNamingService.registerInstance(NacosNamingService.java:143)
	at com.alibaba.cloud.nacos.registry.NacosServiceRegistry.register(NacosServiceRegistry.java:75)
	... 25 common frames omitted
2026-08-24 15:41:17.835 [com.alibaba.nacos.client.Worker] INFO  c.a.n.client.auth.ram.identify.CredentialWatcher - null No credential found
2026-08-24 15:41:19.271 [Thread-11] WARN  com.alibaba.nacos.common.notify.NotifyCenter - [NotifyCenter] Start destroying Publisher
2026-08-24 15:41:19.271 [Thread-3] WARN  c.alibaba.nacos.common.http.HttpClientBeanHolder - [HttpClientBeanHolder] Start destroying common HttpClient
2026-08-24 15:41:19.272 [Thread-11] WARN  com.alibaba.nacos.common.notify.NotifyCenter - [NotifyCenter] Destruction of the end
2026-08-24 15:41:19.272 [Thread-3] WARN  c.alibaba.nacos.common.http.HttpClientBeanHolder - [HttpClientBeanHolder] Destruction of the end
2026-08-24 15:42:25.809 [main] WARN  com.alibaba.nacos.client.logging.NacosLogging - Load Logback Configuration of Nacos fail, message: Could not initialize Logback Nacos logging from classpath:nacos-logback.xml
2026-08-24 15:42:25.863 [main] WARN  com.alibaba.nacos.client.logging.NacosLogging - Load Logback Configuration of Nacos fail, message: Could not initialize Logback Nacos logging from classpath:nacos-logback.xml
2026-08-24 15:42:25.871 [main] INFO  com.dyc.xiaohashu.auth.XiaohashuAuthApplication - Starting XiaohashuAuthApplication using Java 17.0.12 with PID 7288 (E:\CodeDir\xiaohashu\xiaohashu-auth\target\classes started by DYC in E:\CodeDir\xiaohashu)
2026-08-24 15:42:25.871 [main] INFO  com.dyc.xiaohashu.auth.XiaohashuAuthApplication - The following 1 profile is active: "dev"
2026-08-24 15:42:26.446 [main] INFO  o.s.d.r.config.RepositoryConfigurationDelegate - Multiple Spring Data modules found, entering strict repository configuration mode
2026-08-24 15:42:26.449 [main] INFO  o.s.d.r.config.RepositoryConfigurationDelegate - Bootstrapping Spring Data Redis repositories in DEFAULT mode.
2026-08-24 15:42:26.470 [main] INFO  o.s.d.r.config.RepositoryConfigurationDelegate - Finished Spring Data repository scanning in 9 ms. Found 0 Redis repository interfaces.
2026-08-24 15:42:26.590 [main] WARN  org.mybatis.spring.mapper.ClassPathMapperScanner - No MyBatis mapper was found in '[com.dyc.xiaohashu.auth.domain.mapper]' package. Please check your configuration.
2026-08-24 15:42:26.638 [main] INFO  o.springframework.cloud.context.scope.GenericScope - BeanFactory id=618761ce-92c7-3027-ae61-c37df156cecb
2026-08-24 15:42:26.674 [main] INFO  o.s.c.s.PostProcessorRegistrationDelegate$BeanPostProcessorChecker - Bean 'com.dyc.xiaohashu.user.api.UserFeignApi' of type [org.springframework.cloud.openfeign.FeignClientFactoryBean] is not eligible for getting processed by all BeanPostProcessors (for example: not eligible for auto-proxying)
2026-08-24 15:42:27.074 [main] INFO  o.s.boot.web.embedded.tomcat.TomcatWebServer - Tomcat initialized with port(s): 8081 (http)
2026-08-24 15:42:27.083 [main] INFO  org.apache.catalina.core.StandardService - Starting service [Tomcat]
2026-08-24 15:42:27.083 [main] INFO  org.apache.catalina.core.StandardEngine - Starting Servlet engine: [Apache Tomcat/10.1.5]
2026-08-24 15:42:27.161 [main] INFO  o.a.c.core.ContainerBase.[Tomcat].[localhost].[/] - Initializing Spring embedded WebApplicationContext
2026-08-24 15:42:27.161 [main] INFO  o.s.b.w.s.c.ServletWebServerApplicationContext - Root WebApplicationContext: initialization completed in 1253 ms
2026-08-24 15:42:27.335 [main] INFO  o.s.cloud.openfeign.FeignClientFactoryBean - For 'xiaohashu-user' URL not provided. Will try picking an instance via load-balancing.
2026-08-24 15:42:27.764 [main] WARN  com.alibaba.nacos.client.logging.NacosLogging - Load Logback Configuration of Nacos fail, message: Could not initialize Logback Nacos logging from classpath:nacos-logback.xml
2026-08-24 15:42:27.764 [main] INFO  com.alibaba.nacos.client.utils.ParamUtil - [settings] [req-serv] nacos-server port:8848
2026-08-24 15:42:27.764 [main] INFO  com.alibaba.nacos.client.utils.ParamUtil - [settings] [http-client] connect timeout:1000
2026-08-24 15:42:27.766 [main] INFO  com.alibaba.nacos.client.utils.ParamUtil - PER_TASK_CONFIG_SIZE: 3000.0
2026-08-24 15:42:27.783 [main] INFO  c.a.n.p.auth.spi.client.ClientAuthPluginManager - [ClientAuthPluginManager] Load ClientAuthService com.alibaba.nacos.client.auth.impl.NacosClientAuthServiceImpl success.
2026-08-24 15:42:27.783 [main] INFO  c.a.n.p.auth.spi.client.ClientAuthPluginManager - [ClientAuthPluginManager] Load ClientAuthService com.alibaba.nacos.client.auth.ram.RamClientAuthServiceImpl success.
2026-08-24 15:42:27.785 [main] INFO  c.a.n.client.auth.ram.identify.CredentialWatcher - null No credential found
2026-08-24 15:42:40.283 [main] INFO  c.a.d.s.b.a.DruidDataSourceAutoConfigure - Init DruidDataSource
2026-08-24 15:42:40.419 [main] INFO  com.alibaba.druid.pool.DruidDataSource - {dataSource-1} inited
2026-08-24 15:42:40.617 [main] WARN  o.s.c.l.c.LoadBalancerCacheAutoConfiguration$LoadBalancerCaffeineWarnLogger - Spring Cloud LoadBalancer is currently working with the default cache. While this cache implementation is useful for development and tests, it's recommended to use Caffeine cache in production.You can switch to using Caffeine cache, by adding it and org.springframework.cache.caffeine.CaffeineCacheManager to the classpath.
2026-08-24 15:42:40.659 [main] INFO  o.s.boot.web.embedded.tomcat.TomcatWebServer - Tomcat started on port(s): 8081 (http) with context path ''
2026-08-24 15:42:40.662 [main] INFO  com.alibaba.nacos.client.naming - initializer namespace from ans.namespace attribute : null
2026-08-24 15:42:40.663 [main] INFO  com.alibaba.nacos.client.naming - initializer namespace from ALIBABA_ALIWARE_NAMESPACE attribute :null
2026-08-24 15:42:40.663 [main] INFO  com.alibaba.nacos.client.naming - initializer namespace from namespace attribute :null
2026-08-24 15:42:40.671 [main] INFO  c.a.n.p.auth.spi.client.ClientAuthPluginManager - [ClientAuthPluginManager] Load ClientAuthService com.alibaba.nacos.client.auth.impl.NacosClientAuthServiceImpl success.
2026-08-24 15:42:40.671 [main] INFO  c.a.n.p.auth.spi.client.ClientAuthPluginManager - [ClientAuthPluginManager] Load ClientAuthService com.alibaba.nacos.client.auth.ram.RamClientAuthServiceImpl success.
2026-08-24 15:42:40.677 [main] INFO  com.alibaba.nacos.common.remote.client - [RpcClientFactory] create a new rpc client of 61c35351-ad6c-49f0-8c6e-2cdc7bdcb30d
2026-08-24 15:42:40.686 [main] INFO  com.alibaba.nacos.common.remote.client - [61c35351-ad6c-49f0-8c6e-2cdc7bdcb30d] RpcClient init, ServerListFactory = com.alibaba.nacos.client.naming.core.ServerListManager
2026-08-24 15:42:40.686 [main] INFO  com.alibaba.nacos.common.remote.client - [61c35351-ad6c-49f0-8c6e-2cdc7bdcb30d] Registry connection listener to current client:com.alibaba.nacos.client.naming.remote.gprc.redo.NamingGrpcRedoService
2026-08-24 15:42:40.686 [main] INFO  com.alibaba.nacos.common.remote.client - [61c35351-ad6c-49f0-8c6e-2cdc7bdcb30d] Register server push request handler:com.alibaba.nacos.client.naming.remote.gprc.NamingPushRequestHandler
2026-08-24 15:42:40.687 [main] INFO  com.alibaba.nacos.common.remote.client - [61c35351-ad6c-49f0-8c6e-2cdc7bdcb30d] Try to connect to server on start up, server: {serverIp = '127.0.0.1', server main port = 8848}
2026-08-24 15:42:40.703 [main] INFO  c.a.nacos.common.remote.client.grpc.GrpcClient - grpc client connection server:127.0.0.1 ip,serverPort:9848,grpcTslConfig:{"sslProvider":"OPENSSL","enableTls":false,"mutualAuthEnable":false,"trustAll":false}
2026-08-24 15:42:41.371 [main] INFO  com.alibaba.nacos.common.remote.client - [61c35351-ad6c-49f0-8c6e-2cdc7bdcb30d] Success to connect to server [127.0.0.1:8848] on start up, connectionId = 1787557361118_127.0.0.1_63377
2026-08-24 15:42:41.372 [com.alibaba.nacos.client.remote.worker] INFO  com.alibaba.nacos.common.remote.client - [61c35351-ad6c-49f0-8c6e-2cdc7bdcb30d] Notify connected event to listeners.
2026-08-24 15:42:41.372 [main] INFO  com.alibaba.nacos.common.remote.client - [61c35351-ad6c-49f0-8c6e-2cdc7bdcb30d] Register server push request handler:com.alibaba.nacos.common.remote.client.RpcClient$ConnectResetRequestHandler
2026-08-24 15:42:41.372 [com.alibaba.nacos.client.remote.worker] INFO  com.alibaba.nacos.client.naming - Grpc connection connect
2026-08-24 15:42:41.372 [main] INFO  com.alibaba.nacos.common.remote.client - [61c35351-ad6c-49f0-8c6e-2cdc7bdcb30d] Register server push request handler:com.alibaba.nacos.common.remote.client.RpcClient$$Lambda$1245/0x000002300b8be688
2026-08-24 15:42:41.374 [main] INFO  com.alibaba.nacos.client.naming - [REGISTER-SERVICE] public registering service xiaohashu-auth with instance Instance{instanceId='null', ip='172.31.111.1', port=8081, weight=1.0, healthy=true, enabled=true, ephemeral=true, clusterName='DEFAULT', serviceName='null', metadata={IPv6=[240c:c981:3000:0:86ee:d472:e60d:74fc], preserved.register.source=SPRING_CLOUD}}
2026-08-24 15:42:41.473 [main] INFO  c.a.cloud.nacos.registry.NacosServiceRegistry - nacos registry, DEFAULT_GROUP xiaohashu-auth 172.31.111.1:8081 register finished
2026-08-24 15:42:41.556 [main] INFO  com.dyc.xiaohashu.auth.XiaohashuAuthApplication - Started XiaohashuAuthApplication in 16.183 seconds (process running for 16.643)
2026-08-24 15:55:10.201 [http-nio-8081-exec-1] INFO  o.a.c.core.ContainerBase.[Tomcat].[localhost].[/] - Initializing Spring DispatcherServlet 'dispatcherServlet'
2026-08-24 15:55:10.202 [http-nio-8081-exec-1] INFO  org.springframework.web.servlet.DispatcherServlet - Initializing Servlet 'dispatcherServlet'
2026-08-24 15:55:10.207 [http-nio-8081-exec-1] INFO  org.springframework.web.servlet.DispatcherServlet - Completed initialization in 3 ms
2026-08-24 15:55:10.560 [http-nio-8081-exec-1] INFO  c.d.f.b.operationlog.aspect.ApiOperationLogAspect - ====== 请求开始: [发送验证码], 入参: {"phone":"19862172631"}, 请求类: VerificationCodeController, 请求方法: sendCode =================================== 
2026-08-24 15:55:12.119 [http-nio-8081-exec-1] INFO  c.d.f.b.operationlog.aspect.ApiOperationLogAspect - ====== 请求结束: [发送验证码], 耗时: 1560ms, 出参: {"success":true,"message":null,"errorCode":null,"data":null} =================================== 
2026-08-24 15:55:15.111 [task-1] INFO  c.d.x.auth.service.VerificationCodeServiceImpl - 验证码已生成，手机号: 19862172631, 验证码: 246054
2026-08-24 15:55:44.794 [http-nio-8081-exec-4] INFO  c.d.f.b.operationlog.aspect.ApiOperationLogAspect - ====== 请求开始: [用户登录/注册], 入参: {"phone":"19862172631","code":"246054","password":null,"type":1}, 请求类: AuthController, 请求方法: loginAndRegister =================================== 
2026-08-24 15:55:45.019 [http-nio-8081-exec-4] INFO  com.alibaba.nacos.client.naming - [SUBSCRIBE-SERVICE] service:xiaohashu-user, group:DEFAULT_GROUP, clusters: 
2026-08-24 15:55:45.061 [http-nio-8081-exec-4] INFO  com.alibaba.nacos.client.naming - init new ips(1) service: DEFAULT_GROUP@@xiaohashu-user -> [{"instanceId":"172.31.111.1#8082#DEFAULT#DEFAULT_GROUP@@xiaohashu-user","ip":"172.31.111.1","port":8082,"weight":1.0,"healthy":true,"enabled":true,"ephemeral":true,"clusterName":"DEFAULT","serviceName":"DEFAULT_GROUP@@xiaohashu-user","metadata":{"preserved.register.source":"SPRING_CLOUD","IPv6":"[240c:c981:3000:0:86ee:d472:e60d:74fc]"},"ipDeleteTimeout":30000,"instanceHeartBeatTimeOut":15000,"instanceHeartBeatInterval":5000}]
2026-08-24 15:55:45.101 [http-nio-8081-exec-4] INFO  com.alibaba.nacos.client.naming - current ips:(1) service: DEFAULT_GROUP@@xiaohashu-user -> [{"instanceId":"172.31.111.1#8082#DEFAULT#DEFAULT_GROUP@@xiaohashu-user","ip":"172.31.111.1","port":8082,"weight":1.0,"healthy":true,"enabled":true,"ephemeral":true,"clusterName":"DEFAULT","serviceName":"DEFAULT_GROUP@@xiaohashu-user","metadata":{"preserved.register.source":"SPRING_CLOUD","IPv6":"[240c:c981:3000:0:86ee:d472:e60d:74fc]"},"ipDeleteTimeout":30000,"instanceHeartBeatTimeOut":15000,"instanceHeartBeatInterval":5000}]
2026-08-24 15:55:45.616 [nacos-grpc-client-executor-127.0.0.1-177] INFO  com.alibaba.nacos.common.remote.client - [61c35351-ad6c-49f0-8c6e-2cdc7bdcb30d] Receive server push request, request = NotifySubscriberRequest, requestId = 2
2026-08-24 15:55:45.616 [nacos-grpc-client-executor-127.0.0.1-177] INFO  com.alibaba.nacos.common.remote.client - [61c35351-ad6c-49f0-8c6e-2cdc7bdcb30d] Ack server push request, request = NotifySubscriberRequest, requestId = 2
2026-08-24 15:55:46.935 [http-nio-8081-exec-4] INFO  c.d.f.b.operationlog.aspect.ApiOperationLogAspect - ====== 请求结束: [用户登录/注册], 耗时: 2141ms, 出参: {"success":true,"message":null,"errorCode":null,"data":"1zf6VXxuCPVQb3fK3vN3louAMLQY3FxwctxbaceM2iAwKJyFhZEYiPXJKWD7o9ieX7knhbIAzurT3f2SHAcu0SJjsZPud6yl1KGtLiAOc44jZKIHqKQRWeW6wBkKLbbF"} =================================== 
2026-08-24 15:56:07.238 [http-nio-8081-exec-2] INFO  c.d.f.b.operationlog.aspect.ApiOperationLogAspect - ====== 请求开始: [账号登出], 入参: , 请求类: AuthController, 请求方法: logout =================================== 
2026-08-24 15:56:07.247 [http-nio-8081-exec-2] ERROR c.d.x.auth.exception.GlobalExceptionHandler - /logout request error, 
cn.dev33.satoken.exception.SaTokenException: Account-Session 获取失败：loginId 不能为空
	at cn.dev33.satoken.stp.StpLogic.getSessionByLoginId(StpLogic.java:1236)
	at cn.dev33.satoken.stp.StpLogic.getSessionByLoginId(StpLogic.java:1255)
	at cn.dev33.satoken.stp.StpLogic.logout(StpLogic.java:650)
	at cn.dev33.satoken.stp.StpLogic.logout(StpLogic.java:639)
	at cn.dev33.satoken.stp.StpUtil.logout(StpUtil.java:243)
	at com.dyc.xiaohashu.auth.service.AuthServiceImpl.logout(AuthServiceImpl.java:90)
	at com.dyc.xiaohashu.auth.controller.AuthController.logout(AuthController.java:32)
	at java.base/jdk.internal.reflect.NativeMethodAccessorImpl.invoke0(Native Method)
	at java.base/jdk.internal.reflect.NativeMethodAccessorImpl.invoke(NativeMethodAccessorImpl.java:77)
	at java.base/jdk.internal.reflect.DelegatingMethodAccessorImpl.invoke(DelegatingMethodAccessorImpl.java:43)
	at java.base/java.lang.reflect.Method.invoke(Method.java:568)
	at org.springframework.aop.support.AopUtils.invokeJoinpointUsingReflection(AopUtils.java:343)
	at org.springframework.aop.framework.ReflectiveMethodInvocation.invokeJoinpoint(ReflectiveMethodInvocation.java:196)
	at org.springframework.aop.framework.ReflectiveMethodInvocation.proceed(ReflectiveMethodInvocation.java:163)
	at org.springframework.aop.framework.CglibAopProxy$CglibMethodInvocation.proceed(CglibAopProxy.java:752)
	at org.springframework.aop.aspectj.MethodInvocationProceedingJoinPoint.proceed(MethodInvocationProceedingJoinPoint.java:89)
	at com.dyc.framework.biz.operationlog.aspect.ApiOperationLogAspect.doAround(ApiOperationLogAspect.java:65)
	at java.base/jdk.internal.reflect.NativeMethodAccessorImpl.invoke0(Native Method)
	at java.base/jdk.internal.reflect.NativeMethodAccessorImpl.invoke(NativeMethodAccessorImpl.java:77)
	at java.base/jdk.internal.reflect.DelegatingMethodAccessorImpl.invoke(DelegatingMethodAccessorImpl.java:43)
	at java.base/java.lang.reflect.Method.invoke(Method.java:568)
	at org.springframework.aop.aspectj.AbstractAspectJAdvice.invokeAdviceMethodWithGivenArgs(AbstractAspectJAdvice.java:633)
	at org.springframework.aop.aspectj.AbstractAspectJAdvice.invokeAdviceMethod(AbstractAspectJAdvice.java:623)
	at org.springframework.aop.aspectj.AspectJAroundAdvice.invoke(AspectJAroundAdvice.java:71)
	at org.springframework.aop.framework.ReflectiveMethodInvocation.proceed(ReflectiveMethodInvocation.java:173)
	at org.springframework.aop.framework.CglibAopProxy$CglibMethodInvocation.proceed(CglibAopProxy.java:752)
	at org.springframework.aop.interceptor.ExposeInvocationInterceptor.invoke(ExposeInvocationInterceptor.java:97)
	at org.springframework.aop.framework.ReflectiveMethodInvocation.proceed(ReflectiveMethodInvocation.java:184)
	at org.springframework.aop.framework.CglibAopProxy$CglibMethodInvocation.proceed(CglibAopProxy.java:752)
	at org.springframework.aop.framework.CglibAopProxy$DynamicAdvisedInterceptor.intercept(CglibAopProxy.java:703)
	at com.dyc.xiaohashu.auth.controller.AuthController$$SpringCGLIB$$0.logout(<generated>)
	at java.base/jdk.internal.reflect.NativeMethodAccessorImpl.invoke0(Native Method)
	at java.base/jdk.internal.reflect.NativeMethodAccessorImpl.invoke(NativeMethodAccessorImpl.java:77)
	at java.base/jdk.internal.reflect.DelegatingMethodAccessorImpl.invoke(DelegatingMethodAccessorImpl.java:43)
	at java.base/java.lang.reflect.Method.invoke(Method.java:568)
	at org.springframework.web.method.support.InvocableHandlerMethod.doInvoke(InvocableHandlerMethod.java:207)
	at org.springframework.web.method.support.InvocableHandlerMethod.invokeForRequest(InvocableHandlerMethod.java:152)
	at org.springframework.web.servlet.mvc.method.annotation.ServletInvocableHandlerMethod.invokeAndHandle(ServletInvocableHandlerMethod.java:117)
	at org.springframework.web.servlet.mvc.method.annotation.RequestMappingHandlerAdapter.invokeHandlerMethod(RequestMappingHandlerAdapter.java:884)
	at org.springframework.web.servlet.mvc.method.annotation.RequestMappingHandlerAdapter.handleInternal(RequestMappingHandlerAdapter.java:797)
	at org.springframework.web.servlet.mvc.method.AbstractHandlerMethodAdapter.handle(AbstractHandlerMethodAdapter.java:87)
	at org.springframework.web.servlet.DispatcherServlet.doDispatch(DispatcherServlet.java:1080)
	at org.springframework.web.servlet.DispatcherServlet.doService(DispatcherServlet.java:973)
	at org.springframework.web.servlet.FrameworkServlet.processRequest(FrameworkServlet.java:1011)
	at org.springframework.web.servlet.FrameworkServlet.doPost(FrameworkServlet.java:914)
	at jakarta.servlet.http.HttpServlet.service(HttpServlet.java:731)
	at org.springframework.web.servlet.FrameworkServlet.service(FrameworkServlet.java:885)
	at jakarta.servlet.http.HttpServlet.service(HttpServlet.java:814)
	at org.apache.catalina.core.ApplicationFilterChain.internalDoFilter(ApplicationFilterChain.java:223)
	at org.apache.catalina.core.ApplicationFilterChain.doFilter(ApplicationFilterChain.java:158)
	at org.apache.tomcat.websocket.server.WsFilter.doFilter(WsFilter.java:53)
	at org.apache.catalina.core.ApplicationFilterChain.internalDoFilter(ApplicationFilterChain.java:185)
	at org.apache.catalina.core.ApplicationFilterChain.doFilter(ApplicationFilterChain.java:158)
	at com.dyc.framework.biz.context.filter.HeaderUserId2ContextFilter.doFilterInternal(HeaderUserId2ContextFilter.java:29)
	at org.springframework.web.filter.OncePerRequestFilter.doFilter(OncePerRequestFilter.java:116)
	at org.apache.catalina.core.ApplicationFilterChain.internalDoFilter(ApplicationFilterChain.java:185)
	at org.apache.catalina.core.ApplicationFilterChain.doFilter(ApplicationFilterChain.java:158)
	at com.alibaba.druid.support.jakarta.WebStatFilter.doFilter(WebStatFilter.java:113)
	at org.apache.catalina.core.ApplicationFilterChain.internalDoFilter(ApplicationFilterChain.java:185)
	at org.apache.catalina.core.ApplicationFilterChain.doFilter(ApplicationFilterChain.java:158)
	at org.springframework.web.filter.RequestContextFilter.doFilterInternal(RequestContextFilter.java:100)
	at org.springframework.web.filter.OncePerRequestFilter.doFilter(OncePerRequestFilter.java:116)
	at org.apache.catalina.core.ApplicationFilterChain.internalDoFilter(ApplicationFilterChain.java:185)
	at org.apache.catalina.core.ApplicationFilterChain.doFilter(ApplicationFilterChain.java:158)
	at cn.dev33.satoken.filter.SaPathCheckFilterForJakartaServlet.doFilter(SaPathCheckFilterForJakartaServlet.java:55)
	at org.apache.catalina.core.ApplicationFilterChain.internalDoFilter(ApplicationFilterChain.java:185)
	at org.apache.catalina.core.ApplicationFilterChain.doFilter(ApplicationFilterChain.java:158)
	at org.springframework.web.filter.FormContentFilter.doFilterInternal(FormContentFilter.java:93)
	at org.springframework.web.filter.OncePerRequestFilter.doFilter(OncePerRequestFilter.java:116)
	at org.apache.catalina.core.ApplicationFilterChain.internalDoFilter(ApplicationFilterChain.java:185)
	at org.apache.catalina.core.ApplicationFilterChain.doFilter(ApplicationFilterChain.java:158)
	at org.springframework.web.filter.CharacterEncodingFilter.doFilterInternal(CharacterEncodingFilter.java:201)
	at org.springframework.web.filter.OncePerRequestFilter.doFilter(OncePerRequestFilter.java:116)
	at org.apache.catalina.core.ApplicationFilterChain.internalDoFilter(ApplicationFilterChain.java:185)
	at org.apache.catalina.core.ApplicationFilterChain.doFilter(ApplicationFilterChain.java:158)
	at org.apache.catalina.core.StandardWrapperValve.invoke(StandardWrapperValve.java:177)
	at org.apache.catalina.core.StandardContextValve.invoke(StandardContextValve.java:97)
	at org.apache.catalina.authenticator.AuthenticatorBase.invoke(AuthenticatorBase.java:542)
	at org.apache.catalina.core.StandardHostValve.invoke(StandardHostValve.java:119)
	at org.apache.catalina.valves.ErrorReportValve.invoke(ErrorReportValve.java:92)
	at org.apache.catalina.core.StandardEngineValve.invoke(StandardEngineValve.java:78)
	at org.apache.catalina.connector.CoyoteAdapter.service(CoyoteAdapter.java:357)
	at org.apache.coyote.http11.Http11Processor.service(Http11Processor.java:400)
	at org.apache.coyote.AbstractProcessorLight.process(AbstractProcessorLight.java:65)
	at org.apache.coyote.AbstractProtocol$ConnectionHandler.process(AbstractProtocol.java:859)
	at org.apache.tomcat.util.net.NioEndpoint$SocketProcessor.doRun(NioEndpoint.java:1734)
	at org.apache.tomcat.util.net.SocketProcessorBase.run(SocketProcessorBase.java:52)
	at org.apache.tomcat.util.threads.ThreadPoolExecutor.runWorker(ThreadPoolExecutor.java:1191)
	at org.apache.tomcat.util.threads.ThreadPoolExecutor$Worker.run(ThreadPoolExecutor.java:659)
	at org.apache.tomcat.util.threads.TaskThread$WrappingRunnable.run(TaskThread.java:61)
	at java.base/java.lang.Thread.run(Thread.java:842)
2026-08-24 15:56:21.270 [http-nio-8081-exec-5] INFO  c.d.f.b.context.filter.HeaderUserId2ContextFilter - ===== 设置 userId 到 ThreadLocal 中， 用户 ID: 1787545330104002
2026-08-24 15:56:21.273 [http-nio-8081-exec-5] INFO  c.d.f.b.operationlog.aspect.ApiOperationLogAspect - ====== 请求开始: [账号登出], 入参: , 请求类: AuthController, 请求方法: logout =================================== 
2026-08-24 15:56:21.306 [http-nio-8081-exec-5] INFO  c.d.f.b.operationlog.aspect.ApiOperationLogAspect - ====== 请求结束: [账号登出], 耗时: 33ms, 出参: {"success":true,"message":null,"errorCode":null,"data":null} =================================== 
2026-08-24 15:56:21.314 [http-nio-8081-exec-5] INFO  c.d.f.b.context.filter.HeaderUserId2ContextFilter - ===== 删除 ThreadLocal， userId: 1787545330104002
2026-08-24 15:57:33.817 [http-nio-8081-exec-6] INFO  c.d.f.b.operationlog.aspect.ApiOperationLogAspect - ====== 请求开始: [用户登录/注册], 入参: {"phone":"19862172631","code":"246054","password":null,"type":1}, 请求类: AuthController, 请求方法: loginAndRegister =================================== 
2026-08-24 15:57:33.822 [http-nio-8081-exec-6] WARN  c.d.x.auth.service.VerificationCodeServiceImpl - 验证码已过期或不存在，手机号: 19862172631
2026-08-24 15:57:33.824 [http-nio-8081-exec-6] WARN  c.d.x.auth.exception.GlobalExceptionHandler - /login request fail, errorCode: AUTH-20006, errorMessage: 验证码过期
2026-08-24 15:57:34.501 [http-nio-8081-exec-10] INFO  c.d.f.b.operationlog.aspect.ApiOperationLogAspect - ====== 请求开始: [用户登录/注册], 入参: {"phone":"19862172631","code":"246054","password":null,"type":1}, 请求类: AuthController, 请求方法: loginAndRegister =================================== 
2026-08-24 15:57:34.505 [http-nio-8081-exec-10] WARN  c.d.x.auth.service.VerificationCodeServiceImpl - 验证码已过期或不存在，手机号: 19862172631
2026-08-24 15:57:34.506 [http-nio-8081-exec-10] WARN  c.d.x.auth.exception.GlobalExceptionHandler - /login request fail, errorCode: AUTH-20006, errorMessage: 验证码过期
2026-08-24 15:57:34.744 [http-nio-8081-exec-8] INFO  c.d.f.b.operationlog.aspect.ApiOperationLogAspect - ====== 请求开始: [用户登录/注册], 入参: {"phone":"19862172631","code":"246054","password":null,"type":1}, 请求类: AuthController, 请求方法: loginAndRegister =================================== 
2026-08-24 15:57:34.749 [http-nio-8081-exec-8] WARN  c.d.x.auth.service.VerificationCodeServiceImpl - 验证码已过期或不存在，手机号: 19862172631
2026-08-24 15:57:34.750 [http-nio-8081-exec-8] WARN  c.d.x.auth.exception.GlobalExceptionHandler - /login request fail, errorCode: AUTH-20006, errorMessage: 验证码过期
2026-08-24 15:57:34.914 [http-nio-8081-exec-3] INFO  c.d.f.b.operationlog.aspect.ApiOperationLogAspect - ====== 请求开始: [用户登录/注册], 入参: {"phone":"19862172631","code":"246054","password":null,"type":1}, 请求类: AuthController, 请求方法: loginAndRegister =================================== 
2026-08-24 15:57:34.918 [http-nio-8081-exec-3] WARN  c.d.x.auth.service.VerificationCodeServiceImpl - 验证码已过期或不存在，手机号: 19862172631
2026-08-24 15:57:34.919 [http-nio-8081-exec-3] WARN  c.d.x.auth.exception.GlobalExceptionHandler - /login request fail, errorCode: AUTH-20006, errorMessage: 验证码过期
2026-08-24 15:57:35.093 [http-nio-8081-exec-7] INFO  c.d.f.b.operationlog.aspect.ApiOperationLogAspect - ====== 请求开始: [用户登录/注册], 入参: {"phone":"19862172631","code":"246054","password":null,"type":1}, 请求类: AuthController, 请求方法: loginAndRegister =================================== 
2026-08-24 15:57:35.097 [http-nio-8081-exec-7] WARN  c.d.x.auth.service.VerificationCodeServiceImpl - 验证码已过期或不存在，手机号: 19862172631
2026-08-24 15:57:35.098 [http-nio-8081-exec-7] WARN  c.d.x.auth.exception.GlobalExceptionHandler - /login request fail, errorCode: AUTH-20006, errorMessage: 验证码过期
2026-08-24 15:57:35.267 [http-nio-8081-exec-1] INFO  c.d.f.b.operationlog.aspect.ApiOperationLogAspect - ====== 请求开始: [用户登录/注册], 入参: {"phone":"19862172631","code":"246054","password":null,"type":1}, 请求类: AuthController, 请求方法: loginAndRegister =================================== 
2026-08-24 15:57:35.270 [http-nio-8081-exec-1] WARN  c.d.x.auth.service.VerificationCodeServiceImpl - 验证码已过期或不存在，手机号: 19862172631
2026-08-24 15:57:35.271 [http-nio-8081-exec-1] WARN  c.d.x.auth.exception.GlobalExceptionHandler - /login request fail, errorCode: AUTH-20006, errorMessage: 验证码过期
2026-08-24 15:57:35.442 [http-nio-8081-exec-4] INFO  c.d.f.b.operationlog.aspect.ApiOperationLogAspect - ====== 请求开始: [用户登录/注册], 入参: {"phone":"19862172631","code":"246054","password":null,"type":1}, 请求类: AuthController, 请求方法: loginAndRegister =================================== 
2026-08-24 15:57:35.448 [http-nio-8081-exec-4] WARN  c.d.x.auth.service.VerificationCodeServiceImpl - 验证码已过期或不存在，手机号: 19862172631
2026-08-24 15:57:35.450 [http-nio-8081-exec-4] WARN  c.d.x.auth.exception.GlobalExceptionHandler - /login request fail, errorCode: AUTH-20006, errorMessage: 验证码过期
2026-08-24 15:57:35.605 [http-nio-8081-exec-2] INFO  c.d.f.b.operationlog.aspect.ApiOperationLogAspect - ====== 请求开始: [用户登录/注册], 入参: {"phone":"19862172631","code":"246054","password":null,"type":1}, 请求类: AuthController, 请求方法: loginAndRegister =================================== 
2026-08-24 15:57:35.610 [http-nio-8081-exec-2] WARN  c.d.x.auth.service.VerificationCodeServiceImpl - 验证码已过期或不存在，手机号: 19862172631
2026-08-24 15:57:35.612 [http-nio-8081-exec-2] WARN  c.d.x.auth.exception.GlobalExceptionHandler - /login request fail, errorCode: AUTH-20006, errorMessage: 验证码过期
2026-08-24 15:57:35.769 [http-nio-8081-exec-5] INFO  c.d.f.b.operationlog.aspect.ApiOperationLogAspect - ====== 请求开始: [用户登录/注册], 入参: {"phone":"19862172631","code":"246054","password":null,"type":1}, 请求类: AuthController, 请求方法: loginAndRegister =================================== 
2026-08-24 15:57:35.772 [http-nio-8081-exec-5] WARN  c.d.x.auth.service.VerificationCodeServiceImpl - 验证码已过期或不存在，手机号: 19862172631
2026-08-24 15:57:35.773 [http-nio-8081-exec-5] WARN  c.d.x.auth.exception.GlobalExceptionHandler - /login request fail, errorCode: AUTH-20006, errorMessage: 验证码过期
2026-08-24 15:57:35.920 [http-nio-8081-exec-9] INFO  c.d.f.b.operationlog.aspect.ApiOperationLogAspect - ====== 请求开始: [用户登录/注册], 入参: {"phone":"19862172631","code":"246054","password":null,"type":1}, 请求类: AuthController, 请求方法: loginAndRegister =================================== 
2026-08-24 15:57:35.925 [http-nio-8081-exec-9] WARN  c.d.x.auth.service.VerificationCodeServiceImpl - 验证码已过期或不存在，手机号: 19862172631
2026-08-24 15:57:35.926 [http-nio-8081-exec-9] WARN  c.d.x.auth.exception.GlobalExceptionHandler - /login request fail, errorCode: AUTH-20006, errorMessage: 验证码过期
2026-08-24 15:57:36.103 [http-nio-8081-exec-6] INFO  c.d.f.b.operationlog.aspect.ApiOperationLogAspect - ====== 请求开始: [用户登录/注册], 入参: {"phone":"19862172631","code":"246054","password":null,"type":1}, 请求类: AuthController, 请求方法: loginAndRegister =================================== 
2026-08-24 15:57:36.106 [http-nio-8081-exec-6] WARN  c.d.x.auth.service.VerificationCodeServiceImpl - 验证码已过期或不存在，手机号: 19862172631
2026-08-24 15:57:36.107 [http-nio-8081-exec-6] WARN  c.d.x.auth.exception.GlobalExceptionHandler - /login request fail, errorCode: AUTH-20006, errorMessage: 验证码过期
2026-08-24 15:57:36.261 [http-nio-8081-exec-10] INFO  c.d.f.b.operationlog.aspect.ApiOperationLogAspect - ====== 请求开始: [用户登录/注册], 入参: {"phone":"19862172631","code":"246054","password":null,"type":1}, 请求类: AuthController, 请求方法: loginAndRegister =================================== 
2026-08-24 15:57:36.267 [http-nio-8081-exec-10] WARN  c.d.x.auth.service.VerificationCodeServiceImpl - 验证码已过期或不存在，手机号: 19862172631
2026-08-24 15:57:36.268 [http-nio-8081-exec-10] WARN  c.d.x.auth.exception.GlobalExceptionHandler - /login request fail, errorCode: AUTH-20006, errorMessage: 验证码过期
2026-08-24 15:57:36.612 [http-nio-8081-exec-8] INFO  c.d.f.b.operationlog.aspect.ApiOperationLogAspect - ====== 请求开始: [用户登录/注册], 入参: {"phone":"19862172631","code":"246054","password":null,"type":1}, 请求类: AuthController, 请求方法: loginAndRegister =================================== 
2026-08-24 15:57:36.618 [http-nio-8081-exec-8] WARN  c.d.x.auth.service.VerificationCodeServiceImpl - 验证码已过期或不存在，手机号: 19862172631
2026-08-24 15:57:36.620 [http-nio-8081-exec-8] WARN  c.d.x.auth.exception.GlobalExceptionHandler - /login request fail, errorCode: AUTH-20006, errorMessage: 验证码过期
2026-08-24 15:57:36.810 [http-nio-8081-exec-3] INFO  c.d.f.b.operationlog.aspect.ApiOperationLogAspect - ====== 请求开始: [用户登录/注册], 入参: {"phone":"19862172631","code":"246054","password":null,"type":1}, 请求类: AuthController, 请求方法: loginAndRegister =================================== 
2026-08-24 15:57:36.812 [http-nio-8081-exec-3] WARN  c.d.x.auth.service.VerificationCodeServiceImpl - 验证码已过期或不存在，手机号: 19862172631
2026-08-24 15:57:36.813 [http-nio-8081-exec-3] WARN  c.d.x.auth.exception.GlobalExceptionHandler - /login request fail, errorCode: AUTH-20006, errorMessage: 验证码过期
2026-08-24 15:57:36.969 [http-nio-8081-exec-7] INFO  c.d.f.b.operationlog.aspect.ApiOperationLogAspect - ====== 请求开始: [用户登录/注册], 入参: {"phone":"19862172631","code":"246054","password":null,"type":1}, 请求类: AuthController, 请求方法: loginAndRegister =================================== 
2026-08-24 15:57:36.976 [http-nio-8081-exec-7] WARN  c.d.x.auth.service.VerificationCodeServiceImpl - 验证码已过期或不存在，手机号: 19862172631
2026-08-24 15:57:36.977 [http-nio-8081-exec-7] WARN  c.d.x.auth.exception.GlobalExceptionHandler - /login request fail, errorCode: AUTH-20006, errorMessage: 验证码过期
2026-08-24 15:57:37.141 [http-nio-8081-exec-1] INFO  c.d.f.b.operationlog.aspect.ApiOperationLogAspect - ====== 请求开始: [用户登录/注册], 入参: {"phone":"19862172631","code":"246054","password":null,"type":1}, 请求类: AuthController, 请求方法: loginAndRegister =================================== 
2026-08-24 15:57:37.144 [http-nio-8081-exec-1] WARN  c.d.x.auth.service.VerificationCodeServiceImpl - 验证码已过期或不存在，手机号: 19862172631
2026-08-24 15:57:37.145 [http-nio-8081-exec-1] WARN  c.d.x.auth.exception.GlobalExceptionHandler - /login request fail, errorCode: AUTH-20006, errorMessage: 验证码过期
2026-08-24 15:57:37.309 [http-nio-8081-exec-4] INFO  c.d.f.b.operationlog.aspect.ApiOperationLogAspect - ====== 请求开始: [用户登录/注册], 入参: {"phone":"19862172631","code":"246054","password":null,"type":1}, 请求类: AuthController, 请求方法: loginAndRegister =================================== 
2026-08-24 15:57:37.312 [http-nio-8081-exec-4] WARN  c.d.x.auth.service.VerificationCodeServiceImpl - 验证码已过期或不存在，手机号: 19862172631
2026-08-24 15:57:37.313 [http-nio-8081-exec-4] WARN  c.d.x.auth.exception.GlobalExceptionHandler - /login request fail, errorCode: AUTH-20006, errorMessage: 验证码过期
2026-08-24 15:57:37.489 [http-nio-8081-exec-2] INFO  c.d.f.b.operationlog.aspect.ApiOperationLogAspect - ====== 请求开始: [用户登录/注册], 入参: {"phone":"19862172631","code":"246054","password":null,"type":1}, 请求类: AuthController, 请求方法: loginAndRegister =================================== 
2026-08-24 15:57:37.493 [http-nio-8081-exec-2] WARN  c.d.x.auth.service.VerificationCodeServiceImpl - 验证码已过期或不存在，手机号: 19862172631
2026-08-24 15:57:37.494 [http-nio-8081-exec-2] WARN  c.d.x.auth.exception.GlobalExceptionHandler - /login request fail, errorCode: AUTH-20006, errorMessage: 验证码过期
2026-08-24 15:57:37.657 [http-nio-8081-exec-5] INFO  c.d.f.b.operationlog.aspect.ApiOperationLogAspect - ====== 请求开始: [用户登录/注册], 入参: {"phone":"19862172631","code":"246054","password":null,"type":1}, 请求类: AuthController, 请求方法: loginAndRegister =================================== 
2026-08-24 15:57:37.663 [http-nio-8081-exec-5] WARN  c.d.x.auth.service.VerificationCodeServiceImpl - 验证码已过期或不存在，手机号: 19862172631
2026-08-24 15:57:37.663 [http-nio-8081-exec-5] WARN  c.d.x.auth.exception.GlobalExceptionHandler - /login request fail, errorCode: AUTH-20006, errorMessage: 验证码过期
2026-08-24 15:57:37.833 [http-nio-8081-exec-9] INFO  c.d.f.b.operationlog.aspect.ApiOperationLogAspect - ====== 请求开始: [用户登录/注册], 入参: {"phone":"19862172631","code":"246054","password":null,"type":1}, 请求类: AuthController, 请求方法: loginAndRegister =================================== 
2026-08-24 15:57:37.836 [http-nio-8081-exec-9] WARN  c.d.x.auth.service.VerificationCodeServiceImpl - 验证码已过期或不存在，手机号: 19862172631
2026-08-24 15:57:37.838 [http-nio-8081-exec-9] WARN  c.d.x.auth.exception.GlobalExceptionHandler - /login request fail, errorCode: AUTH-20006, errorMessage: 验证码过期
2026-08-24 15:57:37.991 [http-nio-8081-exec-6] INFO  c.d.f.b.operationlog.aspect.ApiOperationLogAspect - ====== 请求开始: [用户登录/注册], 入参: {"phone":"19862172631","code":"246054","password":null,"type":1}, 请求类: AuthController, 请求方法: loginAndRegister =================================== 
2026-08-24 15:57:38.001 [http-nio-8081-exec-6] WARN  c.d.x.auth.service.VerificationCodeServiceImpl - 验证码已过期或不存在，手机号: 19862172631
2026-08-24 15:57:38.003 [http-nio-8081-exec-6] WARN  c.d.x.auth.exception.GlobalExceptionHandler - /login request fail, errorCode: AUTH-20006, errorMessage: 验证码过期
2026-08-24 15:57:38.163 [http-nio-8081-exec-10] INFO  c.d.f.b.operationlog.aspect.ApiOperationLogAspect - ====== 请求开始: [用户登录/注册], 入参: {"phone":"19862172631","code":"246054","password":null,"type":1}, 请求类: AuthController, 请求方法: loginAndRegister =================================== 
2026-08-24 15:57:38.167 [http-nio-8081-exec-10] WARN  c.d.x.auth.service.VerificationCodeServiceImpl - 验证码已过期或不存在，手机号: 19862172631
2026-08-24 15:57:38.168 [http-nio-8081-exec-10] WARN  c.d.x.auth.exception.GlobalExceptionHandler - /login request fail, errorCode: AUTH-20006, errorMessage: 验证码过期
2026-08-24 15:57:38.323 [http-nio-8081-exec-8] INFO  c.d.f.b.operationlog.aspect.ApiOperationLogAspect - ====== 请求开始: [用户登录/注册], 入参: {"phone":"19862172631","code":"246054","password":null,"type":1}, 请求类: AuthController, 请求方法: loginAndRegister =================================== 
2026-08-24 15:57:38.327 [http-nio-8081-exec-8] WARN  c.d.x.auth.service.VerificationCodeServiceImpl - 验证码已过期或不存在，手机号: 19862172631
2026-08-24 15:57:38.327 [http-nio-8081-exec-8] WARN  c.d.x.auth.exception.GlobalExceptionHandler - /login request fail, errorCode: AUTH-20006, errorMessage: 验证码过期
2026-08-24 15:57:38.499 [http-nio-8081-exec-3] INFO  c.d.f.b.operationlog.aspect.ApiOperationLogAspect - ====== 请求开始: [用户登录/注册], 入参: {"phone":"19862172631","code":"246054","password":null,"type":1}, 请求类: AuthController, 请求方法: loginAndRegister =================================== 
2026-08-24 15:57:38.502 [http-nio-8081-exec-3] WARN  c.d.x.auth.service.VerificationCodeServiceImpl - 验证码已过期或不存在，手机号: 19862172631
2026-08-24 15:57:38.504 [http-nio-8081-exec-3] WARN  c.d.x.auth.exception.GlobalExceptionHandler - /login request fail, errorCode: AUTH-20006, errorMessage: 验证码过期
2026-08-24 15:57:38.659 [http-nio-8081-exec-7] INFO  c.d.f.b.operationlog.aspect.ApiOperationLogAspect - ====== 请求开始: [用户登录/注册], 入参: {"phone":"19862172631","code":"246054","password":null,"type":1}, 请求类: AuthController, 请求方法: loginAndRegister =================================== 
2026-08-24 15:57:38.664 [http-nio-8081-exec-7] WARN  c.d.x.auth.service.VerificationCodeServiceImpl - 验证码已过期或不存在，手机号: 19862172631
2026-08-24 15:57:38.664 [http-nio-8081-exec-7] WARN  c.d.x.auth.exception.GlobalExceptionHandler - /login request fail, errorCode: AUTH-20006, errorMessage: 验证码过期
2026-08-24 15:57:38.843 [http-nio-8081-exec-1] INFO  c.d.f.b.operationlog.aspect.ApiOperationLogAspect - ====== 请求开始: [用户登录/注册], 入参: {"phone":"19862172631","code":"246054","password":null,"type":1}, 请求类: AuthController, 请求方法: loginAndRegister =================================== 
2026-08-24 15:57:38.847 [http-nio-8081-exec-1] WARN  c.d.x.auth.service.VerificationCodeServiceImpl - 验证码已过期或不存在，手机号: 19862172631
2026-08-24 15:57:38.847 [http-nio-8081-exec-1] WARN  c.d.x.auth.exception.GlobalExceptionHandler - /login request fail, errorCode: AUTH-20006, errorMessage: 验证码过期
2026-08-24 15:57:39.023 [http-nio-8081-exec-4] INFO  c.d.f.b.operationlog.aspect.ApiOperationLogAspect - ====== 请求开始: [用户登录/注册], 入参: {"phone":"19862172631","code":"246054","password":null,"type":1}, 请求类: AuthController, 请求方法: loginAndRegister =================================== 
2026-08-24 15:57:39.027 [http-nio-8081-exec-4] WARN  c.d.x.auth.service.VerificationCodeServiceImpl - 验证码已过期或不存在，手机号: 19862172631
2026-08-24 15:57:39.028 [http-nio-8081-exec-4] WARN  c.d.x.auth.exception.GlobalExceptionHandler - /login request fail, errorCode: AUTH-20006, errorMessage: 验证码过期
2026-08-24 15:57:39.196 [http-nio-8081-exec-2] INFO  c.d.f.b.operationlog.aspect.ApiOperationLogAspect - ====== 请求开始: [用户登录/注册], 入参: {"phone":"19862172631","code":"246054","password":null,"type":1}, 请求类: AuthController, 请求方法: loginAndRegister =================================== 
2026-08-24 15:57:39.200 [http-nio-8081-exec-2] WARN  c.d.x.auth.service.VerificationCodeServiceImpl - 验证码已过期或不存在，手机号: 19862172631
2026-08-24 15:57:39.202 [http-nio-8081-exec-2] WARN  c.d.x.auth.exception.GlobalExceptionHandler - /login request fail, errorCode: AUTH-20006, errorMessage: 验证码过期
2026-08-24 15:57:39.363 [http-nio-8081-exec-5] INFO  c.d.f.b.operationlog.aspect.ApiOperationLogAspect - ====== 请求开始: [用户登录/注册], 入参: {"phone":"19862172631","code":"246054","password":null,"type":1}, 请求类: AuthController, 请求方法: loginAndRegister =================================== 
2026-08-24 15:57:39.366 [http-nio-8081-exec-5] WARN  c.d.x.auth.service.VerificationCodeServiceImpl - 验证码已过期或不存在，手机号: 19862172631
2026-08-24 15:57:39.367 [http-nio-8081-exec-5] WARN  c.d.x.auth.exception.GlobalExceptionHandler - /login request fail, errorCode: AUTH-20006, errorMessage: 验证码过期
2026-08-24 15:57:39.522 [http-nio-8081-exec-9] INFO  c.d.f.b.operationlog.aspect.ApiOperationLogAspect - ====== 请求开始: [用户登录/注册], 入参: {"phone":"19862172631","code":"246054","password":null,"type":1}, 请求类: AuthController, 请求方法: loginAndRegister =================================== 
2026-08-24 15:57:39.526 [http-nio-8081-exec-9] WARN  c.d.x.auth.service.VerificationCodeServiceImpl - 验证码已过期或不存在，手机号: 19862172631
2026-08-24 15:57:39.526 [http-nio-8081-exec-9] WARN  c.d.x.auth.exception.GlobalExceptionHandler - /login request fail, errorCode: AUTH-20006, errorMessage: 验证码过期
2026-08-24 15:57:39.683 [http-nio-8081-exec-6] INFO  c.d.f.b.operationlog.aspect.ApiOperationLogAspect - ====== 请求开始: [用户登录/注册], 入参: {"phone":"19862172631","code":"246054","password":null,"type":1}, 请求类: AuthController, 请求方法: loginAndRegister =================================== 
2026-08-24 15:57:39.687 [http-nio-8081-exec-6] WARN  c.d.x.auth.service.VerificationCodeServiceImpl - 验证码已过期或不存在，手机号: 19862172631
2026-08-24 15:57:39.688 [http-nio-8081-exec-6] WARN  c.d.x.auth.exception.GlobalExceptionHandler - /login request fail, errorCode: AUTH-20006, errorMessage: 验证码过期
2026-08-24 15:57:39.841 [http-nio-8081-exec-10] INFO  c.d.f.b.operationlog.aspect.ApiOperationLogAspect - ====== 请求开始: [用户登录/注册], 入参: {"phone":"19862172631","code":"246054","password":null,"type":1}, 请求类: AuthController, 请求方法: loginAndRegister =================================== 
2026-08-24 15:57:39.843 [http-nio-8081-exec-10] WARN  c.d.x.auth.service.VerificationCodeServiceImpl - 验证码已过期或不存在，手机号: 19862172631
2026-08-24 15:57:39.844 [http-nio-8081-exec-10] WARN  c.d.x.auth.exception.GlobalExceptionHandler - /login request fail, errorCode: AUTH-20006, errorMessage: 验证码过期
2026-08-24 15:57:39.977 [http-nio-8081-exec-8] INFO  c.d.f.b.operationlog.aspect.ApiOperationLogAspect - ====== 请求开始: [用户登录/注册], 入参: {"phone":"19862172631","code":"246054","password":null,"type":1}, 请求类: AuthController, 请求方法: loginAndRegister =================================== 
2026-08-24 15:57:39.980 [http-nio-8081-exec-8] WARN  c.d.x.auth.service.VerificationCodeServiceImpl - 验证码已过期或不存在，手机号: 19862172631
2026-08-24 15:57:39.981 [http-nio-8081-exec-8] WARN  c.d.x.auth.exception.GlobalExceptionHandler - /login request fail, errorCode: AUTH-20006, errorMessage: 验证码过期
2026-08-24 15:57:40.136 [http-nio-8081-exec-3] INFO  c.d.f.b.operationlog.aspect.ApiOperationLogAspect - ====== 请求开始: [用户登录/注册], 入参: {"phone":"19862172631","code":"246054","password":null,"type":1}, 请求类: AuthController, 请求方法: loginAndRegister =================================== 
2026-08-24 15:57:40.140 [http-nio-8081-exec-3] WARN  c.d.x.auth.service.VerificationCodeServiceImpl - 验证码已过期或不存在，手机号: 19862172631
2026-08-24 15:57:40.140 [http-nio-8081-exec-3] WARN  c.d.x.auth.exception.GlobalExceptionHandler - /login request fail, errorCode: AUTH-20006, errorMessage: 验证码过期
2026-08-24 15:57:40.288 [http-nio-8081-exec-7] INFO  c.d.f.b.operationlog.aspect.ApiOperationLogAspect - ====== 请求开始: [用户登录/注册], 入参: {"phone":"19862172631","code":"246054","password":null,"type":1}, 请求类: AuthController, 请求方法: loginAndRegister =================================== 
2026-08-24 15:57:40.293 [http-nio-8081-exec-7] WARN  c.d.x.auth.service.VerificationCodeServiceImpl - 验证码已过期或不存在，手机号: 19862172631
2026-08-24 15:57:40.294 [http-nio-8081-exec-7] WARN  c.d.x.auth.exception.GlobalExceptionHandler - /login request fail, errorCode: AUTH-20006, errorMessage: 验证码过期
2026-08-24 15:57:40.456 [http-nio-8081-exec-1] INFO  c.d.f.b.operationlog.aspect.ApiOperationLogAspect - ====== 请求开始: [用户登录/注册], 入参: {"phone":"19862172631","code":"246054","password":null,"type":1}, 请求类: AuthController, 请求方法: loginAndRegister =================================== 
2026-08-24 15:57:40.459 [http-nio-8081-exec-1] WARN  c.d.x.auth.service.VerificationCodeServiceImpl - 验证码已过期或不存在，手机号: 19862172631
2026-08-24 15:57:40.460 [http-nio-8081-exec-1] WARN  c.d.x.auth.exception.GlobalExceptionHandler - /login request fail, errorCode: AUTH-20006, errorMessage: 验证码过期
2026-08-24 15:57:40.647 [http-nio-8081-exec-4] INFO  c.d.f.b.operationlog.aspect.ApiOperationLogAspect - ====== 请求开始: [用户登录/注册], 入参: {"phone":"19862172631","code":"246054","password":null,"type":1}, 请求类: AuthController, 请求方法: loginAndRegister =================================== 
2026-08-24 15:57:40.649 [http-nio-8081-exec-4] WARN  c.d.x.auth.service.VerificationCodeServiceImpl - 验证码已过期或不存在，手机号: 19862172631
2026-08-24 15:57:40.650 [http-nio-8081-exec-4] WARN  c.d.x.auth.exception.GlobalExceptionHandler - /login request fail, errorCode: AUTH-20006, errorMessage: 验证码过期
2026-08-24 15:57:40.840 [http-nio-8081-exec-2] INFO  c.d.f.b.operationlog.aspect.ApiOperationLogAspect - ====== 请求开始: [用户登录/注册], 入参: {"phone":"19862172631","code":"246054","password":null,"type":1}, 请求类: AuthController, 请求方法: loginAndRegister =================================== 
2026-08-24 15:57:40.846 [http-nio-8081-exec-2] WARN  c.d.x.auth.service.VerificationCodeServiceImpl - 验证码已过期或不存在，手机号: 19862172631
2026-08-24 15:57:40.846 [http-nio-8081-exec-2] WARN  c.d.x.auth.exception.GlobalExceptionHandler - /login request fail, errorCode: AUTH-20006, errorMessage: 验证码过期
2026-08-24 15:57:42.951 [http-nio-8081-exec-5] INFO  c.d.f.b.operationlog.aspect.ApiOperationLogAspect - ====== 请求开始: [用户登录/注册], 入参: {"phone":"19862172631","code":"246054","password":null,"type":1}, 请求类: AuthController, 请求方法: loginAndRegister =================================== 
2026-08-24 15:57:42.954 [http-nio-8081-exec-5] WARN  c.d.x.auth.service.VerificationCodeServiceImpl - 验证码已过期或不存在，手机号: 19862172631
2026-08-24 15:57:42.954 [http-nio-8081-exec-5] WARN  c.d.x.auth.exception.GlobalExceptionHandler - /login request fail, errorCode: AUTH-20006, errorMessage: 验证码过期
2026-08-24 15:57:43.239 [http-nio-8081-exec-9] INFO  c.d.f.b.operationlog.aspect.ApiOperationLogAspect - ====== 请求开始: [用户登录/注册], 入参: {"phone":"19862172631","code":"246054","password":null,"type":1}, 请求类: AuthController, 请求方法: loginAndRegister =================================== 
2026-08-24 15:57:43.242 [http-nio-8081-exec-9] WARN  c.d.x.auth.service.VerificationCodeServiceImpl - 验证码已过期或不存在，手机号: 19862172631
2026-08-24 15:57:43.244 [http-nio-8081-exec-9] WARN  c.d.x.auth.exception.GlobalExceptionHandler - /login request fail, errorCode: AUTH-20006, errorMessage: 验证码过期
2026-08-24 15:57:43.416 [http-nio-8081-exec-6] INFO  c.d.f.b.operationlog.aspect.ApiOperationLogAspect - ====== 请求开始: [用户登录/注册], 入参: {"phone":"19862172631","code":"246054","password":null,"type":1}, 请求类: AuthController, 请求方法: loginAndRegister =================================== 
2026-08-24 15:57:43.419 [http-nio-8081-exec-6] WARN  c.d.x.auth.service.VerificationCodeServiceImpl - 验证码已过期或不存在，手机号: 19862172631
2026-08-24 15:57:43.420 [http-nio-8081-exec-6] WARN  c.d.x.auth.exception.GlobalExceptionHandler - /login request fail, errorCode: AUTH-20006, errorMessage: 验证码过期
2026-08-24 15:57:43.591 [http-nio-8081-exec-10] INFO  c.d.f.b.operationlog.aspect.ApiOperationLogAspect - ====== 请求开始: [用户登录/注册], 入参: {"phone":"19862172631","code":"246054","password":null,"type":1}, 请求类: AuthController, 请求方法: loginAndRegister =================================== 
2026-08-24 15:57:43.595 [http-nio-8081-exec-10] WARN  c.d.x.auth.service.VerificationCodeServiceImpl - 验证码已过期或不存在，手机号: 19862172631
2026-08-24 15:57:43.595 [http-nio-8081-exec-10] WARN  c.d.x.auth.exception.GlobalExceptionHandler - /login request fail, errorCode: AUTH-20006, errorMessage: 验证码过期
2026-08-24 15:57:43.758 [http-nio-8081-exec-8] INFO  c.d.f.b.operationlog.aspect.ApiOperationLogAspect - ====== 请求开始: [用户登录/注册], 入参: {"phone":"19862172631","code":"246054","password":null,"type":1}, 请求类: AuthController, 请求方法: loginAndRegister =================================== 
2026-08-24 15:57:43.762 [http-nio-8081-exec-8] WARN  c.d.x.auth.service.VerificationCodeServiceImpl - 验证码已过期或不存在，手机号: 19862172631
2026-08-24 15:57:43.763 [http-nio-8081-exec-8] WARN  c.d.x.auth.exception.GlobalExceptionHandler - /login request fail, errorCode: AUTH-20006, errorMessage: 验证码过期
2026-08-24 15:57:43.926 [http-nio-8081-exec-3] INFO  c.d.f.b.operationlog.aspect.ApiOperationLogAspect - ====== 请求开始: [用户登录/注册], 入参: {"phone":"19862172631","code":"246054","password":null,"type":1}, 请求类: AuthController, 请求方法: loginAndRegister =================================== 
2026-08-24 15:57:43.931 [http-nio-8081-exec-3] WARN  c.d.x.auth.service.VerificationCodeServiceImpl - 验证码已过期或不存在，手机号: 19862172631
2026-08-24 15:57:43.931 [http-nio-8081-exec-3] WARN  c.d.x.auth.exception.GlobalExceptionHandler - /login request fail, errorCode: AUTH-20006, errorMessage: 验证码过期
2026-08-24 15:57:44.079 [http-nio-8081-exec-7] INFO  c.d.f.b.operationlog.aspect.ApiOperationLogAspect - ====== 请求开始: [用户登录/注册], 入参: {"phone":"19862172631","code":"246054","password":null,"type":1}, 请求类: AuthController, 请求方法: loginAndRegister =================================== 
2026-08-24 15:57:44.081 [http-nio-8081-exec-7] WARN  c.d.x.auth.service.VerificationCodeServiceImpl - 验证码已过期或不存在，手机号: 19862172631
2026-08-24 15:57:44.082 [http-nio-8081-exec-7] WARN  c.d.x.auth.exception.GlobalExceptionHandler - /login request fail, errorCode: AUTH-20006, errorMessage: 验证码过期
2026-08-24 15:57:47.303 [http-nio-8081-exec-1] INFO  c.d.f.b.operationlog.aspect.ApiOperationLogAspect - ====== 请求开始: [用户登录/注册], 入参: {"phone":"19862172631","code":"246054","password":null,"type":1}, 请求类: AuthController, 请求方法: loginAndRegister =================================== 
2026-08-24 15:57:47.307 [http-nio-8081-exec-1] WARN  c.d.x.auth.service.VerificationCodeServiceImpl - 验证码已过期或不存在，手机号: 19862172631
2026-08-24 15:57:47.309 [http-nio-8081-exec-1] WARN  c.d.x.auth.exception.GlobalExceptionHandler - /login request fail, errorCode: AUTH-20006, errorMessage: 验证码过期
2026-08-24 15:57:47.501 [http-nio-8081-exec-4] INFO  c.d.f.b.operationlog.aspect.ApiOperationLogAspect - ====== 请求开始: [用户登录/注册], 入参: {"phone":"19862172631","code":"246054","password":null,"type":1}, 请求类: AuthController, 请求方法: loginAndRegister =================================== 
2026-08-24 15:57:47.505 [http-nio-8081-exec-4] WARN  c.d.x.auth.service.VerificationCodeServiceImpl - 验证码已过期或不存在，手机号: 19862172631
2026-08-24 15:57:47.505 [http-nio-8081-exec-4] WARN  c.d.x.auth.exception.GlobalExceptionHandler - /login request fail, errorCode: AUTH-20006, errorMessage: 验证码过期
2026-08-24 15:57:47.677 [http-nio-8081-exec-2] INFO  c.d.f.b.operationlog.aspect.ApiOperationLogAspect - ====== 请求开始: [用户登录/注册], 入参: {"phone":"19862172631","code":"246054","password":null,"type":1}, 请求类: AuthController, 请求方法: loginAndRegister =================================== 
2026-08-24 15:57:47.681 [http-nio-8081-exec-2] WARN  c.d.x.auth.service.VerificationCodeServiceImpl - 验证码已过期或不存在，手机号: 19862172631
2026-08-24 15:57:47.682 [http-nio-8081-exec-2] WARN  c.d.x.auth.exception.GlobalExceptionHandler - /login request fail, errorCode: AUTH-20006, errorMessage: 验证码过期
2026-08-24 15:57:47.876 [http-nio-8081-exec-5] INFO  c.d.f.b.operationlog.aspect.ApiOperationLogAspect - ====== 请求开始: [用户登录/注册], 入参: {"phone":"19862172631","code":"246054","password":null,"type":1}, 请求类: AuthController, 请求方法: loginAndRegister =================================== 
2026-08-24 15:57:47.880 [http-nio-8081-exec-5] WARN  c.d.x.auth.service.VerificationCodeServiceImpl - 验证码已过期或不存在，手机号: 19862172631
2026-08-24 15:57:47.880 [http-nio-8081-exec-5] WARN  c.d.x.auth.exception.GlobalExceptionHandler - /login request fail, errorCode: AUTH-20006, errorMessage: 验证码过期
2026-08-24 15:57:50.058 [http-nio-8081-exec-9] INFO  c.d.f.b.operationlog.aspect.ApiOperationLogAspect - ====== 请求开始: [用户登录/注册], 入参: {"phone":"19862172631","code":"246054","password":null,"type":1}, 请求类: AuthController, 请求方法: loginAndRegister =================================== 
2026-08-24 15:57:50.062 [http-nio-8081-exec-9] WARN  c.d.x.auth.service.VerificationCodeServiceImpl - 验证码已过期或不存在，手机号: 19862172631
2026-08-24 15:57:50.064 [http-nio-8081-exec-9] WARN  c.d.x.auth.exception.GlobalExceptionHandler - /login request fail, errorCode: AUTH-20006, errorMessage: 验证码过期
2026-08-24 15:57:52.525 [http-nio-8081-exec-6] INFO  c.d.f.b.operationlog.aspect.ApiOperationLogAspect - ====== 请求开始: [用户登录/注册], 入参: {"phone":"19862172631","code":"246054","password":null,"type":1}, 请求类: AuthController, 请求方法: loginAndRegister =================================== 
2026-08-24 15:57:52.528 [http-nio-8081-exec-6] WARN  c.d.x.auth.service.VerificationCodeServiceImpl - 验证码已过期或不存在，手机号: 19862172631
2026-08-24 15:57:52.529 [http-nio-8081-exec-6] WARN  c.d.x.auth.exception.GlobalExceptionHandler - /login request fail, errorCode: AUTH-20006, errorMessage: 验证码过期
2026-08-24 15:57:52.722 [http-nio-8081-exec-10] INFO  c.d.f.b.operationlog.aspect.ApiOperationLogAspect - ====== 请求开始: [用户登录/注册], 入参: {"phone":"19862172631","code":"246054","password":null,"type":1}, 请求类: AuthController, 请求方法: loginAndRegister =================================== 
2026-08-24 15:57:52.725 [http-nio-8081-exec-10] WARN  c.d.x.auth.service.VerificationCodeServiceImpl - 验证码已过期或不存在，手机号: 19862172631
2026-08-24 15:57:52.726 [http-nio-8081-exec-10] WARN  c.d.x.auth.exception.GlobalExceptionHandler - /login request fail, errorCode: AUTH-20006, errorMessage: 验证码过期
2026-08-24 15:57:52.901 [http-nio-8081-exec-8] INFO  c.d.f.b.operationlog.aspect.ApiOperationLogAspect - ====== 请求开始: [用户登录/注册], 入参: {"phone":"19862172631","code":"246054","password":null,"type":1}, 请求类: AuthController, 请求方法: loginAndRegister =================================== 
2026-08-24 15:57:52.905 [http-nio-8081-exec-8] WARN  c.d.x.auth.service.VerificationCodeServiceImpl - 验证码已过期或不存在，手机号: 19862172631
2026-08-24 15:57:52.905 [http-nio-8081-exec-8] WARN  c.d.x.auth.exception.GlobalExceptionHandler - /login request fail, errorCode: AUTH-20006, errorMessage: 验证码过期
2026-08-24 15:57:54.513 [http-nio-8081-exec-3] INFO  c.d.f.b.operationlog.aspect.ApiOperationLogAspect - ====== 请求开始: [用户登录/注册], 入参: {"phone":"19862172631","code":"246054","password":null,"type":1}, 请求类: AuthController, 请求方法: loginAndRegister =================================== 
2026-08-24 15:57:54.517 [http-nio-8081-exec-3] WARN  c.d.x.auth.service.VerificationCodeServiceImpl - 验证码已过期或不存在，手机号: 19862172631
2026-08-24 15:57:54.518 [http-nio-8081-exec-3] WARN  c.d.x.auth.exception.GlobalExceptionHandler - /login request fail, errorCode: AUTH-20006, errorMessage: 验证码过期
2026-08-24 15:57:54.934 [http-nio-8081-exec-7] INFO  c.d.f.b.operationlog.aspect.ApiOperationLogAspect - ====== 请求开始: [用户登录/注册], 入参: {"phone":"19862172631","code":"246054","password":null,"type":1}, 请求类: AuthController, 请求方法: loginAndRegister =================================== 
2026-08-24 15:57:54.937 [http-nio-8081-exec-7] WARN  c.d.x.auth.service.VerificationCodeServiceImpl - 验证码已过期或不存在，手机号: 19862172631
2026-08-24 15:57:54.937 [http-nio-8081-exec-7] WARN  c.d.x.auth.exception.GlobalExceptionHandler - /login request fail, errorCode: AUTH-20006, errorMessage: 验证码过期
2026-08-24 15:57:55.145 [http-nio-8081-exec-1] INFO  c.d.f.b.operationlog.aspect.ApiOperationLogAspect - ====== 请求开始: [用户登录/注册], 入参: {"phone":"19862172631","code":"246054","password":null,"type":1}, 请求类: AuthController, 请求方法: loginAndRegister =================================== 
2026-08-24 15:57:55.148 [http-nio-8081-exec-1] WARN  c.d.x.auth.service.VerificationCodeServiceImpl - 验证码已过期或不存在，手机号: 19862172631
2026-08-24 15:57:55.150 [http-nio-8081-exec-1] WARN  c.d.x.auth.exception.GlobalExceptionHandler - /login request fail, errorCode: AUTH-20006, errorMessage: 验证码过期
2026-08-24 15:57:55.363 [http-nio-8081-exec-4] INFO  c.d.f.b.operationlog.aspect.ApiOperationLogAspect - ====== 请求开始: [用户登录/注册], 入参: {"phone":"19862172631","code":"246054","password":null,"type":1}, 请求类: AuthController, 请求方法: loginAndRegister =================================== 
2026-08-24 15:57:55.368 [http-nio-8081-exec-4] WARN  c.d.x.auth.service.VerificationCodeServiceImpl - 验证码已过期或不存在，手机号: 19862172631
2026-08-24 15:57:55.369 [http-nio-8081-exec-4] WARN  c.d.x.auth.exception.GlobalExceptionHandler - /login request fail, errorCode: AUTH-20006, errorMessage: 验证码过期
2026-08-24 15:57:55.589 [http-nio-8081-exec-2] INFO  c.d.f.b.operationlog.aspect.ApiOperationLogAspect - ====== 请求开始: [用户登录/注册], 入参: {"phone":"19862172631","code":"246054","password":null,"type":1}, 请求类: AuthController, 请求方法: loginAndRegister =================================== 
2026-08-24 15:57:55.592 [http-nio-8081-exec-2] WARN  c.d.x.auth.service.VerificationCodeServiceImpl - 验证码已过期或不存在，手机号: 19862172631
2026-08-24 15:57:55.593 [http-nio-8081-exec-2] WARN  c.d.x.auth.exception.GlobalExceptionHandler - /login request fail, errorCode: AUTH-20006, errorMessage: 验证码过期
2026-08-24 15:57:55.797 [http-nio-8081-exec-5] INFO  c.d.f.b.operationlog.aspect.ApiOperationLogAspect - ====== 请求开始: [用户登录/注册], 入参: {"phone":"19862172631","code":"246054","password":null,"type":1}, 请求类: AuthController, 请求方法: loginAndRegister =================================== 
2026-08-24 15:57:55.801 [http-nio-8081-exec-5] WARN  c.d.x.auth.service.VerificationCodeServiceImpl - 验证码已过期或不存在，手机号: 19862172631
2026-08-24 15:57:55.802 [http-nio-8081-exec-5] WARN  c.d.x.auth.exception.GlobalExceptionHandler - /login request fail, errorCode: AUTH-20006, errorMessage: 验证码过期
2026-08-24 15:57:55.974 [http-nio-8081-exec-9] INFO  c.d.f.b.operationlog.aspect.ApiOperationLogAspect - ====== 请求开始: [用户登录/注册], 入参: {"phone":"19862172631","code":"246054","password":null,"type":1}, 请求类: AuthController, 请求方法: loginAndRegister =================================== 
2026-08-24 15:57:55.978 [http-nio-8081-exec-9] WARN  c.d.x.auth.service.VerificationCodeServiceImpl - 验证码已过期或不存在，手机号: 19862172631
2026-08-24 15:57:55.980 [http-nio-8081-exec-9] WARN  c.d.x.auth.exception.GlobalExceptionHandler - /login request fail, errorCode: AUTH-20006, errorMessage: 验证码过期
2026-08-24 15:58:00.933 [http-nio-8081-exec-6] INFO  c.d.f.b.operationlog.aspect.ApiOperationLogAspect - ====== 请求开始: [用户登录/注册], 入参: {"phone":"19862172631","code":"246054","password":null,"type":1}, 请求类: AuthController, 请求方法: loginAndRegister =================================== 
2026-08-24 15:58:00.937 [http-nio-8081-exec-6] WARN  c.d.x.auth.service.VerificationCodeServiceImpl - 验证码已过期或不存在，手机号: 19862172631
2026-08-24 15:58:00.938 [http-nio-8081-exec-6] WARN  c.d.x.auth.exception.GlobalExceptionHandler - /login request fail, errorCode: AUTH-20006, errorMessage: 验证码过期
2026-08-24 15:58:56.773 [http-nio-8081-exec-10] INFO  c.d.f.b.operationlog.aspect.ApiOperationLogAspect - ====== 请求开始: [发送验证码], 入参: {"phone":"15662091328"}, 请求类: VerificationCodeController, 请求方法: sendCode =================================== 
2026-08-24 15:58:56.778 [http-nio-8081-exec-10] INFO  c.d.f.b.operationlog.aspect.ApiOperationLogAspect - ====== 请求结束: [发送验证码], 耗时: 5ms, 出参: {"success":true,"message":null,"errorCode":null,"data":null} =================================== 
2026-08-24 15:58:59.786 [task-2] INFO  c.d.x.auth.service.VerificationCodeServiceImpl - 验证码已生成，手机号: 15662091328, 验证码: 364798
2026-08-24 15:59:13.463 [http-nio-8081-exec-8] INFO  c.d.f.b.operationlog.aspect.ApiOperationLogAspect - ====== 请求开始: [用户登录/注册], 入参: {"phone":"15662091328","code":"364798","password":null,"type":1}, 请求类: AuthController, 请求方法: loginAndRegister =================================== 
2026-08-24 15:59:14.053 [http-nio-8081-exec-8] INFO  c.d.f.b.operationlog.aspect.ApiOperationLogAspect - ====== 请求结束: [用户登录/注册], 耗时: 590ms, 出参: {"success":true,"message":null,"errorCode":null,"data":"OiQfKmujnE6bhEniTm5Z1joBw6VgfEaf6z9ELziadGJD9FFsRibKGMwDgcC9iUeeWVufoUxXvkA1NDvav8dDnlRGd8UWZfwh5YWLWR73KGsfdy1KlueWTlmTXboloPMA"} =================================== 
2026-08-24 16:08:24.609 [http-nio-8081-exec-7] INFO  c.d.f.b.context.filter.HeaderUserId2ContextFilter - ===== 设置 userId 到 ThreadLocal 中， 用户 ID: 1787558353486002
2026-08-24 16:08:24.611 [http-nio-8081-exec-7] INFO  c.d.f.b.operationlog.aspect.ApiOperationLogAspect - ====== 请求开始: [账号登出], 入参: , 请求类: AuthController, 请求方法: logout =================================== 
2026-08-24 16:08:24.623 [http-nio-8081-exec-7] INFO  c.d.f.b.operationlog.aspect.ApiOperationLogAspect - ====== 请求结束: [账号登出], 耗时: 12ms, 出参: {"success":true,"message":null,"errorCode":null,"data":null} =================================== 
2026-08-24 16:08:24.625 [http-nio-8081-exec-7] INFO  c.d.f.b.context.filter.HeaderUserId2ContextFilter - ===== 删除 ThreadLocal， userId: 1787558353486002
2026-08-24 16:08:46.759 [http-nio-8081-exec-1] INFO  c.d.f.b.operationlog.aspect.ApiOperationLogAspect - ====== 请求开始: [发送验证码], 入参: {"phone":"19862172631"}, 请求类: VerificationCodeController, 请求方法: sendCode =================================== 
2026-08-24 16:08:46.765 [http-nio-8081-exec-1] INFO  c.d.f.b.operationlog.aspect.ApiOperationLogAspect - ====== 请求结束: [发送验证码], 耗时: 6ms, 出参: {"success":true,"message":null,"errorCode":null,"data":null} =================================== 
2026-08-24 16:08:49.776 [task-3] INFO  c.d.x.auth.service.VerificationCodeServiceImpl - 验证码已生成，手机号: 19862172631, 验证码: 232475
2026-08-24 16:09:11.413 [http-nio-8081-exec-4] INFO  c.d.f.b.operationlog.aspect.ApiOperationLogAspect - ====== 请求开始: [用户登录/注册], 入参: {"phone":"19862172631","code":"232475","password":null,"type":1}, 请求类: AuthController, 请求方法: loginAndRegister =================================== 
2026-08-24 16:09:11.469 [http-nio-8081-exec-4] INFO  c.d.f.b.operationlog.aspect.ApiOperationLogAspect - ====== 请求结束: [用户登录/注册], 耗时: 55ms, 出参: {"success":true,"message":null,"errorCode":null,"data":"w6QiP52t1lcOgubRuDLGM1pcLg0mN1U1AZaR4hOSKjM2EBwiv5Ea6U7856HR2nFvWQfTqnw8T9UJ6TqfV3dWcChjey5C2VfPwyt8baPMPFjidy74pXTI98zMIHMdjikk"} =================================== 
2026-08-24 16:18:57.773 [http-nio-8081-exec-5] INFO  c.d.f.b.context.filter.HeaderUserId2ContextFilter - ===== 设置 userId 到 ThreadLocal 中， 用户 ID: 1787545330104002
2026-08-24 16:18:57.774 [http-nio-8081-exec-5] INFO  c.d.f.b.operationlog.aspect.ApiOperationLogAspect - ====== 请求开始: [账号登出], 入参: , 请求类: AuthController, 请求方法: logout =================================== 
2026-08-24 16:18:57.788 [http-nio-8081-exec-5] INFO  c.d.f.b.operationlog.aspect.ApiOperationLogAspect - ====== 请求结束: [账号登出], 耗时: 14ms, 出参: {"success":true,"message":null,"errorCode":null,"data":null} =================================== 
2026-08-24 16:18:57.793 [http-nio-8081-exec-5] INFO  c.d.f.b.context.filter.HeaderUserId2ContextFilter - ===== 删除 ThreadLocal， userId: 1787545330104002
2026-08-24 16:19:14.198 [http-nio-8081-exec-9] INFO  c.d.f.b.operationlog.aspect.ApiOperationLogAspect - ====== 请求开始: [发送验证码], 入参: {"phone":"19862172631"}, 请求类: VerificationCodeController, 请求方法: sendCode =================================== 
2026-08-24 16:19:14.202 [http-nio-8081-exec-9] INFO  c.d.f.b.operationlog.aspect.ApiOperationLogAspect - ====== 请求结束: [发送验证码], 耗时: 4ms, 出参: {"success":true,"message":null,"errorCode":null,"data":null} =================================== 
2026-08-24 16:19:17.212 [task-4] INFO  c.d.x.auth.service.VerificationCodeServiceImpl - 验证码已生成，手机号: 19862172631, 验证码: 550789
2026-08-24 16:19:23.507 [http-nio-8081-exec-6] INFO  c.d.f.b.operationlog.aspect.ApiOperationLogAspect - ====== 请求开始: [用户登录/注册], 入参: {"phone":"19862172631","code":"550789","password":null,"type":1}, 请求类: AuthController, 请求方法: loginAndRegister =================================== 
2026-08-24 16:19:23.560 [http-nio-8081-exec-6] INFO  c.d.f.b.operationlog.aspect.ApiOperationLogAspect - ====== 请求结束: [用户登录/注册], 耗时: 53ms, 出参: {"success":true,"message":null,"errorCode":null,"data":"MmIj1wpX3k1z3UGwPC4J6b9F6lK3DPdBXtkLlSTUXJz5Lld7vFzbzDPEg0Cn0grfS9Kv3mGWFwQTZ87c0FQBl4x76sXCszaeK1GuFC6DobRsmnjPCeodNqQ3I7pprvwG"} =================================== 
2026-08-24 16:34:05.339 [http-nio-8081-exec-8] INFO  c.d.f.b.context.filter.HeaderUserId2ContextFilter - ===== 设置 userId 到 ThreadLocal 中， 用户 ID: 1787545330104002
2026-08-24 16:34:05.340 [http-nio-8081-exec-8] INFO  c.d.f.b.operationlog.aspect.ApiOperationLogAspect - ====== 请求开始: [账号登出], 入参: , 请求类: AuthController, 请求方法: logout =================================== 
2026-08-24 16:34:05.351 [http-nio-8081-exec-8] INFO  c.d.f.b.operationlog.aspect.ApiOperationLogAspect - ====== 请求结束: [账号登出], 耗时: 11ms, 出参: {"success":true,"message":null,"errorCode":null,"data":null} =================================== 
2026-08-24 16:34:05.354 [http-nio-8081-exec-8] INFO  c.d.f.b.context.filter.HeaderUserId2ContextFilter - ===== 删除 ThreadLocal， userId: 1787545330104002
2026-08-24 16:34:51.050 [http-nio-8081-exec-3] INFO  c.d.f.b.operationlog.aspect.ApiOperationLogAspect - ====== 请求开始: [发送验证码], 入参: {"phone":"19862172631"}, 请求类: VerificationCodeController, 请求方法: sendCode =================================== 
2026-08-24 16:34:51.054 [http-nio-8081-exec-3] INFO  c.d.f.b.operationlog.aspect.ApiOperationLogAspect - ====== 请求结束: [发送验证码], 耗时: 4ms, 出参: {"success":true,"message":null,"errorCode":null,"data":null} =================================== 
2026-08-24 16:34:54.061 [task-5] INFO  c.d.x.auth.service.VerificationCodeServiceImpl - 验证码已生成，手机号: 19862172631, 验证码: 636131
2026-08-24 16:35:12.804 [http-nio-8081-exec-7] INFO  c.d.f.b.operationlog.aspect.ApiOperationLogAspect - ====== 请求开始: [用户登录/注册], 入参: {"phone":"19862172631","code":"636131","password":null,"type":1}, 请求类: AuthController, 请求方法: loginAndRegister =================================== 
2026-08-24 16:35:12.858 [http-nio-8081-exec-7] INFO  c.d.f.b.operationlog.aspect.ApiOperationLogAspect - ====== 请求结束: [用户登录/注册], 耗时: 54ms, 出参: {"success":true,"message":null,"errorCode":null,"data":"zWorZ0nXGAGJmaNf85whReE9qQtQtxHOO0zTp4bObv5bYxg5WqSe8WWWOC0SXD6MgRdnA6yO598i8UDWa2EhbR1iqTM5huL5tKegrW00656COEgXb6h29P6sfQbyuxwi"} =================================== 
2026-08-24 16:51:39.023 [http-nio-8081-exec-4] INFO  c.d.f.b.context.filter.HeaderUserId2ContextFilter - ===== 设置 userId 到 ThreadLocal 中， 用户 ID: 1787545330104002
2026-08-24 16:51:39.025 [http-nio-8081-exec-4] INFO  c.d.f.b.operationlog.aspect.ApiOperationLogAspect - ====== 请求开始: [账号登出], 入参: , 请求类: AuthController, 请求方法: logout =================================== 
2026-08-24 16:51:39.035 [http-nio-8081-exec-4] INFO  c.d.f.b.operationlog.aspect.ApiOperationLogAspect - ====== 请求结束: [账号登出], 耗时: 11ms, 出参: {"success":true,"message":null,"errorCode":null,"data":null} =================================== 
2026-08-24 16:51:39.040 [http-nio-8081-exec-4] INFO  c.d.f.b.context.filter.HeaderUserId2ContextFilter - ===== 删除 ThreadLocal， userId: 1787545330104002
2026-08-24 16:51:47.738 [http-nio-8081-exec-2] INFO  c.d.f.b.operationlog.aspect.ApiOperationLogAspect - ====== 请求开始: [发送验证码], 入参: {"phone":"19862172631"}, 请求类: VerificationCodeController, 请求方法: sendCode =================================== 
2026-08-24 16:51:47.744 [http-nio-8081-exec-2] INFO  c.d.f.b.operationlog.aspect.ApiOperationLogAspect - ====== 请求结束: [发送验证码], 耗时: 6ms, 出参: {"success":true,"message":null,"errorCode":null,"data":null} =================================== 
2026-08-24 16:51:50.755 [task-6] INFO  c.d.x.auth.service.VerificationCodeServiceImpl - 验证码已生成，手机号: 19862172631, 验证码: 599352
2026-08-24 16:52:06.109 [http-nio-8081-exec-5] INFO  c.d.f.b.operationlog.aspect.ApiOperationLogAspect - ====== 请求开始: [用户登录/注册], 入参: {"phone":"19862172631","code":"599352","password":null,"type":1}, 请求类: AuthController, 请求方法: loginAndRegister =================================== 
2026-08-24 16:52:06.180 [http-nio-8081-exec-5] INFO  c.d.f.b.operationlog.aspect.ApiOperationLogAspect - ====== 请求结束: [用户登录/注册], 耗时: 71ms, 出参: {"success":true,"message":null,"errorCode":null,"data":"sPvGyRWFdstIyR58l62vVaUFohzRh6xV4HnOLAXOkEnDdboZU5tt7ZrExGgrFX0X0JZfEfQ4QQmil9lYh1p6LZ3E9HN8gvzjgNc5gyMFuVnDgtKxSoDb4ATvvcNbbQt1"} =================================== 
