2026-08-18 13:25:32.321 [main] INFO  com.dyc.xiaohashu.oss.XiaohashuOssBizApplication - Starting XiaohashuOssBizApplication using Java 17.0.12 with PID 36040 (E:\CodeDir\xiaohashu\xiaohashu-oss\xiaohashu-oss-biz\target\classes started by DYC in E:\CodeDir\xiaohashu)
2026-08-18 13:25:32.322 [main] INFO  com.dyc.xiaohashu.oss.XiaohashuOssBizApplication - The following 1 profile is active: "dev"
2026-08-18 13:25:32.708 [main] INFO  o.s.boot.web.embedded.tomcat.TomcatWebServer - Tomcat initialized with port(s): 8081 (http)
2026-08-18 13:25:32.713 [main] INFO  org.apache.catalina.core.StandardService - Starting service [Tomcat]
2026-08-18 13:25:32.713 [main] INFO  org.apache.catalina.core.StandardEngine - Starting Servlet engine: [Apache Tomcat/10.1.5]
2026-08-18 13:25:32.755 [main] INFO  o.a.c.core.ContainerBase.[Tomcat].[localhost].[/] - Initializing Spring embedded WebApplicationContext
2026-08-18 13:25:32.756 [main] INFO  o.s.b.w.s.c.ServletWebServerApplicationContext - Root WebApplicationContext: initialization completed in 409 ms
2026-08-18 13:25:32.912 [main] INFO  o.s.boot.web.embedded.tomcat.TomcatWebServer - Tomcat started on port(s): 8081 (http) with context path ''
2026-08-18 13:25:32.916 [main] INFO  com.dyc.xiaohashu.oss.XiaohashuOssBizApplication - Started XiaohashuOssBizApplication in 0.891 seconds (process running for 1.149)
2026-08-18 14:07:56.376 [main] WARN  com.alibaba.nacos.client.logging.NacosLogging - Load Logback Configuration of Nacos fail, message: Could not initialize Logback Nacos logging from classpath:nacos-logback.xml
2026-08-18 14:07:56.410 [main] WARN  com.alibaba.nacos.client.logging.NacosLogging - Load Logback Configuration of Nacos fail, message: Could not initialize Logback Nacos logging from classpath:nacos-logback.xml
2026-08-18 14:07:56.411 [main] INFO  c.dyc.xiaohashu.oss.biz.XiaohashuOssBizApplication - Starting XiaohashuOssBizApplication using Java 17.0.12 with PID 13584 (E:\CodeDir\xiaohashu\xiaohashu-oss\xiaohashu-oss-biz\target\classes started by DYC in E:\CodeDir\xiaohashu)
2026-08-18 14:07:56.412 [main] INFO  c.dyc.xiaohashu.oss.biz.XiaohashuOssBizApplication - The following 1 profile is active: "dev"
2026-08-18 14:07:56.430 [main] WARN  c.a.cloud.nacos.configdata.NacosConfigDataLoader - [Nacos Config] config[dataId=xiaohashu-oss-dev.yaml, group=order] is empty
2026-08-18 14:07:56.774 [main] INFO  o.springframework.cloud.context.scope.GenericScope - BeanFactory id=96393722-26e0-35a7-b767-a9c1467073cf
2026-08-18 14:07:57.059 [main] INFO  o.s.boot.web.embedded.tomcat.TomcatWebServer - Tomcat initialized with port(s): 8081 (http)
2026-08-18 14:07:57.064 [main] INFO  org.apache.catalina.core.StandardService - Starting service [Tomcat]
2026-08-18 14:07:57.064 [main] INFO  org.apache.catalina.core.StandardEngine - Starting Servlet engine: [Apache Tomcat/10.1.5]
2026-08-18 14:07:57.102 [main] INFO  o.a.c.core.ContainerBase.[Tomcat].[localhost].[/] - Initializing Spring embedded WebApplicationContext
2026-08-18 14:07:57.102 [main] INFO  o.s.b.w.s.c.ServletWebServerApplicationContext - Root WebApplicationContext: initialization completed in 672 ms
2026-08-18 14:07:57.145 [main] WARN  o.s.b.w.s.c.AnnotationConfigServletWebServerApplicationContext - Exception encountered during context initialization - cancelling refresh attempt: org.springframework.beans.factory.BeanCreationException: Error creating bean with name 'aliyunOSSClient' defined in class path resource [com/dyc/xiaohashu/oss/biz/config/AliyunOSSConfig.class]: Failed to instantiate [com.aliyun.oss.OSS]: Factory method 'aliyunOSSClient' threw exception with message: Access key id should not be null or empty.
2026-08-18 14:07:57.146 [main] INFO  org.apache.catalina.core.StandardService - Stopping service [Tomcat]
2026-08-18 14:07:57.152 [main] INFO  o.s.b.a.logging.ConditionEvaluationReportLogger - 

Error starting ApplicationContext. To display the condition evaluation report re-run your application with 'debug' enabled.
2026-08-18 14:07:57.161 [main] ERROR org.springframework.boot.SpringApplication - Application run failed
org.springframework.beans.factory.BeanCreationException: Error creating bean with name 'aliyunOSSClient' defined in class path resource [com/dyc/xiaohashu/oss/biz/config/AliyunOSSConfig.class]: Failed to instantiate [com.aliyun.oss.OSS]: Factory method 'aliyunOSSClient' threw exception with message: Access key id should not be null or empty.
	at org.springframework.beans.factory.support.ConstructorResolver.instantiate(ConstructorResolver.java:657)
	at org.springframework.beans.factory.support.ConstructorResolver.instantiateUsingFactoryMethod(ConstructorResolver.java:491)
	at org.springframework.beans.factory.support.AbstractAutowireCapableBeanFactory.instantiateUsingFactoryMethod(AbstractAutowireCapableBeanFactory.java:1324)
	at org.springframework.beans.factory.support.AbstractAutowireCapableBeanFactory.createBeanInstance(AbstractAutowireCapableBeanFactory.java:1161)
	at org.springframework.beans.factory.support.AbstractAutowireCapableBeanFactory.doCreateBean(AbstractAutowireCapableBeanFactory.java:561)
	at org.springframework.beans.factory.support.AbstractAutowireCapableBeanFactory.createBean(AbstractAutowireCapableBeanFactory.java:521)
	at org.springframework.beans.factory.support.AbstractBeanFactory.lambda$doGetBean$0(AbstractBeanFactory.java:326)
	at org.springframework.beans.factory.support.DefaultSingletonBeanRegistry.getSingleton(DefaultSingletonBeanRegistry.java:234)
	at org.springframework.beans.factory.support.AbstractBeanFactory.doGetBean(AbstractBeanFactory.java:324)
	at org.springframework.beans.factory.support.AbstractBeanFactory.getBean(AbstractBeanFactory.java:200)
	at org.springframework.beans.factory.support.DefaultListableBeanFactory.preInstantiateSingletons(DefaultListableBeanFactory.java:961)
	at org.springframework.context.support.AbstractApplicationContext.finishBeanFactoryInitialization(AbstractApplicationContext.java:915)
	at org.springframework.context.support.AbstractApplicationContext.refresh(AbstractApplicationContext.java:584)
	at org.springframework.boot.web.servlet.context.ServletWebServerApplicationContext.refresh(ServletWebServerApplicationContext.java:146)
	at org.springframework.boot.SpringApplication.refresh(SpringApplication.java:730)
	at org.springframework.boot.SpringApplication.refreshContext(SpringApplication.java:432)
	at org.springframework.boot.SpringApplication.run(SpringApplication.java:308)
	at org.springframework.boot.SpringApplication.run(SpringApplication.java:1302)
	at org.springframework.boot.SpringApplication.run(SpringApplication.java:1291)
	at com.dyc.xiaohashu.oss.biz.XiaohashuOssBizApplication.main(XiaohashuOssBizApplication.java:10)
Caused by: org.springframework.beans.BeanInstantiationException: Failed to instantiate [com.aliyun.oss.OSS]: Factory method 'aliyunOSSClient' threw exception with message: Access key id should not be null or empty.
	at org.springframework.beans.factory.support.SimpleInstantiationStrategy.instantiate(SimpleInstantiationStrategy.java:171)
	at org.springframework.beans.factory.support.ConstructorResolver.instantiate(ConstructorResolver.java:653)
	... 19 common frames omitted
Caused by: com.aliyun.oss.common.auth.InvalidCredentialsException: Access key id should not be null or empty.
	at com.aliyun.oss.common.auth.DefaultCredentialProvider.checkCredentials(DefaultCredentialProvider.java:63)
	at com.aliyun.oss.common.auth.DefaultCredentialProvider.<init>(DefaultCredentialProvider.java:38)
	at com.aliyun.oss.common.auth.DefaultCredentialProvider.<init>(DefaultCredentialProvider.java:34)
	at com.aliyun.oss.common.auth.CredentialsProviderFactory.newDefaultCredentialProvider(CredentialsProviderFactory.java:42)
	at com.dyc.xiaohashu.oss.biz.config.AliyunOSSConfig.aliyunOSSClient(AliyunOSSConfig.java:25)
	at com.dyc.xiaohashu.oss.biz.config.AliyunOSSConfig$$SpringCGLIB$$0.CGLIB$aliyunOSSClient$0(<generated>)
	at com.dyc.xiaohashu.oss.biz.config.AliyunOSSConfig$$SpringCGLIB$$2.invoke(<generated>)
	at org.springframework.cglib.proxy.MethodProxy.invokeSuper(MethodProxy.java:258)
	at org.springframework.context.annotation.ConfigurationClassEnhancer$BeanMethodInterceptor.intercept(ConfigurationClassEnhancer.java:331)
	at com.dyc.xiaohashu.oss.biz.config.AliyunOSSConfig$$SpringCGLIB$$0.aliyunOSSClient(<generated>)
	at java.base/jdk.internal.reflect.NativeMethodAccessorImpl.invoke0(Native Method)
	at java.base/jdk.internal.reflect.NativeMethodAccessorImpl.invoke(NativeMethodAccessorImpl.java:77)
	at java.base/jdk.internal.reflect.DelegatingMethodAccessorImpl.invoke(DelegatingMethodAccessorImpl.java:43)
	at java.base/java.lang.reflect.Method.invoke(Method.java:568)
	at org.springframework.beans.factory.support.SimpleInstantiationStrategy.instantiate(SimpleInstantiationStrategy.java:139)
	... 20 common frames omitted
2026-08-18 14:07:57.163 [Thread-1] WARN  c.alibaba.nacos.common.http.HttpClientBeanHolder - [HttpClientBeanHolder] Start destroying common HttpClient
2026-08-18 14:07:57.163 [Thread-6] WARN  com.alibaba.nacos.common.notify.NotifyCenter - [NotifyCenter] Start destroying Publisher
2026-08-18 14:07:57.163 [Thread-6] WARN  com.alibaba.nacos.common.notify.NotifyCenter - [NotifyCenter] Destruction of the end
2026-08-18 14:07:57.164 [Thread-1] WARN  c.alibaba.nacos.common.http.HttpClientBeanHolder - [HttpClientBeanHolder] Destruction of the end
2026-08-18 14:09:23.614 [main] WARN  com.alibaba.nacos.client.logging.NacosLogging - Load Logback Configuration of Nacos fail, message: Could not initialize Logback Nacos logging from classpath:nacos-logback.xml
2026-08-18 14:09:23.648 [main] WARN  com.alibaba.nacos.client.logging.NacosLogging - Load Logback Configuration of Nacos fail, message: Could not initialize Logback Nacos logging from classpath:nacos-logback.xml
2026-08-18 14:09:23.649 [main] INFO  c.dyc.xiaohashu.oss.biz.XiaohashuOssBizApplication - Starting XiaohashuOssBizApplication using Java 17.0.12 with PID 7320 (E:\CodeDir\xiaohashu\xiaohashu-oss\xiaohashu-oss-biz\target\classes started by DYC in E:\CodeDir\xiaohashu)
2026-08-18 14:09:23.650 [main] INFO  c.dyc.xiaohashu.oss.biz.XiaohashuOssBizApplication - The following 1 profile is active: "dev"
2026-08-18 14:09:23.668 [main] WARN  c.a.cloud.nacos.configdata.NacosConfigDataLoader - [Nacos Config] config[dataId=xiaohashu-oss-dev.yaml, group=order] is empty
2026-08-18 14:09:23.993 [main] INFO  o.springframework.cloud.context.scope.GenericScope - BeanFactory id=96393722-26e0-35a7-b767-a9c1467073cf
2026-08-18 14:09:24.198 [main] INFO  o.s.boot.web.embedded.tomcat.TomcatWebServer - Tomcat initialized with port(s): 8081 (http)
2026-08-18 14:09:24.203 [main] INFO  org.apache.catalina.core.StandardService - Starting service [Tomcat]
2026-08-18 14:09:24.203 [main] INFO  org.apache.catalina.core.StandardEngine - Starting Servlet engine: [Apache Tomcat/10.1.5]
2026-08-18 14:09:24.240 [main] INFO  o.a.c.core.ContainerBase.[Tomcat].[localhost].[/] - Initializing Spring embedded WebApplicationContext
2026-08-18 14:09:24.240 [main] INFO  o.s.b.w.s.c.ServletWebServerApplicationContext - Root WebApplicationContext: initialization completed in 571 ms
2026-08-18 14:09:24.280 [main] WARN  o.s.b.w.s.c.AnnotationConfigServletWebServerApplicationContext - Exception encountered during context initialization - cancelling refresh attempt: org.springframework.beans.factory.BeanCreationException: Error creating bean with name 'aliyunOSSClient' defined in class path resource [com/dyc/xiaohashu/oss/biz/config/AliyunOSSConfig.class]: Failed to instantiate [com.aliyun.oss.OSS]: Factory method 'aliyunOSSClient' threw exception with message: Access key id should not be null or empty.
2026-08-18 14:09:24.281 [main] INFO  org.apache.catalina.core.StandardService - Stopping service [Tomcat]
2026-08-18 14:09:24.287 [main] INFO  o.s.b.a.logging.ConditionEvaluationReportLogger - 

Error starting ApplicationContext. To display the condition evaluation report re-run your application with 'debug' enabled.
2026-08-18 14:09:24.297 [main] ERROR org.springframework.boot.SpringApplication - Application run failed
org.springframework.beans.factory.BeanCreationException: Error creating bean with name 'aliyunOSSClient' defined in class path resource [com/dyc/xiaohashu/oss/biz/config/AliyunOSSConfig.class]: Failed to instantiate [com.aliyun.oss.OSS]: Factory method 'aliyunOSSClient' threw exception with message: Access key id should not be null or empty.
	at org.springframework.beans.factory.support.ConstructorResolver.instantiate(ConstructorResolver.java:657)
	at org.springframework.beans.factory.support.ConstructorResolver.instantiateUsingFactoryMethod(ConstructorResolver.java:491)
	at org.springframework.beans.factory.support.AbstractAutowireCapableBeanFactory.instantiateUsingFactoryMethod(AbstractAutowireCapableBeanFactory.java:1324)
	at org.springframework.beans.factory.support.AbstractAutowireCapableBeanFactory.createBeanInstance(AbstractAutowireCapableBeanFactory.java:1161)
	at org.springframework.beans.factory.support.AbstractAutowireCapableBeanFactory.doCreateBean(AbstractAutowireCapableBeanFactory.java:561)
	at org.springframework.beans.factory.support.AbstractAutowireCapableBeanFactory.createBean(AbstractAutowireCapableBeanFactory.java:521)
	at org.springframework.beans.factory.support.AbstractBeanFactory.lambda$doGetBean$0(AbstractBeanFactory.java:326)
	at org.springframework.beans.factory.support.DefaultSingletonBeanRegistry.getSingleton(DefaultSingletonBeanRegistry.java:234)
	at org.springframework.beans.factory.support.AbstractBeanFactory.doGetBean(AbstractBeanFactory.java:324)
	at org.springframework.beans.factory.support.AbstractBeanFactory.getBean(AbstractBeanFactory.java:200)
	at org.springframework.beans.factory.support.DefaultListableBeanFactory.preInstantiateSingletons(DefaultListableBeanFactory.java:961)
	at org.springframework.context.support.AbstractApplicationContext.finishBeanFactoryInitialization(AbstractApplicationContext.java:915)
	at org.springframework.context.support.AbstractApplicationContext.refresh(AbstractApplicationContext.java:584)
	at org.springframework.boot.web.servlet.context.ServletWebServerApplicationContext.refresh(ServletWebServerApplicationContext.java:146)
	at org.springframework.boot.SpringApplication.refresh(SpringApplication.java:730)
	at org.springframework.boot.SpringApplication.refreshContext(SpringApplication.java:432)
	at org.springframework.boot.SpringApplication.run(SpringApplication.java:308)
	at org.springframework.boot.SpringApplication.run(SpringApplication.java:1302)
	at org.springframework.boot.SpringApplication.run(SpringApplication.java:1291)
	at com.dyc.xiaohashu.oss.biz.XiaohashuOssBizApplication.main(XiaohashuOssBizApplication.java:10)
Caused by: org.springframework.beans.BeanInstantiationException: Failed to instantiate [com.aliyun.oss.OSS]: Factory method 'aliyunOSSClient' threw exception with message: Access key id should not be null or empty.
	at org.springframework.beans.factory.support.SimpleInstantiationStrategy.instantiate(SimpleInstantiationStrategy.java:171)
	at org.springframework.beans.factory.support.ConstructorResolver.instantiate(ConstructorResolver.java:653)
	... 19 common frames omitted
Caused by: com.aliyun.oss.common.auth.InvalidCredentialsException: Access key id should not be null or empty.
	at com.aliyun.oss.common.auth.DefaultCredentialProvider.checkCredentials(DefaultCredentialProvider.java:63)
	at com.aliyun.oss.common.auth.DefaultCredentialProvider.<init>(DefaultCredentialProvider.java:38)
	at com.aliyun.oss.common.auth.DefaultCredentialProvider.<init>(DefaultCredentialProvider.java:34)
	at com.aliyun.oss.common.auth.CredentialsProviderFactory.newDefaultCredentialProvider(CredentialsProviderFactory.java:42)
	at com.dyc.xiaohashu.oss.biz.config.AliyunOSSConfig.aliyunOSSClient(AliyunOSSConfig.java:25)
	at com.dyc.xiaohashu.oss.biz.config.AliyunOSSConfig$$SpringCGLIB$$0.CGLIB$aliyunOSSClient$0(<generated>)
	at com.dyc.xiaohashu.oss.biz.config.AliyunOSSConfig$$SpringCGLIB$$2.invoke(<generated>)
	at org.springframework.cglib.proxy.MethodProxy.invokeSuper(MethodProxy.java:258)
	at org.springframework.context.annotation.ConfigurationClassEnhancer$BeanMethodInterceptor.intercept(ConfigurationClassEnhancer.java:331)
	at com.dyc.xiaohashu.oss.biz.config.AliyunOSSConfig$$SpringCGLIB$$0.aliyunOSSClient(<generated>)
	at java.base/jdk.internal.reflect.NativeMethodAccessorImpl.invoke0(Native Method)
	at java.base/jdk.internal.reflect.NativeMethodAccessorImpl.invoke(NativeMethodAccessorImpl.java:77)
	at java.base/jdk.internal.reflect.DelegatingMethodAccessorImpl.invoke(DelegatingMethodAccessorImpl.java:43)
	at java.base/java.lang.reflect.Method.invoke(Method.java:568)
	at org.springframework.beans.factory.support.SimpleInstantiationStrategy.instantiate(SimpleInstantiationStrategy.java:139)
	... 20 common frames omitted
2026-08-18 14:09:24.298 [Thread-6] WARN  com.alibaba.nacos.common.notify.NotifyCenter - [NotifyCenter] Start destroying Publisher
2026-08-18 14:09:24.298 [Thread-6] WARN  com.alibaba.nacos.common.notify.NotifyCenter - [NotifyCenter] Destruction of the end
2026-08-18 14:10:58.270 [main] WARN  com.alibaba.nacos.client.logging.NacosLogging - Load Logback Configuration of Nacos fail, message: Could not initialize Logback Nacos logging from classpath:nacos-logback.xml
2026-08-18 14:10:58.302 [main] WARN  com.alibaba.nacos.client.logging.NacosLogging - Load Logback Configuration of Nacos fail, message: Could not initialize Logback Nacos logging from classpath:nacos-logback.xml
2026-08-18 14:10:58.304 [main] INFO  c.dyc.xiaohashu.oss.biz.XiaohashuOssBizApplication - Starting XiaohashuOssBizApplication using Java 17.0.12 with PID 37548 (E:\CodeDir\xiaohashu\xiaohashu-oss\xiaohashu-oss-biz\target\classes started by DYC in E:\CodeDir\xiaohashu)
2026-08-18 14:10:58.304 [main] INFO  c.dyc.xiaohashu.oss.biz.XiaohashuOssBizApplication - The following 1 profile is active: "dev"
2026-08-18 14:10:58.321 [main] WARN  c.a.cloud.nacos.configdata.NacosConfigDataLoader - [Nacos Config] config[dataId=xiaohashu-oss-dev.yaml, group=order] is empty
2026-08-18 14:10:58.647 [main] INFO  o.springframework.cloud.context.scope.GenericScope - BeanFactory id=96393722-26e0-35a7-b767-a9c1467073cf
2026-08-18 14:10:58.848 [main] INFO  o.s.boot.web.embedded.tomcat.TomcatWebServer - Tomcat initialized with port(s): 8081 (http)
2026-08-18 14:10:58.853 [main] INFO  org.apache.catalina.core.StandardService - Starting service [Tomcat]
2026-08-18 14:10:58.853 [main] INFO  org.apache.catalina.core.StandardEngine - Starting Servlet engine: [Apache Tomcat/10.1.5]
2026-08-18 14:10:58.892 [main] INFO  o.a.c.core.ContainerBase.[Tomcat].[localhost].[/] - Initializing Spring embedded WebApplicationContext
2026-08-18 14:10:58.892 [main] INFO  o.s.b.w.s.c.ServletWebServerApplicationContext - Root WebApplicationContext: initialization completed in 570 ms
2026-08-18 14:10:59.623 [main] INFO  o.s.boot.web.embedded.tomcat.TomcatWebServer - Tomcat started on port(s): 8081 (http) with context path ''
2026-08-18 14:10:59.624 [main] WARN  c.a.cloud.nacos.registry.NacosServiceRegistry - No service to register for nacos client...
2026-08-18 14:10:59.709 [main] WARN  o.s.b.w.s.c.AnnotationConfigServletWebServerApplicationContext - Exception encountered during context initialization - cancelling refresh attempt: org.springframework.beans.factory.BeanCreationException: Error creating bean with name 'scopedTarget.fileStrategyFactory': Injection of autowired dependencies failed
2026-08-18 14:10:59.710 [main] INFO  c.a.cloud.nacos.registry.NacosServiceRegistry - De-registering from Nacos Server now...
2026-08-18 14:10:59.710 [main] WARN  c.a.cloud.nacos.registry.NacosServiceRegistry - No dom to de-register for nacos client...
2026-08-18 14:10:59.724 [main] INFO  org.apache.catalina.core.StandardService - Stopping service [Tomcat]
2026-08-18 14:10:59.732 [main] INFO  o.s.b.a.logging.ConditionEvaluationReportLogger - 

Error starting ApplicationContext. To display the condition evaluation report re-run your application with 'debug' enabled.
2026-08-18 14:10:59.743 [main] ERROR org.springframework.boot.SpringApplication - Application run failed
org.springframework.beans.factory.BeanCreationException: Error creating bean with name 'scopedTarget.fileStrategyFactory': Injection of autowired dependencies failed
	at org.springframework.beans.factory.annotation.AutowiredAnnotationBeanPostProcessor.postProcessProperties(AutowiredAnnotationBeanPostProcessor.java:487)
	at org.springframework.beans.factory.support.AbstractAutowireCapableBeanFactory.populateBean(AbstractAutowireCapableBeanFactory.java:1397)
	at org.springframework.beans.factory.support.AbstractAutowireCapableBeanFactory.doCreateBean(AbstractAutowireCapableBeanFactory.java:598)
	at org.springframework.beans.factory.support.AbstractAutowireCapableBeanFactory.createBean(AbstractAutowireCapableBeanFactory.java:521)
	at org.springframework.beans.factory.support.AbstractBeanFactory.lambda$doGetBean$1(AbstractBeanFactory.java:365)
	at org.springframework.cloud.context.scope.GenericScope$BeanLifecycleWrapper.getBean(GenericScope.java:375)
	at org.springframework.cloud.context.scope.GenericScope.get(GenericScope.java:179)
	at org.springframework.beans.factory.support.AbstractBeanFactory.doGetBean(AbstractBeanFactory.java:362)
	at org.springframework.beans.factory.support.AbstractBeanFactory.getBean(AbstractBeanFactory.java:200)
	at org.springframework.context.support.AbstractApplicationContext.getBean(AbstractApplicationContext.java:1130)
	at org.springframework.cloud.context.scope.refresh.RefreshScope.eagerlyInitialize(RefreshScope.java:126)
	at org.springframework.cloud.context.scope.refresh.RefreshScope.start(RefreshScope.java:118)
	at org.springframework.cloud.context.scope.refresh.RefreshScope.onApplicationEvent(RefreshScope.java:113)
	at org.springframework.cloud.context.scope.refresh.RefreshScope.onApplicationEvent(RefreshScope.java:68)
	at org.springframework.context.event.SimpleApplicationEventMulticaster.doInvokeListener(SimpleApplicationEventMulticaster.java:176)
	at org.springframework.context.event.SimpleApplicationEventMulticaster.invokeListener(SimpleApplicationEventMulticaster.java:169)
	at org.springframework.context.event.SimpleApplicationEventMulticaster.multicastEvent(SimpleApplicationEventMulticaster.java:143)
	at org.springframework.context.support.AbstractApplicationContext.publishEvent(AbstractApplicationContext.java:413)
	at org.springframework.context.support.AbstractApplicationContext.publishEvent(AbstractApplicationContext.java:370)
	at org.springframework.context.support.AbstractApplicationContext.finishRefresh(AbstractApplicationContext.java:935)
	at org.springframework.context.support.AbstractApplicationContext.refresh(AbstractApplicationContext.java:587)
	at org.springframework.boot.web.servlet.context.ServletWebServerApplicationContext.refresh(ServletWebServerApplicationContext.java:146)
	at org.springframework.boot.SpringApplication.refresh(SpringApplication.java:730)
	at org.springframework.boot.SpringApplication.refreshContext(SpringApplication.java:432)
	at org.springframework.boot.SpringApplication.run(SpringApplication.java:308)
	at org.springframework.boot.SpringApplication.run(SpringApplication.java:1302)
	at org.springframework.boot.SpringApplication.run(SpringApplication.java:1291)
	at com.dyc.xiaohashu.oss.biz.XiaohashuOssBizApplication.main(XiaohashuOssBizApplication.java:10)
Caused by: java.lang.IllegalArgumentException: Could not resolve placeholder 'storage.type' in value "${storage.type}"
	at org.springframework.util.PropertyPlaceholderHelper.parseStringValue(PropertyPlaceholderHelper.java:180)
	at org.springframework.util.PropertyPlaceholderHelper.replacePlaceholders(PropertyPlaceholderHelper.java:126)
	at org.springframework.core.env.AbstractPropertyResolver.doResolvePlaceholders(AbstractPropertyResolver.java:239)
	at org.springframework.core.env.AbstractPropertyResolver.resolveRequiredPlaceholders(AbstractPropertyResolver.java:210)
	at org.springframework.context.support.PropertySourcesPlaceholderConfigurer.lambda$processProperties$0(PropertySourcesPlaceholderConfigurer.java:191)
	at org.springframework.beans.factory.support.AbstractBeanFactory.resolveEmbeddedValue(AbstractBeanFactory.java:920)
	at org.springframework.beans.factory.support.DefaultListableBeanFactory.doResolveDependency(DefaultListableBeanFactory.java:1346)
	at org.springframework.beans.factory.support.DefaultListableBeanFactory.resolveDependency(DefaultListableBeanFactory.java:1325)
	at org.springframework.beans.factory.annotation.AutowiredAnnotationBeanPostProcessor$AutowiredFieldElement.resolveFieldValue(AutowiredAnnotationBeanPostProcessor.java:709)
	at org.springframework.beans.factory.annotation.AutowiredAnnotationBeanPostProcessor$AutowiredFieldElement.inject(AutowiredAnnotationBeanPostProcessor.java:692)
	at org.springframework.beans.factory.annotation.InjectionMetadata.inject(InjectionMetadata.java:133)
	at org.springframework.beans.factory.annotation.AutowiredAnnotationBeanPostProcessor.postProcessProperties(AutowiredAnnotationBeanPostProcessor.java:481)
	... 27 common frames omitted
2026-08-18 14:10:59.745 [Thread-6] WARN  com.alibaba.nacos.common.notify.NotifyCenter - [NotifyCenter] Start destroying Publisher
2026-08-18 14:10:59.745 [Thread-1] WARN  c.alibaba.nacos.common.http.HttpClientBeanHolder - [HttpClientBeanHolder] Start destroying common HttpClient
2026-08-18 14:12:58.295 [main] WARN  com.alibaba.nacos.client.logging.NacosLogging - Load Logback Configuration of Nacos fail, message: Could not initialize Logback Nacos logging from classpath:nacos-logback.xml
2026-08-18 14:12:58.327 [main] WARN  com.alibaba.nacos.client.logging.NacosLogging - Load Logback Configuration of Nacos fail, message: Could not initialize Logback Nacos logging from classpath:nacos-logback.xml
2026-08-18 14:12:58.329 [main] INFO  c.dyc.xiaohashu.oss.biz.XiaohashuOssBizApplication - Starting XiaohashuOssBizApplication using Java 17.0.12 with PID 14032 (E:\CodeDir\xiaohashu\xiaohashu-oss\xiaohashu-oss-biz\target\classes started by DYC in E:\CodeDir\xiaohashu)
2026-08-18 14:12:58.329 [main] INFO  c.dyc.xiaohashu.oss.biz.XiaohashuOssBizApplication - The following 1 profile is active: "dev"
2026-08-18 14:12:58.346 [main] WARN  c.a.cloud.nacos.configdata.NacosConfigDataLoader - [Nacos Config] config[dataId=xiaohashu-oss-dev.yaml, group=order] is empty
2026-08-18 14:12:58.677 [main] INFO  o.springframework.cloud.context.scope.GenericScope - BeanFactory id=96393722-26e0-35a7-b767-a9c1467073cf
2026-08-18 14:12:58.864 [main] INFO  o.s.boot.web.embedded.tomcat.TomcatWebServer - Tomcat initialized with port(s): 8081 (http)
2026-08-18 14:12:58.869 [main] INFO  org.apache.catalina.core.StandardService - Starting service [Tomcat]
2026-08-18 14:12:58.870 [main] INFO  org.apache.catalina.core.StandardEngine - Starting Servlet engine: [Apache Tomcat/10.1.5]
2026-08-18 14:12:58.901 [main] INFO  o.a.c.core.ContainerBase.[Tomcat].[localhost].[/] - Initializing Spring embedded WebApplicationContext
2026-08-18 14:12:58.901 [main] INFO  o.s.b.w.s.c.ServletWebServerApplicationContext - Root WebApplicationContext: initialization completed in 554 ms
2026-08-18 14:12:59.430 [main] INFO  o.s.boot.web.embedded.tomcat.TomcatWebServer - Tomcat started on port(s): 8081 (http) with context path ''
2026-08-18 14:12:59.431 [main] WARN  c.a.cloud.nacos.registry.NacosServiceRegistry - No service to register for nacos client...
2026-08-18 14:12:59.507 [main] WARN  o.s.b.w.s.c.AnnotationConfigServletWebServerApplicationContext - Exception encountered during context initialization - cancelling refresh attempt: org.springframework.beans.factory.BeanCreationException: Error creating bean with name 'scopedTarget.fileStrategyFactory': Injection of autowired dependencies failed
2026-08-18 14:12:59.507 [main] INFO  c.a.cloud.nacos.registry.NacosServiceRegistry - De-registering from Nacos Server now...
2026-08-18 14:12:59.507 [main] WARN  c.a.cloud.nacos.registry.NacosServiceRegistry - No dom to de-register for nacos client...
2026-08-18 14:12:59.521 [main] INFO  org.apache.catalina.core.StandardService - Stopping service [Tomcat]
2026-08-18 14:12:59.528 [main] INFO  o.s.b.a.logging.ConditionEvaluationReportLogger - 

Error starting ApplicationContext. To display the condition evaluation report re-run your application with 'debug' enabled.
2026-08-18 14:12:59.536 [main] ERROR org.springframework.boot.SpringApplication - Application run failed
org.springframework.beans.factory.BeanCreationException: Error creating bean with name 'scopedTarget.fileStrategyFactory': Injection of autowired dependencies failed
	at org.springframework.beans.factory.annotation.AutowiredAnnotationBeanPostProcessor.postProcessProperties(AutowiredAnnotationBeanPostProcessor.java:487)
	at org.springframework.beans.factory.support.AbstractAutowireCapableBeanFactory.populateBean(AbstractAutowireCapableBeanFactory.java:1397)
	at org.springframework.beans.factory.support.AbstractAutowireCapableBeanFactory.doCreateBean(AbstractAutowireCapableBeanFactory.java:598)
	at org.springframework.beans.factory.support.AbstractAutowireCapableBeanFactory.createBean(AbstractAutowireCapableBeanFactory.java:521)
	at org.springframework.beans.factory.support.AbstractBeanFactory.lambda$doGetBean$1(AbstractBeanFactory.java:365)
	at org.springframework.cloud.context.scope.GenericScope$BeanLifecycleWrapper.getBean(GenericScope.java:375)
	at org.springframework.cloud.context.scope.GenericScope.get(GenericScope.java:179)
	at org.springframework.beans.factory.support.AbstractBeanFactory.doGetBean(AbstractBeanFactory.java:362)
	at org.springframework.beans.factory.support.AbstractBeanFactory.getBean(AbstractBeanFactory.java:200)
	at org.springframework.context.support.AbstractApplicationContext.getBean(AbstractApplicationContext.java:1130)
	at org.springframework.cloud.context.scope.refresh.RefreshScope.eagerlyInitialize(RefreshScope.java:126)
	at org.springframework.cloud.context.scope.refresh.RefreshScope.start(RefreshScope.java:118)
	at org.springframework.cloud.context.scope.refresh.RefreshScope.onApplicationEvent(RefreshScope.java:113)
	at org.springframework.cloud.context.scope.refresh.RefreshScope.onApplicationEvent(RefreshScope.java:68)
	at org.springframework.context.event.SimpleApplicationEventMulticaster.doInvokeListener(SimpleApplicationEventMulticaster.java:176)
	at org.springframework.context.event.SimpleApplicationEventMulticaster.invokeListener(SimpleApplicationEventMulticaster.java:169)
	at org.springframework.context.event.SimpleApplicationEventMulticaster.multicastEvent(SimpleApplicationEventMulticaster.java:143)
	at org.springframework.context.support.AbstractApplicationContext.publishEvent(AbstractApplicationContext.java:413)
	at org.springframework.context.support.AbstractApplicationContext.publishEvent(AbstractApplicationContext.java:370)
	at org.springframework.context.support.AbstractApplicationContext.finishRefresh(AbstractApplicationContext.java:935)
	at org.springframework.context.support.AbstractApplicationContext.refresh(AbstractApplicationContext.java:587)
	at org.springframework.boot.web.servlet.context.ServletWebServerApplicationContext.refresh(ServletWebServerApplicationContext.java:146)
	at org.springframework.boot.SpringApplication.refresh(SpringApplication.java:730)
	at org.springframework.boot.SpringApplication.refreshContext(SpringApplication.java:432)
	at org.springframework.boot.SpringApplication.run(SpringApplication.java:308)
	at org.springframework.boot.SpringApplication.run(SpringApplication.java:1302)
	at org.springframework.boot.SpringApplication.run(SpringApplication.java:1291)
	at com.dyc.xiaohashu.oss.biz.XiaohashuOssBizApplication.main(XiaohashuOssBizApplication.java:10)
Caused by: java.lang.IllegalArgumentException: Could not resolve placeholder 'storage.type' in value "${storage.type}"
	at org.springframework.util.PropertyPlaceholderHelper.parseStringValue(PropertyPlaceholderHelper.java:180)
	at org.springframework.util.PropertyPlaceholderHelper.replacePlaceholders(PropertyPlaceholderHelper.java:126)
	at org.springframework.core.env.AbstractPropertyResolver.doResolvePlaceholders(AbstractPropertyResolver.java:239)
	at org.springframework.core.env.AbstractPropertyResolver.resolveRequiredPlaceholders(AbstractPropertyResolver.java:210)
	at org.springframework.context.support.PropertySourcesPlaceholderConfigurer.lambda$processProperties$0(PropertySourcesPlaceholderConfigurer.java:191)
	at org.springframework.beans.factory.support.AbstractBeanFactory.resolveEmbeddedValue(AbstractBeanFactory.java:920)
	at org.springframework.beans.factory.support.DefaultListableBeanFactory.doResolveDependency(DefaultListableBeanFactory.java:1346)
	at org.springframework.beans.factory.support.DefaultListableBeanFactory.resolveDependency(DefaultListableBeanFactory.java:1325)
	at org.springframework.beans.factory.annotation.AutowiredAnnotationBeanPostProcessor$AutowiredFieldElement.resolveFieldValue(AutowiredAnnotationBeanPostProcessor.java:709)
	at org.springframework.beans.factory.annotation.AutowiredAnnotationBeanPostProcessor$AutowiredFieldElement.inject(AutowiredAnnotationBeanPostProcessor.java:692)
	at org.springframework.beans.factory.annotation.InjectionMetadata.inject(InjectionMetadata.java:133)
	at org.springframework.beans.factory.annotation.AutowiredAnnotationBeanPostProcessor.postProcessProperties(AutowiredAnnotationBeanPostProcessor.java:481)
	... 27 common frames omitted
2026-08-18 14:12:59.538 [Thread-6] WARN  com.alibaba.nacos.common.notify.NotifyCenter - [NotifyCenter] Start destroying Publisher
2026-08-18 14:12:59.538 [Thread-6] WARN  com.alibaba.nacos.common.notify.NotifyCenter - [NotifyCenter] Destruction of the end
2026-08-18 14:12:59.538 [Thread-1] WARN  c.alibaba.nacos.common.http.HttpClientBeanHolder - [HttpClientBeanHolder] Start destroying common HttpClient
2026-08-18 14:12:59.538 [Thread-1] WARN  c.alibaba.nacos.common.http.HttpClientBeanHolder - [HttpClientBeanHolder] Destruction of the end
2026-08-18 14:15:03.719 [main] WARN  com.alibaba.nacos.client.logging.NacosLogging - Load Logback Configuration of Nacos fail, message: Could not initialize Logback Nacos logging from classpath:nacos-logback.xml
2026-08-18 14:15:03.752 [main] WARN  com.alibaba.nacos.client.logging.NacosLogging - Load Logback Configuration of Nacos fail, message: Could not initialize Logback Nacos logging from classpath:nacos-logback.xml
2026-08-18 14:15:03.753 [main] INFO  c.dyc.xiaohashu.oss.biz.XiaohashuOssBizApplication - Starting XiaohashuOssBizApplication using Java 17.0.12 with PID 30464 (E:\CodeDir\xiaohashu\xiaohashu-oss\xiaohashu-oss-biz\target\classes started by DYC in E:\CodeDir\xiaohashu)
2026-08-18 14:15:03.753 [main] INFO  c.dyc.xiaohashu.oss.biz.XiaohashuOssBizApplication - The following 1 profile is active: "dev"
2026-08-18 14:15:03.771 [main] WARN  c.a.cloud.nacos.configdata.NacosConfigDataLoader - [Nacos Config] config[dataId=xiaohashu-oss-dev.yaml, group=xiaohashu] is empty
2026-08-18 14:15:04.100 [main] INFO  o.springframework.cloud.context.scope.GenericScope - BeanFactory id=96393722-26e0-35a7-b767-a9c1467073cf
2026-08-18 14:15:04.296 [main] INFO  o.s.boot.web.embedded.tomcat.TomcatWebServer - Tomcat initialized with port(s): 8081 (http)
2026-08-18 14:15:04.300 [main] INFO  org.apache.catalina.core.StandardService - Starting service [Tomcat]
2026-08-18 14:15:04.300 [main] INFO  org.apache.catalina.core.StandardEngine - Starting Servlet engine: [Apache Tomcat/10.1.5]
2026-08-18 14:15:04.336 [main] INFO  o.a.c.core.ContainerBase.[Tomcat].[localhost].[/] - Initializing Spring embedded WebApplicationContext
2026-08-18 14:15:04.336 [main] INFO  o.s.b.w.s.c.ServletWebServerApplicationContext - Root WebApplicationContext: initialization completed in 564 ms
2026-08-18 14:15:04.880 [main] INFO  o.s.boot.web.embedded.tomcat.TomcatWebServer - Tomcat started on port(s): 8081 (http) with context path ''
2026-08-18 14:15:04.881 [main] WARN  c.a.cloud.nacos.registry.NacosServiceRegistry - No service to register for nacos client...
2026-08-18 14:15:04.962 [main] WARN  o.s.b.w.s.c.AnnotationConfigServletWebServerApplicationContext - Exception encountered during context initialization - cancelling refresh attempt: org.springframework.beans.factory.BeanCreationException: Error creating bean with name 'scopedTarget.fileStrategyFactory': Injection of autowired dependencies failed
2026-08-18 14:15:04.963 [main] INFO  c.a.cloud.nacos.registry.NacosServiceRegistry - De-registering from Nacos Server now...
2026-08-18 14:15:04.963 [main] WARN  c.a.cloud.nacos.registry.NacosServiceRegistry - No dom to de-register for nacos client...
2026-08-18 14:15:04.975 [main] INFO  org.apache.catalina.core.StandardService - Stopping service [Tomcat]
2026-08-18 14:15:04.983 [main] INFO  o.s.b.a.logging.ConditionEvaluationReportLogger - 

Error starting ApplicationContext. To display the condition evaluation report re-run your application with 'debug' enabled.
2026-08-18 14:15:04.992 [main] ERROR org.springframework.boot.SpringApplication - Application run failed
org.springframework.beans.factory.BeanCreationException: Error creating bean with name 'scopedTarget.fileStrategyFactory': Injection of autowired dependencies failed
	at org.springframework.beans.factory.annotation.AutowiredAnnotationBeanPostProcessor.postProcessProperties(AutowiredAnnotationBeanPostProcessor.java:487)
	at org.springframework.beans.factory.support.AbstractAutowireCapableBeanFactory.populateBean(AbstractAutowireCapableBeanFactory.java:1397)
	at org.springframework.beans.factory.support.AbstractAutowireCapableBeanFactory.doCreateBean(AbstractAutowireCapableBeanFactory.java:598)
	at org.springframework.beans.factory.support.AbstractAutowireCapableBeanFactory.createBean(AbstractAutowireCapableBeanFactory.java:521)
	at org.springframework.beans.factory.support.AbstractBeanFactory.lambda$doGetBean$1(AbstractBeanFactory.java:365)
	at org.springframework.cloud.context.scope.GenericScope$BeanLifecycleWrapper.getBean(GenericScope.java:375)
	at org.springframework.cloud.context.scope.GenericScope.get(GenericScope.java:179)
	at org.springframework.beans.factory.support.AbstractBeanFactory.doGetBean(AbstractBeanFactory.java:362)
	at org.springframework.beans.factory.support.AbstractBeanFactory.getBean(AbstractBeanFactory.java:200)
	at org.springframework.context.support.AbstractApplicationContext.getBean(AbstractApplicationContext.java:1130)
	at org.springframework.cloud.context.scope.refresh.RefreshScope.eagerlyInitialize(RefreshScope.java:126)
	at org.springframework.cloud.context.scope.refresh.RefreshScope.start(RefreshScope.java:118)
	at org.springframework.cloud.context.scope.refresh.RefreshScope.onApplicationEvent(RefreshScope.java:113)
	at org.springframework.cloud.context.scope.refresh.RefreshScope.onApplicationEvent(RefreshScope.java:68)
	at org.springframework.context.event.SimpleApplicationEventMulticaster.doInvokeListener(SimpleApplicationEventMulticaster.java:176)
	at org.springframework.context.event.SimpleApplicationEventMulticaster.invokeListener(SimpleApplicationEventMulticaster.java:169)
	at org.springframework.context.event.SimpleApplicationEventMulticaster.multicastEvent(SimpleApplicationEventMulticaster.java:143)
	at org.springframework.context.support.AbstractApplicationContext.publishEvent(AbstractApplicationContext.java:413)
	at org.springframework.context.support.AbstractApplicationContext.publishEvent(AbstractApplicationContext.java:370)
	at org.springframework.context.support.AbstractApplicationContext.finishRefresh(AbstractApplicationContext.java:935)
	at org.springframework.context.support.AbstractApplicationContext.refresh(AbstractApplicationContext.java:587)
	at org.springframework.boot.web.servlet.context.ServletWebServerApplicationContext.refresh(ServletWebServerApplicationContext.java:146)
	at org.springframework.boot.SpringApplication.refresh(SpringApplication.java:730)
	at org.springframework.boot.SpringApplication.refreshContext(SpringApplication.java:432)
	at org.springframework.boot.SpringApplication.run(SpringApplication.java:308)
	at org.springframework.boot.SpringApplication.run(SpringApplication.java:1302)
	at org.springframework.boot.SpringApplication.run(SpringApplication.java:1291)
	at com.dyc.xiaohashu.oss.biz.XiaohashuOssBizApplication.main(XiaohashuOssBizApplication.java:10)
Caused by: java.lang.IllegalArgumentException: Could not resolve placeholder 'storage.type' in value "${storage.type}"
	at org.springframework.util.PropertyPlaceholderHelper.parseStringValue(PropertyPlaceholderHelper.java:180)
	at org.springframework.util.PropertyPlaceholderHelper.replacePlaceholders(PropertyPlaceholderHelper.java:126)
	at org.springframework.core.env.AbstractPropertyResolver.doResolvePlaceholders(AbstractPropertyResolver.java:239)
	at org.springframework.core.env.AbstractPropertyResolver.resolveRequiredPlaceholders(AbstractPropertyResolver.java:210)
	at org.springframework.context.support.PropertySourcesPlaceholderConfigurer.lambda$processProperties$0(PropertySourcesPlaceholderConfigurer.java:191)
	at org.springframework.beans.factory.support.AbstractBeanFactory.resolveEmbeddedValue(AbstractBeanFactory.java:920)
	at org.springframework.beans.factory.support.DefaultListableBeanFactory.doResolveDependency(DefaultListableBeanFactory.java:1346)
	at org.springframework.beans.factory.support.DefaultListableBeanFactory.resolveDependency(DefaultListableBeanFactory.java:1325)
	at org.springframework.beans.factory.annotation.AutowiredAnnotationBeanPostProcessor$AutowiredFieldElement.resolveFieldValue(AutowiredAnnotationBeanPostProcessor.java:709)
	at org.springframework.beans.factory.annotation.AutowiredAnnotationBeanPostProcessor$AutowiredFieldElement.inject(AutowiredAnnotationBeanPostProcessor.java:692)
	at org.springframework.beans.factory.annotation.InjectionMetadata.inject(InjectionMetadata.java:133)
	at org.springframework.beans.factory.annotation.AutowiredAnnotationBeanPostProcessor.postProcessProperties(AutowiredAnnotationBeanPostProcessor.java:481)
	... 27 common frames omitted
2026-08-18 14:15:04.994 [Thread-6] WARN  com.alibaba.nacos.common.notify.NotifyCenter - [NotifyCenter] Start destroying Publisher
2026-08-18 14:15:04.994 [Thread-6] WARN  com.alibaba.nacos.common.notify.NotifyCenter - [NotifyCenter] Destruction of the end
2026-08-18 14:15:04.994 [Thread-1] WARN  c.alibaba.nacos.common.http.HttpClientBeanHolder - [HttpClientBeanHolder] Start destroying common HttpClient
2026-08-18 14:15:04.995 [Thread-1] WARN  c.alibaba.nacos.common.http.HttpClientBeanHolder - [HttpClientBeanHolder] Destruction of the end
2026-08-18 14:15:18.188 [main] WARN  com.alibaba.nacos.client.logging.NacosLogging - Load Logback Configuration of Nacos fail, message: Could not initialize Logback Nacos logging from classpath:nacos-logback.xml
2026-08-18 14:15:18.221 [main] WARN  com.alibaba.nacos.client.logging.NacosLogging - Load Logback Configuration of Nacos fail, message: Could not initialize Logback Nacos logging from classpath:nacos-logback.xml
2026-08-18 14:15:18.223 [main] INFO  c.dyc.xiaohashu.oss.biz.XiaohashuOssBizApplication - Starting XiaohashuOssBizApplication using Java 17.0.12 with PID 22340 (E:\CodeDir\xiaohashu\xiaohashu-oss\xiaohashu-oss-biz\target\classes started by DYC in E:\CodeDir\xiaohashu)
2026-08-18 14:15:18.223 [main] INFO  c.dyc.xiaohashu.oss.biz.XiaohashuOssBizApplication - The following 1 profile is active: "dev"
2026-08-18 14:15:18.241 [main] INFO  c.a.cloud.nacos.configdata.NacosConfigDataLoader - [Nacos Config] Load config[dataId=xiaohashu-oss-dev.yaml, group=xiaohashu-oss] success
2026-08-18 14:15:18.573 [main] INFO  o.springframework.cloud.context.scope.GenericScope - BeanFactory id=96393722-26e0-35a7-b767-a9c1467073cf
2026-08-18 14:15:18.772 [main] INFO  o.s.boot.web.embedded.tomcat.TomcatWebServer - Tomcat initialized with port(s): 8081 (http)
2026-08-18 14:15:18.776 [main] INFO  org.apache.catalina.core.StandardService - Starting service [Tomcat]
2026-08-18 14:15:18.776 [main] INFO  org.apache.catalina.core.StandardEngine - Starting Servlet engine: [Apache Tomcat/10.1.5]
2026-08-18 14:15:18.816 [main] INFO  o.a.c.core.ContainerBase.[Tomcat].[localhost].[/] - Initializing Spring embedded WebApplicationContext
2026-08-18 14:15:18.816 [main] INFO  o.s.b.w.s.c.ServletWebServerApplicationContext - Root WebApplicationContext: initialization completed in 574 ms
2026-08-18 14:15:19.391 [main] INFO  o.s.boot.web.embedded.tomcat.TomcatWebServer - Tomcat started on port(s): 8081 (http) with context path ''
2026-08-18 14:15:19.392 [main] WARN  c.a.cloud.nacos.registry.NacosServiceRegistry - No service to register for nacos client...
2026-08-18 14:15:19.481 [main] INFO  o.s.b.f.a.AutowiredAnnotationBeanPostProcessor - Autowired annotation is not supported on static fields: private static java.lang.String com.dyc.xiaohashu.oss.biz.service.impl.FileServiceImpl.BUCKET_NAME
2026-08-18 14:15:19.487 [main] INFO  c.dyc.xiaohashu.oss.biz.XiaohashuOssBizApplication - Started XiaohashuOssBizApplication in 2.398 seconds (process running for 2.667)
2026-08-18 14:15:19.489 [main] INFO  com.alibaba.nacos.client.config.impl.CacheData - nacos.cache.data.init.snapshot = true 
2026-08-18 14:15:19.492 [main] INFO  com.alibaba.nacos.client.config.impl.ClientWorker - [fixed-dev-127.0.0.1_8848] [subscribe] xiaohashu-oss-dev.yaml+xiaohashu-oss+dev
2026-08-18 14:15:19.499 [main] INFO  com.alibaba.nacos.client.config.impl.CacheData - [fixed-dev-127.0.0.1_8848] [add-listener] ok, tenant=dev, dataId=xiaohashu-oss-dev.yaml, group=xiaohashu-oss, cnt=1
2026-08-18 14:15:19.499 [main] INFO  c.a.cloud.nacos.refresh.NacosContextRefresher - [Nacos Config] Listening config: dataId=xiaohashu-oss-dev.yaml, group=xiaohashu-oss
2026-08-18 14:15:21.870 [Thread-6] WARN  com.alibaba.nacos.common.notify.NotifyCenter - [NotifyCenter] Start destroying Publisher
2026-08-18 14:15:21.870 [Thread-1] WARN  c.alibaba.nacos.common.http.HttpClientBeanHolder - [HttpClientBeanHolder] Start destroying common HttpClient
2026-08-18 14:15:21.870 [Thread-6] WARN  com.alibaba.nacos.common.notify.NotifyCenter - [NotifyCenter] Destruction of the end
2026-08-18 14:15:21.870 [Thread-1] WARN  c.alibaba.nacos.common.http.HttpClientBeanHolder - [HttpClientBeanHolder] Destruction of the end
2026-08-18 14:15:21.888 [SpringApplicationShutdownHook] INFO  c.a.cloud.nacos.registry.NacosServiceRegistry - De-registering from Nacos Server now...
2026-08-18 14:15:21.888 [SpringApplicationShutdownHook] WARN  c.a.cloud.nacos.registry.NacosServiceRegistry - No dom to de-register for nacos client...
2026-08-18 14:15:59.427 [main] WARN  com.alibaba.nacos.client.logging.NacosLogging - Load Logback Configuration of Nacos fail, message: Could not initialize Logback Nacos logging from classpath:nacos-logback.xml
2026-08-18 14:15:59.459 [main] WARN  com.alibaba.nacos.client.logging.NacosLogging - Load Logback Configuration of Nacos fail, message: Could not initialize Logback Nacos logging from classpath:nacos-logback.xml
2026-08-18 14:15:59.460 [main] INFO  c.dyc.xiaohashu.oss.biz.XiaohashuOssBizApplication - Starting XiaohashuOssBizApplication using Java 17.0.12 with PID 35404 (E:\CodeDir\xiaohashu\xiaohashu-oss\xiaohashu-oss-biz\target\classes started by DYC in E:\CodeDir\xiaohashu)
2026-08-18 14:15:59.460 [main] INFO  c.dyc.xiaohashu.oss.biz.XiaohashuOssBizApplication - The following 1 profile is active: "dev"
2026-08-18 14:15:59.479 [main] INFO  c.a.cloud.nacos.configdata.NacosConfigDataLoader - [Nacos Config] Load config[dataId=xiaohashu-oss-dev.yaml, group=xiaohashu-oss] success
2026-08-18 14:15:59.807 [main] INFO  o.springframework.cloud.context.scope.GenericScope - BeanFactory id=96393722-26e0-35a7-b767-a9c1467073cf
2026-08-18 14:15:59.997 [main] INFO  o.s.boot.web.embedded.tomcat.TomcatWebServer - Tomcat initialized with port(s): 8081 (http)
2026-08-18 14:16:00.004 [main] INFO  org.apache.catalina.core.StandardService - Starting service [Tomcat]
2026-08-18 14:16:00.004 [main] INFO  org.apache.catalina.core.StandardEngine - Starting Servlet engine: [Apache Tomcat/10.1.5]
2026-08-18 14:16:00.044 [main] INFO  o.a.c.core.ContainerBase.[Tomcat].[localhost].[/] - Initializing Spring embedded WebApplicationContext
2026-08-18 14:16:00.044 [main] INFO  o.s.b.w.s.c.ServletWebServerApplicationContext - Root WebApplicationContext: initialization completed in 564 ms
2026-08-18 14:16:00.680 [main] INFO  o.s.boot.web.embedded.tomcat.TomcatWebServer - Tomcat started on port(s): 8081 (http) with context path ''
2026-08-18 14:16:00.680 [main] WARN  c.a.cloud.nacos.registry.NacosServiceRegistry - No service to register for nacos client...
2026-08-18 14:16:00.779 [main] INFO  o.s.b.f.a.AutowiredAnnotationBeanPostProcessor - Autowired annotation is not supported on static fields: private static java.lang.String com.dyc.xiaohashu.oss.biz.service.impl.FileServiceImpl.BUCKET_NAME
2026-08-18 14:16:00.785 [main] INFO  c.dyc.xiaohashu.oss.biz.XiaohashuOssBizApplication - Started XiaohashuOssBizApplication in 2.455 seconds (process running for 2.717)
2026-08-18 14:16:00.788 [main] INFO  com.alibaba.nacos.client.config.impl.CacheData - nacos.cache.data.init.snapshot = true 
2026-08-18 14:16:00.789 [main] INFO  com.alibaba.nacos.client.config.impl.ClientWorker - [fixed-dev-127.0.0.1_8848] [subscribe] xiaohashu-oss-dev.yaml+xiaohashu-oss+dev
2026-08-18 14:16:00.793 [main] INFO  com.alibaba.nacos.client.config.impl.CacheData - [fixed-dev-127.0.0.1_8848] [add-listener] ok, tenant=dev, dataId=xiaohashu-oss-dev.yaml, group=xiaohashu-oss, cnt=1
2026-08-18 14:16:00.793 [main] INFO  c.a.cloud.nacos.refresh.NacosContextRefresher - [Nacos Config] Listening config: dataId=xiaohashu-oss-dev.yaml, group=xiaohashu-oss
2026-08-18 14:16:46.290 [Thread-1] WARN  c.alibaba.nacos.common.http.HttpClientBeanHolder - [HttpClientBeanHolder] Start destroying common HttpClient
2026-08-18 14:16:46.290 [Thread-6] WARN  com.alibaba.nacos.common.notify.NotifyCenter - [NotifyCenter] Start destroying Publisher
2026-08-18 14:16:46.290 [Thread-6] WARN  com.alibaba.nacos.common.notify.NotifyCenter - [NotifyCenter] Destruction of the end
2026-08-18 14:16:46.290 [Thread-1] WARN  c.alibaba.nacos.common.http.HttpClientBeanHolder - [HttpClientBeanHolder] Destruction of the end
2026-08-18 14:16:46.316 [SpringApplicationShutdownHook] INFO  c.a.cloud.nacos.registry.NacosServiceRegistry - De-registering from Nacos Server now...
2026-08-18 14:16:46.316 [SpringApplicationShutdownHook] WARN  c.a.cloud.nacos.registry.NacosServiceRegistry - No dom to de-register for nacos client...
2026-08-18 14:17:18.817 [main] WARN  com.alibaba.nacos.client.logging.NacosLogging - Load Logback Configuration of Nacos fail, message: Could not initialize Logback Nacos logging from classpath:nacos-logback.xml
2026-08-18 14:17:18.852 [main] WARN  com.alibaba.nacos.client.logging.NacosLogging - Load Logback Configuration of Nacos fail, message: Could not initialize Logback Nacos logging from classpath:nacos-logback.xml
2026-08-18 14:17:18.853 [main] INFO  c.dyc.xiaohashu.oss.biz.XiaohashuOssBizApplication - Starting XiaohashuOssBizApplication using Java 17.0.12 with PID 43080 (E:\CodeDir\xiaohashu\xiaohashu-oss\xiaohashu-oss-biz\target\classes started by DYC in E:\CodeDir\xiaohashu)
2026-08-18 14:17:18.853 [main] INFO  c.dyc.xiaohashu.oss.biz.XiaohashuOssBizApplication - The following 1 profile is active: "dev"
2026-08-18 14:17:18.871 [main] INFO  c.a.cloud.nacos.configdata.NacosConfigDataLoader - [Nacos Config] Load config[dataId=xiaohashu-oss-dev.yaml, group=xiaohashu-oss] success
2026-08-18 14:17:19.190 [main] INFO  o.springframework.cloud.context.scope.GenericScope - BeanFactory id=96393722-26e0-35a7-b767-a9c1467073cf
2026-08-18 14:17:19.380 [main] INFO  o.s.boot.web.embedded.tomcat.TomcatWebServer - Tomcat initialized with port(s): 8081 (http)
2026-08-18 14:17:19.385 [main] INFO  org.apache.catalina.core.StandardService - Starting service [Tomcat]
2026-08-18 14:17:19.386 [main] INFO  org.apache.catalina.core.StandardEngine - Starting Servlet engine: [Apache Tomcat/10.1.5]
2026-08-18 14:17:19.422 [main] INFO  o.a.c.core.ContainerBase.[Tomcat].[localhost].[/] - Initializing Spring embedded WebApplicationContext
2026-08-18 14:17:19.423 [main] INFO  o.s.b.w.s.c.ServletWebServerApplicationContext - Root WebApplicationContext: initialization completed in 550 ms
2026-08-18 14:17:20.063 [main] INFO  o.s.boot.web.embedded.tomcat.TomcatWebServer - Tomcat started on port(s): 8081 (http) with context path ''
2026-08-18 14:17:20.066 [main] INFO  com.alibaba.nacos.client.naming - initializer namespace from ans.namespace attribute : null
2026-08-18 14:17:20.066 [main] INFO  com.alibaba.nacos.client.naming - initializer namespace from ALIBABA_ALIWARE_NAMESPACE attribute :null
2026-08-18 14:17:20.066 [main] INFO  com.alibaba.nacos.client.naming - initializer namespace from namespace attribute :null
2026-08-18 14:17:20.070 [main] INFO  c.a.n.p.auth.spi.client.ClientAuthPluginManager - [ClientAuthPluginManager] Load ClientAuthService com.alibaba.nacos.client.auth.impl.NacosClientAuthServiceImpl success.
2026-08-18 14:17:20.070 [main] INFO  c.a.n.p.auth.spi.client.ClientAuthPluginManager - [ClientAuthPluginManager] Load ClientAuthService com.alibaba.nacos.client.auth.ram.RamClientAuthServiceImpl success.
2026-08-18 14:17:20.073 [main] INFO  com.alibaba.nacos.common.remote.client - [RpcClientFactory] create a new rpc client of 2078fa3a-2618-49cb-85c1-dd0c382097a5
2026-08-18 14:17:20.074 [main] INFO  com.alibaba.nacos.common.remote.client - [2078fa3a-2618-49cb-85c1-dd0c382097a5] RpcClient init, ServerListFactory = com.alibaba.nacos.client.naming.core.ServerListManager
2026-08-18 14:17:20.074 [main] INFO  com.alibaba.nacos.common.remote.client - [2078fa3a-2618-49cb-85c1-dd0c382097a5] Registry connection listener to current client:com.alibaba.nacos.client.naming.remote.gprc.redo.NamingGrpcRedoService
2026-08-18 14:17:20.074 [main] INFO  com.alibaba.nacos.common.remote.client - [2078fa3a-2618-49cb-85c1-dd0c382097a5] Register server push request handler:com.alibaba.nacos.client.naming.remote.gprc.NamingPushRequestHandler
2026-08-18 14:17:20.075 [main] INFO  com.alibaba.nacos.common.remote.client - [2078fa3a-2618-49cb-85c1-dd0c382097a5] Try to connect to server on start up, server: {serverIp = '127.0.0.1', server main port = 8848}
2026-08-18 14:17:20.075 [main] INFO  c.a.nacos.common.remote.client.grpc.GrpcClient - grpc client connection server:127.0.0.1 ip,serverPort:9848,grpcTslConfig:{"sslProvider":"OPENSSL","enableTls":false,"mutualAuthEnable":false,"trustAll":false}
2026-08-18 14:17:20.193 [main] INFO  com.alibaba.nacos.common.remote.client - [2078fa3a-2618-49cb-85c1-dd0c382097a5] Success to connect to server [127.0.0.1:8848] on start up, connectionId = 1787033840077_127.0.0.1_56850
2026-08-18 14:17:20.193 [main] INFO  com.alibaba.nacos.common.remote.client - [2078fa3a-2618-49cb-85c1-dd0c382097a5] Register server push request handler:com.alibaba.nacos.common.remote.client.RpcClient$ConnectResetRequestHandler
2026-08-18 14:17:20.193 [main] INFO  com.alibaba.nacos.common.remote.client - [2078fa3a-2618-49cb-85c1-dd0c382097a5] Register server push request handler:com.alibaba.nacos.common.remote.client.RpcClient$$Lambda$343/0x000001e709381448
2026-08-18 14:17:20.193 [com.alibaba.nacos.client.remote.worker] INFO  com.alibaba.nacos.common.remote.client - [2078fa3a-2618-49cb-85c1-dd0c382097a5] Notify connected event to listeners.
2026-08-18 14:17:20.193 [com.alibaba.nacos.client.remote.worker] INFO  com.alibaba.nacos.client.naming - Grpc connection connect
2026-08-18 14:17:20.194 [main] INFO  com.alibaba.nacos.client.naming - [REGISTER-SERVICE] public registering service xiaohashu-oss with instance Instance{instanceId='null', ip='172.31.111.1', port=8081, weight=1.0, healthy=true, enabled=true, ephemeral=true, clusterName='DEFAULT', serviceName='null', metadata={IPv6=[240c:c981:3000:0:86ee:d472:e60d:74fc], preserved.register.source=SPRING_CLOUD}}
2026-08-18 14:17:20.208 [main] INFO  c.a.cloud.nacos.registry.NacosServiceRegistry - nacos registry, DEFAULT_GROUP xiaohashu-oss 172.31.111.1:8081 register finished
2026-08-18 14:17:20.285 [main] INFO  o.s.b.f.a.AutowiredAnnotationBeanPostProcessor - Autowired annotation is not supported on static fields: private static java.lang.String com.dyc.xiaohashu.oss.biz.service.impl.FileServiceImpl.BUCKET_NAME
2026-08-18 14:17:20.290 [main] INFO  c.dyc.xiaohashu.oss.biz.XiaohashuOssBizApplication - Started XiaohashuOssBizApplication in 2.566 seconds (process running for 2.853)
2026-08-18 14:17:20.293 [main] INFO  com.alibaba.nacos.client.config.impl.CacheData - nacos.cache.data.init.snapshot = true 
2026-08-18 14:17:20.294 [main] INFO  com.alibaba.nacos.client.config.impl.ClientWorker - [fixed-dev-127.0.0.1_8848] [subscribe] xiaohashu-oss-dev.yaml+xiaohashu-oss+dev
2026-08-18 14:17:20.298 [main] INFO  com.alibaba.nacos.client.config.impl.CacheData - [fixed-dev-127.0.0.1_8848] [add-listener] ok, tenant=dev, dataId=xiaohashu-oss-dev.yaml, group=xiaohashu-oss, cnt=1
2026-08-18 14:17:20.298 [main] INFO  c.a.cloud.nacos.refresh.NacosContextRefresher - [Nacos Config] Listening config: dataId=xiaohashu-oss-dev.yaml, group=xiaohashu-oss
2026-08-18 14:23:17.778 [http-nio-8081-exec-2] INFO  o.a.c.core.ContainerBase.[Tomcat].[localhost].[/] - Initializing Spring DispatcherServlet 'dispatcherServlet'
2026-08-18 14:23:17.781 [http-nio-8081-exec-2] INFO  org.springframework.web.servlet.DispatcherServlet - Initializing Servlet 'dispatcherServlet'
2026-08-18 14:23:17.781 [http-nio-8081-exec-2] INFO  org.springframework.web.servlet.DispatcherServlet - Completed initialization in 0 ms
2026-08-18 14:23:17.965 [http-nio-8081-exec-2] INFO  c.d.x.oss.biz.strategy.impl.AliyunOSSFileStrategy - ## 上传文件至阿里云 OSS ...
2026-08-18 14:23:17.969 [http-nio-8081-exec-2] INFO  c.d.x.oss.biz.strategy.impl.AliyunOSSFileStrategy - ==> 开始上传文件至阿里云 OSS, ObjectName: 2204339efc854870b39ccb888f9d2c4a.svg
2026-08-18 14:23:18.502 [http-nio-8081-exec-2] ERROR c.d.x.oss.biz.exception.GlobalExceptionHandler - /file/upload request error, 
java.lang.NullPointerException: 参数"bucketName"为空指针。
	at com.aliyun.oss.common.utils.CodingUtils.assertParameterNotNull(CodingUtils.java:35)
	at com.aliyun.oss.internal.OSSObjectOperation.writeObjectInternal(OSSObjectOperation.java:1109)
	at com.aliyun.oss.internal.OSSObjectOperation.putObject(OSSObjectOperation.java:107)
	at com.aliyun.oss.OSSClient.putObject(OSSClient.java:627)
	at com.aliyun.oss.OSSClient.putObject(OSSClient.java:611)
	at com.aliyun.oss.OSSClient.putObject(OSSClient.java:605)
	at com.dyc.xiaohashu.oss.biz.strategy.impl.AliyunOSSFileStrategy.uploadFile(AliyunOSSFileStrategy.java:48)
	at java.base/jdk.internal.reflect.NativeMethodAccessorImpl.invoke0(Native Method)
	at java.base/jdk.internal.reflect.NativeMethodAccessorImpl.invoke(NativeMethodAccessorImpl.java:77)
	at java.base/jdk.internal.reflect.DelegatingMethodAccessorImpl.invoke(DelegatingMethodAccessorImpl.java:43)
	at java.base/java.lang.reflect.Method.invoke(Method.java:568)
	at org.springframework.util.ReflectionUtils.invokeMethod(ReflectionUtils.java:281)
	at org.springframework.cloud.context.scope.GenericScope$LockedScopedProxyFactoryBean.invoke(GenericScope.java:482)
	at org.springframework.aop.framework.ReflectiveMethodInvocation.proceed(ReflectiveMethodInvocation.java:184)
	at org.springframework.aop.framework.JdkDynamicAopProxy.invoke(JdkDynamicAopProxy.java:218)
	at jdk.proxy2/jdk.proxy2.$Proxy71.uploadFile(Unknown Source)
	at com.dyc.xiaohashu.oss.biz.service.impl.FileServiceImpl.uploadFile(FileServiceImpl.java:27)
	at java.base/jdk.internal.reflect.NativeMethodAccessorImpl.invoke0(Native Method)
	at java.base/jdk.internal.reflect.NativeMethodAccessorImpl.invoke(NativeMethodAccessorImpl.java:77)
	at java.base/jdk.internal.reflect.DelegatingMethodAccessorImpl.invoke(DelegatingMethodAccessorImpl.java:43)
	at java.base/java.lang.reflect.Method.invoke(Method.java:568)
	at org.springframework.util.ReflectionUtils.invokeMethod(ReflectionUtils.java:281)
	at org.springframework.cloud.context.scope.GenericScope$LockedScopedProxyFactoryBean.invoke(GenericScope.java:482)
	at org.springframework.aop.framework.ReflectiveMethodInvocation.proceed(ReflectiveMethodInvocation.java:184)
	at org.springframework.aop.framework.CglibAopProxy$CglibMethodInvocation.proceed(CglibAopProxy.java:752)
	at org.springframework.aop.framework.CglibAopProxy$DynamicAdvisedInterceptor.intercept(CglibAopProxy.java:703)
	at com.dyc.xiaohashu.oss.biz.service.impl.FileServiceImpl$$SpringCGLIB$$0.uploadFile(<generated>)
	at com.dyc.xiaohashu.oss.biz.controller.FileController.uploadFile(FileController.java:24)
	at java.base/jdk.internal.reflect.NativeMethodAccessorImpl.invoke0(Native Method)
	at java.base/jdk.internal.reflect.NativeMethodAccessorImpl.invoke(NativeMethodAccessorImpl.java:77)
	at java.base/jdk.internal.reflect.DelegatingMethodAccessorImpl.invoke(DelegatingMethodAccessorImpl.java:43)
	at java.base/java.lang.reflect.Method.invoke(Method.java:568)
	at org.springframework.web.method.support.InvocableHandlerMethod.doInvoke(InvocableHandlerMethod.java:207)
	at org.springframework.web.method.support.InvocableHandlerMethod.invokeForRequest(InvocableHandlerMethod.java:152)
	at org.springframework.web.servlet.mvc.method.annotation.ServletInvocableHandlerMethod.invokeAndHandle(ServletInvocableHandlerMethod.java:117)
	at org.springframework.web.servlet.mvc.method.annotation.RequestMappingHandlerAdapter.invokeHandlerMethod(RequestMappingHandlerAdapter.java:884)
	at org.springframework.web.servlet.mvc.method.annotation.RequestMappingHandlerAdapter.handleInternal(RequestMappingHandlerAdapter.java:797)
	at org.springframework.web.servlet.mvc.method.AbstractHandlerMethodAdapter.handle(AbstractHandlerMethodAdapter.java:87)
	at org.springframework.web.servlet.DispatcherServlet.doDispatch(DispatcherServlet.java:1080)
	at org.springframework.web.servlet.DispatcherServlet.doService(DispatcherServlet.java:973)
	at org.springframework.web.servlet.FrameworkServlet.processRequest(FrameworkServlet.java:1011)
	at org.springframework.web.servlet.FrameworkServlet.doPost(FrameworkServlet.java:914)
	at jakarta.servlet.http.HttpServlet.service(HttpServlet.java:731)
	at org.springframework.web.servlet.FrameworkServlet.service(FrameworkServlet.java:885)
	at jakarta.servlet.http.HttpServlet.service(HttpServlet.java:814)
	at org.apache.catalina.core.ApplicationFilterChain.internalDoFilter(ApplicationFilterChain.java:223)
	at org.apache.catalina.core.ApplicationFilterChain.doFilter(ApplicationFilterChain.java:158)
	at org.apache.tomcat.websocket.server.WsFilter.doFilter(WsFilter.java:53)
	at org.apache.catalina.core.ApplicationFilterChain.internalDoFilter(ApplicationFilterChain.java:185)
	at org.apache.catalina.core.ApplicationFilterChain.doFilter(ApplicationFilterChain.java:158)
	at org.springframework.web.filter.RequestContextFilter.doFilterInternal(RequestContextFilter.java:100)
	at org.springframework.web.filter.OncePerRequestFilter.doFilter(OncePerRequestFilter.java:116)
	at org.apache.catalina.core.ApplicationFilterChain.internalDoFilter(ApplicationFilterChain.java:185)
	at org.apache.catalina.core.ApplicationFilterChain.doFilter(ApplicationFilterChain.java:158)
	at org.springframework.web.filter.FormContentFilter.doFilterInternal(FormContentFilter.java:93)
	at org.springframework.web.filter.OncePerRequestFilter.doFilter(OncePerRequestFilter.java:116)
	at org.apache.catalina.core.ApplicationFilterChain.internalDoFilter(ApplicationFilterChain.java:185)
	at org.apache.catalina.core.ApplicationFilterChain.doFilter(ApplicationFilterChain.java:158)
	at org.springframework.web.filter.CharacterEncodingFilter.doFilterInternal(CharacterEncodingFilter.java:201)
	at org.springframework.web.filter.OncePerRequestFilter.doFilter(OncePerRequestFilter.java:116)
	at org.apache.catalina.core.ApplicationFilterChain.internalDoFilter(ApplicationFilterChain.java:185)
	at org.apache.catalina.core.ApplicationFilterChain.doFilter(ApplicationFilterChain.java:158)
	at org.apache.catalina.core.StandardWrapperValve.invoke(StandardWrapperValve.java:177)
	at org.apache.catalina.core.StandardContextValve.invoke(StandardContextValve.java:97)
	at org.apache.catalina.authenticator.AuthenticatorBase.invoke(AuthenticatorBase.java:542)
	at org.apache.catalina.core.StandardHostValve.invoke(StandardHostValve.java:119)
	at org.apache.catalina.valves.ErrorReportValve.invoke(ErrorReportValve.java:92)
	at org.apache.catalina.core.StandardEngineValve.invoke(StandardEngineValve.java:78)
	at org.apache.catalina.connector.CoyoteAdapter.service(CoyoteAdapter.java:357)
	at org.apache.coyote.http11.Http11Processor.service(Http11Processor.java:400)
	at org.apache.coyote.AbstractProcessorLight.process(AbstractProcessorLight.java:65)
	at org.apache.coyote.AbstractProtocol$ConnectionHandler.process(AbstractProtocol.java:859)
	at org.apache.tomcat.util.net.NioEndpoint$SocketProcessor.doRun(NioEndpoint.java:1734)
	at org.apache.tomcat.util.net.SocketProcessorBase.run(SocketProcessorBase.java:52)
	at org.apache.tomcat.util.threads.ThreadPoolExecutor.runWorker(ThreadPoolExecutor.java:1191)
	at org.apache.tomcat.util.threads.ThreadPoolExecutor$Worker.run(ThreadPoolExecutor.java:659)
	at org.apache.tomcat.util.threads.TaskThread$WrappingRunnable.run(TaskThread.java:61)
	at java.base/java.lang.Thread.run(Thread.java:842)
2026-08-18 14:24:23.257 [nacos-grpc-client-executor-127.0.0.1-96] INFO  com.alibaba.nacos.common.remote.client - [dc089d70-64c7-4060-92fc-0617dac9daee_config-0] Receive server push request, request = ConfigChangeNotifyRequest, requestId = 1
2026-08-18 14:24:23.257 [nacos-grpc-client-executor-127.0.0.1-96] INFO  com.alibaba.nacos.client.config.impl.ClientWorker - [dc089d70-64c7-4060-92fc-0617dac9daee_config-0] [server-push] config changed. dataId=xiaohashu-oss-dev.yaml, group=xiaohashu-oss,tenant=dev
2026-08-18 14:24:23.257 [nacos-grpc-client-executor-127.0.0.1-96] INFO  com.alibaba.nacos.common.remote.client - [dc089d70-64c7-4060-92fc-0617dac9daee_config-0] Ack server push request, request = ConfigChangeNotifyRequest, requestId = 1
2026-08-18 14:24:23.316 [com.alibaba.nacos.client.Worker] INFO  com.alibaba.nacos.client.config.impl.ClientWorker - [fixed-dev-127.0.0.1_8848] [data-received] dataId=xiaohashu-oss-dev.yaml, group=xiaohashu-oss, tenant=dev, md5=aa3c58bd931de75f57220d84825318c1, content=storage:
  type: aliyun # 对象存储类型
  aliyun-oss:
    endpoint: oss-cn-beijing.aliyuncs.com
    accessK..., type=yaml
2026-08-18 14:24:23.319 [com.alibaba.nacos.client.Worker] INFO  com.alibaba.nacos.client.config.impl.CacheData - [fixed-dev-127.0.0.1_8848] [notify-listener] time cost=0ms in ClientWorker, dataId=xiaohashu-oss-dev.yaml, group=xiaohashu-oss, md5=aa3c58bd931de75f57220d84825318c1, listener=com.alibaba.cloud.nacos.refresh.NacosContextRefresher$1@15cbb6ee 
2026-08-18 14:24:23.319 [nacos.client.cachedata.internal.notifier] INFO  com.alibaba.nacos.client.config.impl.CacheData - [fixed-dev-127.0.0.1_8848] [notify-context] dataId=xiaohashu-oss-dev.yaml, group=xiaohashu-oss, md5=aa3c58bd931de75f57220d84825318c1
2026-08-18 14:24:24.185 [nacos.client.cachedata.internal.notifier] INFO  c.a.cloud.nacos.configdata.NacosConfigDataLoader - [Nacos Config] Load config[dataId=xiaohashu-oss-dev.yaml, group=xiaohashu-oss] success
2026-08-18 14:24:24.325 [nacos.client.cachedata.internal.notifier] INFO  o.s.cloud.endpoint.event.RefreshEventListener - Refresh keys changed: [storage.bucketName, storage.bucket-name]
2026-08-18 14:24:24.326 [nacos.client.cachedata.internal.notifier] INFO  com.alibaba.nacos.client.config.impl.CacheData - [fixed-dev-127.0.0.1_8848] [notify-ok] dataId=xiaohashu-oss-dev.yaml, group=xiaohashu-oss, md5=aa3c58bd931de75f57220d84825318c1, listener=com.alibaba.cloud.nacos.refresh.NacosContextRefresher$1@15cbb6ee ,cost=1007 millis.
2026-08-18 14:24:40.763 [Thread-6] WARN  com.alibaba.nacos.common.notify.NotifyCenter - [NotifyCenter] Start destroying Publisher
2026-08-18 14:24:40.763 [Thread-1] WARN  c.alibaba.nacos.common.http.HttpClientBeanHolder - [HttpClientBeanHolder] Start destroying common HttpClient
2026-08-18 14:24:40.763 [Thread-6] WARN  com.alibaba.nacos.common.notify.NotifyCenter - [NotifyCenter] Destruction of the end
2026-08-18 14:24:40.763 [Thread-1] WARN  c.alibaba.nacos.common.http.HttpClientBeanHolder - [HttpClientBeanHolder] Destruction of the end
2026-08-18 14:24:40.780 [SpringApplicationShutdownHook] INFO  c.a.cloud.nacos.registry.NacosServiceRegistry - De-registering from Nacos Server now...
2026-08-18 14:24:40.780 [SpringApplicationShutdownHook] INFO  com.alibaba.nacos.client.naming - [DEREGISTER-SERVICE] public deregistering service xiaohashu-oss with instance: Instance{instanceId='null', ip='172.31.111.1', port=8081, weight=1.0, healthy=true, enabled=true, ephemeral=true, clusterName='DEFAULT', serviceName='null', metadata={}}
2026-08-18 14:24:40.785 [SpringApplicationShutdownHook] INFO  c.a.cloud.nacos.registry.NacosServiceRegistry - De-registration finished.
2026-08-18 14:24:40.785 [SpringApplicationShutdownHook] INFO  com.alibaba.nacos.client.naming - com.alibaba.nacos.client.naming.cache.ServiceInfoHolder do shutdown begin
2026-08-18 14:24:40.785 [SpringApplicationShutdownHook] INFO  com.alibaba.nacos.client.naming - com.alibaba.nacos.client.naming.backups.FailoverReactor do shutdown begin
2026-08-18 14:24:40.785 [SpringApplicationShutdownHook] INFO  com.alibaba.nacos.client.naming - com.alibaba.nacos.client.naming.backups.FailoverReactor do shutdown stop
2026-08-18 14:24:40.785 [SpringApplicationShutdownHook] INFO  com.alibaba.nacos.client.naming - com.alibaba.nacos.client.naming.cache.ServiceInfoHolder do shutdown stop
2026-08-18 14:24:40.785 [SpringApplicationShutdownHook] INFO  com.alibaba.nacos.client.naming - com.alibaba.nacos.client.naming.remote.NamingClientProxyDelegate do shutdown begin
2026-08-18 14:24:40.785 [SpringApplicationShutdownHook] INFO  com.alibaba.nacos.client.naming - com.alibaba.nacos.client.naming.core.ServiceInfoUpdateService do shutdown begin
2026-08-18 14:24:40.785 [SpringApplicationShutdownHook] INFO  com.alibaba.nacos.client.naming - com.alibaba.nacos.client.naming.core.ServiceInfoUpdateService do shutdown stop
2026-08-18 14:24:40.785 [SpringApplicationShutdownHook] INFO  com.alibaba.nacos.client.naming - com.alibaba.nacos.client.naming.core.ServerListManager do shutdown begin
2026-08-18 14:24:40.785 [SpringApplicationShutdownHook] WARN  com.alibaba.nacos.client.naming - [NamingHttpClientManager] Start destroying NacosRestTemplate
2026-08-18 14:24:40.785 [SpringApplicationShutdownHook] WARN  com.alibaba.nacos.client.naming - [NamingHttpClientManager] Destruction of the end
2026-08-18 14:24:40.786 [SpringApplicationShutdownHook] INFO  com.alibaba.nacos.client.naming - com.alibaba.nacos.client.naming.core.ServerListManager do shutdown stop
2026-08-18 14:24:40.786 [SpringApplicationShutdownHook] INFO  com.alibaba.nacos.client.naming - com.alibaba.nacos.client.naming.remote.http.NamingHttpClientProxy do shutdown begin
2026-08-18 14:24:40.786 [SpringApplicationShutdownHook] WARN  com.alibaba.nacos.client.naming - [NamingHttpClientManager] Start destroying NacosRestTemplate
2026-08-18 14:24:40.786 [SpringApplicationShutdownHook] WARN  com.alibaba.nacos.client.naming - [NamingHttpClientManager] Destruction of the end
2026-08-18 14:24:40.786 [SpringApplicationShutdownHook] INFO  com.alibaba.nacos.client.naming - com.alibaba.nacos.client.naming.remote.http.NamingHttpClientProxy do shutdown stop
2026-08-18 14:24:40.786 [SpringApplicationShutdownHook] INFO  com.alibaba.nacos.common.remote.client - Shutdown rpc client, set status to shutdown
2026-08-18 14:24:40.786 [SpringApplicationShutdownHook] INFO  com.alibaba.nacos.common.remote.client - Shutdown client event executor java.util.concurrent.ScheduledThreadPoolExecutor@8221fc3[Running, pool size = 2, active threads = 2, queued tasks = 0, completed tasks = 0]
2026-08-18 14:24:40.786 [SpringApplicationShutdownHook] INFO  com.alibaba.nacos.common.remote.client - Close current connection 1787033840077_127.0.0.1_56850
2026-08-18 14:24:40.787 [nacos-grpc-client-executor-127.0.0.1-96] WARN  c.a.nacos.common.remote.client.grpc.GrpcClient - [1787033840077_127.0.0.1_56850]Ignore error event,isRunning:false,isAbandon=false
2026-08-18 14:24:40.787 [SpringApplicationShutdownHook] INFO  c.a.nacos.common.remote.client.grpc.GrpcClient - Shutdown grpc executor java.util.concurrent.ThreadPoolExecutor@36203907[Running, pool size = 4, active threads = 0, queued tasks = 0, completed tasks = 97]
2026-08-18 14:24:40.787 [SpringApplicationShutdownHook] INFO  com.alibaba.nacos.client.naming - Shutdown grpc redo service executor java.util.concurrent.ScheduledThreadPoolExecutor@9c576dc[Running, pool size = 1, active threads = 0, queued tasks = 1, completed tasks = 146]
2026-08-18 14:24:40.788 [SpringApplicationShutdownHook] INFO  c.a.n.client.auth.ram.identify.CredentialWatcher - [null] CredentialWatcher is stopped
2026-08-18 14:24:40.788 [SpringApplicationShutdownHook] INFO  c.a.n.client.auth.ram.identify.CredentialService - [null] CredentialService is freed
2026-08-18 14:24:40.788 [SpringApplicationShutdownHook] INFO  com.alibaba.nacos.client.naming - com.alibaba.nacos.client.naming.remote.NamingClientProxyDelegate do shutdown stop
2026-08-18 14:24:44.426 [main] WARN  com.alibaba.nacos.client.logging.NacosLogging - Load Logback Configuration of Nacos fail, message: Could not initialize Logback Nacos logging from classpath:nacos-logback.xml
2026-08-18 14:24:44.462 [main] WARN  com.alibaba.nacos.client.logging.NacosLogging - Load Logback Configuration of Nacos fail, message: Could not initialize Logback Nacos logging from classpath:nacos-logback.xml
2026-08-18 14:24:44.464 [main] INFO  c.dyc.xiaohashu.oss.biz.XiaohashuOssBizApplication - Starting XiaohashuOssBizApplication using Java 17.0.12 with PID 20500 (E:\CodeDir\xiaohashu\xiaohashu-oss\xiaohashu-oss-biz\target\classes started by DYC in E:\CodeDir\xiaohashu)
2026-08-18 14:24:44.464 [main] INFO  c.dyc.xiaohashu.oss.biz.XiaohashuOssBizApplication - The following 1 profile is active: "dev"
2026-08-18 14:24:44.483 [main] INFO  c.a.cloud.nacos.configdata.NacosConfigDataLoader - [Nacos Config] Load config[dataId=xiaohashu-oss-dev.yaml, group=xiaohashu-oss] success
2026-08-18 14:24:44.804 [main] INFO  o.springframework.cloud.context.scope.GenericScope - BeanFactory id=96393722-26e0-35a7-b767-a9c1467073cf
2026-08-18 14:24:44.998 [main] INFO  o.s.boot.web.embedded.tomcat.TomcatWebServer - Tomcat initialized with port(s): 8081 (http)
2026-08-18 14:24:45.002 [main] INFO  org.apache.catalina.core.StandardService - Starting service [Tomcat]
2026-08-18 14:24:45.003 [main] INFO  org.apache.catalina.core.StandardEngine - Starting Servlet engine: [Apache Tomcat/10.1.5]
2026-08-18 14:24:45.036 [main] INFO  o.a.c.core.ContainerBase.[Tomcat].[localhost].[/] - Initializing Spring embedded WebApplicationContext
2026-08-18 14:24:45.036 [main] INFO  o.s.b.w.s.c.ServletWebServerApplicationContext - Root WebApplicationContext: initialization completed in 552 ms
2026-08-18 14:24:45.596 [main] INFO  o.s.boot.web.embedded.tomcat.TomcatWebServer - Tomcat started on port(s): 8081 (http) with context path ''
2026-08-18 14:24:45.599 [main] INFO  com.alibaba.nacos.client.naming - initializer namespace from ans.namespace attribute : null
2026-08-18 14:24:45.599 [main] INFO  com.alibaba.nacos.client.naming - initializer namespace from ALIBABA_ALIWARE_NAMESPACE attribute :null
2026-08-18 14:24:45.599 [main] INFO  com.alibaba.nacos.client.naming - initializer namespace from namespace attribute :null
2026-08-18 14:24:45.604 [main] INFO  c.a.n.p.auth.spi.client.ClientAuthPluginManager - [ClientAuthPluginManager] Load ClientAuthService com.alibaba.nacos.client.auth.impl.NacosClientAuthServiceImpl success.
2026-08-18 14:24:45.604 [main] INFO  c.a.n.p.auth.spi.client.ClientAuthPluginManager - [ClientAuthPluginManager] Load ClientAuthService com.alibaba.nacos.client.auth.ram.RamClientAuthServiceImpl success.
2026-08-18 14:24:45.606 [main] INFO  com.alibaba.nacos.common.remote.client - [RpcClientFactory] create a new rpc client of a130f0da-1265-44e9-bc1d-bd9f21786445
2026-08-18 14:24:45.607 [main] INFO  com.alibaba.nacos.common.remote.client - [a130f0da-1265-44e9-bc1d-bd9f21786445] RpcClient init, ServerListFactory = com.alibaba.nacos.client.naming.core.ServerListManager
2026-08-18 14:24:45.607 [main] INFO  com.alibaba.nacos.common.remote.client - [a130f0da-1265-44e9-bc1d-bd9f21786445] Registry connection listener to current client:com.alibaba.nacos.client.naming.remote.gprc.redo.NamingGrpcRedoService
2026-08-18 14:24:45.607 [main] INFO  com.alibaba.nacos.common.remote.client - [a130f0da-1265-44e9-bc1d-bd9f21786445] Register server push request handler:com.alibaba.nacos.client.naming.remote.gprc.NamingPushRequestHandler
2026-08-18 14:24:45.607 [main] INFO  com.alibaba.nacos.common.remote.client - [a130f0da-1265-44e9-bc1d-bd9f21786445] Try to connect to server on start up, server: {serverIp = '127.0.0.1', server main port = 8848}
2026-08-18 14:24:45.607 [main] INFO  c.a.nacos.common.remote.client.grpc.GrpcClient - grpc client connection server:127.0.0.1 ip,serverPort:9848,grpcTslConfig:{"sslProvider":"OPENSSL","enableTls":false,"mutualAuthEnable":false,"trustAll":false}
2026-08-18 14:24:45.725 [main] INFO  com.alibaba.nacos.common.remote.client - [a130f0da-1265-44e9-bc1d-bd9f21786445] Success to connect to server [127.0.0.1:8848] on start up, connectionId = 1787034285611_127.0.0.1_49892
2026-08-18 14:24:45.726 [main] INFO  com.alibaba.nacos.common.remote.client - [a130f0da-1265-44e9-bc1d-bd9f21786445] Register server push request handler:com.alibaba.nacos.common.remote.client.RpcClient$ConnectResetRequestHandler
2026-08-18 14:24:45.726 [main] INFO  com.alibaba.nacos.common.remote.client - [a130f0da-1265-44e9-bc1d-bd9f21786445] Register server push request handler:com.alibaba.nacos.common.remote.client.RpcClient$$Lambda$343/0x00000180b0380440
2026-08-18 14:24:45.726 [com.alibaba.nacos.client.remote.worker] INFO  com.alibaba.nacos.common.remote.client - [a130f0da-1265-44e9-bc1d-bd9f21786445] Notify connected event to listeners.
2026-08-18 14:24:45.726 [com.alibaba.nacos.client.remote.worker] INFO  com.alibaba.nacos.client.naming - Grpc connection connect
2026-08-18 14:24:45.727 [main] INFO  com.alibaba.nacos.client.naming - [REGISTER-SERVICE] public registering service xiaohashu-oss with instance Instance{instanceId='null', ip='172.31.111.1', port=8081, weight=1.0, healthy=true, enabled=true, ephemeral=true, clusterName='DEFAULT', serviceName='null', metadata={IPv6=[240c:c981:3000:0:86ee:d472:e60d:74fc], preserved.register.source=SPRING_CLOUD}}
2026-08-18 14:24:45.740 [main] INFO  c.a.cloud.nacos.registry.NacosServiceRegistry - nacos registry, DEFAULT_GROUP xiaohashu-oss 172.31.111.1:8081 register finished
2026-08-18 14:24:45.820 [main] INFO  o.s.b.f.a.AutowiredAnnotationBeanPostProcessor - Autowired annotation is not supported on static fields: private static java.lang.String com.dyc.xiaohashu.oss.biz.service.impl.FileServiceImpl.BUCKET_NAME
2026-08-18 14:24:45.826 [main] INFO  c.dyc.xiaohashu.oss.biz.XiaohashuOssBizApplication - Started XiaohashuOssBizApplication in 2.516 seconds (process running for 2.793)
2026-08-18 14:24:45.828 [main] INFO  com.alibaba.nacos.client.config.impl.CacheData - nacos.cache.data.init.snapshot = true 
2026-08-18 14:24:45.831 [main] INFO  com.alibaba.nacos.client.config.impl.ClientWorker - [fixed-dev-127.0.0.1_8848] [subscribe] xiaohashu-oss-dev.yaml+xiaohashu-oss+dev
2026-08-18 14:24:45.835 [main] INFO  com.alibaba.nacos.client.config.impl.CacheData - [fixed-dev-127.0.0.1_8848] [add-listener] ok, tenant=dev, dataId=xiaohashu-oss-dev.yaml, group=xiaohashu-oss, cnt=1
2026-08-18 14:24:45.835 [main] INFO  c.a.cloud.nacos.refresh.NacosContextRefresher - [Nacos Config] Listening config: dataId=xiaohashu-oss-dev.yaml, group=xiaohashu-oss
2026-08-18 14:24:54.944 [http-nio-8081-exec-5] INFO  o.a.c.core.ContainerBase.[Tomcat].[localhost].[/] - Initializing Spring DispatcherServlet 'dispatcherServlet'
2026-08-18 14:24:54.954 [http-nio-8081-exec-5] INFO  org.springframework.web.servlet.DispatcherServlet - Initializing Servlet 'dispatcherServlet'
2026-08-18 14:24:54.965 [http-nio-8081-exec-5] INFO  org.springframework.web.servlet.DispatcherServlet - Completed initialization in 2 ms
2026-08-18 14:24:55.172 [http-nio-8081-exec-5] INFO  c.d.x.oss.biz.strategy.impl.AliyunOSSFileStrategy - ## 上传文件至阿里云 OSS ...
2026-08-18 14:24:55.175 [http-nio-8081-exec-5] INFO  c.d.x.oss.biz.strategy.impl.AliyunOSSFileStrategy - ==> 开始上传文件至阿里云 OSS, ObjectName: 4fb547caa4344b9faf165f9a8b170ab6.svg
2026-08-18 14:24:55.738 [http-nio-8081-exec-5] ERROR c.d.x.oss.biz.exception.GlobalExceptionHandler - /file/upload request error, 
java.lang.NullPointerException: 参数"bucketName"为空指针。
	at com.aliyun.oss.common.utils.CodingUtils.assertParameterNotNull(CodingUtils.java:35)
	at com.aliyun.oss.internal.OSSObjectOperation.writeObjectInternal(OSSObjectOperation.java:1109)
	at com.aliyun.oss.internal.OSSObjectOperation.putObject(OSSObjectOperation.java:107)
	at com.aliyun.oss.OSSClient.putObject(OSSClient.java:627)
	at com.aliyun.oss.OSSClient.putObject(OSSClient.java:611)
	at com.aliyun.oss.OSSClient.putObject(OSSClient.java:605)
	at com.dyc.xiaohashu.oss.biz.strategy.impl.AliyunOSSFileStrategy.uploadFile(AliyunOSSFileStrategy.java:48)
	at java.base/jdk.internal.reflect.NativeMethodAccessorImpl.invoke0(Native Method)
	at java.base/jdk.internal.reflect.NativeMethodAccessorImpl.invoke(NativeMethodAccessorImpl.java:77)
	at java.base/jdk.internal.reflect.DelegatingMethodAccessorImpl.invoke(DelegatingMethodAccessorImpl.java:43)
	at java.base/java.lang.reflect.Method.invoke(Method.java:568)
	at org.springframework.util.ReflectionUtils.invokeMethod(ReflectionUtils.java:281)
	at org.springframework.cloud.context.scope.GenericScope$LockedScopedProxyFactoryBean.invoke(GenericScope.java:482)
	at org.springframework.aop.framework.ReflectiveMethodInvocation.proceed(ReflectiveMethodInvocation.java:184)
	at org.springframework.aop.framework.JdkDynamicAopProxy.invoke(JdkDynamicAopProxy.java:218)
	at jdk.proxy2/jdk.proxy2.$Proxy71.uploadFile(Unknown Source)
	at com.dyc.xiaohashu.oss.biz.service.impl.FileServiceImpl.uploadFile(FileServiceImpl.java:27)
	at java.base/jdk.internal.reflect.NativeMethodAccessorImpl.invoke0(Native Method)
	at java.base/jdk.internal.reflect.NativeMethodAccessorImpl.invoke(NativeMethodAccessorImpl.java:77)
	at java.base/jdk.internal.reflect.DelegatingMethodAccessorImpl.invoke(DelegatingMethodAccessorImpl.java:43)
	at java.base/java.lang.reflect.Method.invoke(Method.java:568)
	at org.springframework.util.ReflectionUtils.invokeMethod(ReflectionUtils.java:281)
	at org.springframework.cloud.context.scope.GenericScope$LockedScopedProxyFactoryBean.invoke(GenericScope.java:482)
	at org.springframework.aop.framework.ReflectiveMethodInvocation.proceed(ReflectiveMethodInvocation.java:184)
	at org.springframework.aop.framework.CglibAopProxy$CglibMethodInvocation.proceed(CglibAopProxy.java:752)
	at org.springframework.aop.framework.CglibAopProxy$DynamicAdvisedInterceptor.intercept(CglibAopProxy.java:703)
	at com.dyc.xiaohashu.oss.biz.service.impl.FileServiceImpl$$SpringCGLIB$$0.uploadFile(<generated>)
	at com.dyc.xiaohashu.oss.biz.controller.FileController.uploadFile(FileController.java:24)
	at java.base/jdk.internal.reflect.NativeMethodAccessorImpl.invoke0(Native Method)
	at java.base/jdk.internal.reflect.NativeMethodAccessorImpl.invoke(NativeMethodAccessorImpl.java:77)
	at java.base/jdk.internal.reflect.DelegatingMethodAccessorImpl.invoke(DelegatingMethodAccessorImpl.java:43)
	at java.base/java.lang.reflect.Method.invoke(Method.java:568)
	at org.springframework.web.method.support.InvocableHandlerMethod.doInvoke(InvocableHandlerMethod.java:207)
	at org.springframework.web.method.support.InvocableHandlerMethod.invokeForRequest(InvocableHandlerMethod.java:152)
	at org.springframework.web.servlet.mvc.method.annotation.ServletInvocableHandlerMethod.invokeAndHandle(ServletInvocableHandlerMethod.java:117)
	at org.springframework.web.servlet.mvc.method.annotation.RequestMappingHandlerAdapter.invokeHandlerMethod(RequestMappingHandlerAdapter.java:884)
	at org.springframework.web.servlet.mvc.method.annotation.RequestMappingHandlerAdapter.handleInternal(RequestMappingHandlerAdapter.java:797)
	at org.springframework.web.servlet.mvc.method.AbstractHandlerMethodAdapter.handle(AbstractHandlerMethodAdapter.java:87)
	at org.springframework.web.servlet.DispatcherServlet.doDispatch(DispatcherServlet.java:1080)
	at org.springframework.web.servlet.DispatcherServlet.doService(DispatcherServlet.java:973)
	at org.springframework.web.servlet.FrameworkServlet.processRequest(FrameworkServlet.java:1011)
	at org.springframework.web.servlet.FrameworkServlet.doPost(FrameworkServlet.java:914)
	at jakarta.servlet.http.HttpServlet.service(HttpServlet.java:731)
	at org.springframework.web.servlet.FrameworkServlet.service(FrameworkServlet.java:885)
	at jakarta.servlet.http.HttpServlet.service(HttpServlet.java:814)
	at org.apache.catalina.core.ApplicationFilterChain.internalDoFilter(ApplicationFilterChain.java:223)
	at org.apache.catalina.core.ApplicationFilterChain.doFilter(ApplicationFilterChain.java:158)
	at org.apache.tomcat.websocket.server.WsFilter.doFilter(WsFilter.java:53)
	at org.apache.catalina.core.ApplicationFilterChain.internalDoFilter(ApplicationFilterChain.java:185)
	at org.apache.catalina.core.ApplicationFilterChain.doFilter(ApplicationFilterChain.java:158)
	at org.springframework.web.filter.RequestContextFilter.doFilterInternal(RequestContextFilter.java:100)
	at org.springframework.web.filter.OncePerRequestFilter.doFilter(OncePerRequestFilter.java:116)
	at org.apache.catalina.core.ApplicationFilterChain.internalDoFilter(ApplicationFilterChain.java:185)
	at org.apache.catalina.core.ApplicationFilterChain.doFilter(ApplicationFilterChain.java:158)
	at org.springframework.web.filter.FormContentFilter.doFilterInternal(FormContentFilter.java:93)
	at org.springframework.web.filter.OncePerRequestFilter.doFilter(OncePerRequestFilter.java:116)
	at org.apache.catalina.core.ApplicationFilterChain.internalDoFilter(ApplicationFilterChain.java:185)
	at org.apache.catalina.core.ApplicationFilterChain.doFilter(ApplicationFilterChain.java:158)
	at org.springframework.web.filter.CharacterEncodingFilter.doFilterInternal(CharacterEncodingFilter.java:201)
	at org.springframework.web.filter.OncePerRequestFilter.doFilter(OncePerRequestFilter.java:116)
	at org.apache.catalina.core.ApplicationFilterChain.internalDoFilter(ApplicationFilterChain.java:185)
	at org.apache.catalina.core.ApplicationFilterChain.doFilter(ApplicationFilterChain.java:158)
	at org.apache.catalina.core.StandardWrapperValve.invoke(StandardWrapperValve.java:177)
	at org.apache.catalina.core.StandardContextValve.invoke(StandardContextValve.java:97)
	at org.apache.catalina.authenticator.AuthenticatorBase.invoke(AuthenticatorBase.java:542)
	at org.apache.catalina.core.StandardHostValve.invoke(StandardHostValve.java:119)
	at org.apache.catalina.valves.ErrorReportValve.invoke(ErrorReportValve.java:92)
	at org.apache.catalina.core.StandardEngineValve.invoke(StandardEngineValve.java:78)
	at org.apache.catalina.connector.CoyoteAdapter.service(CoyoteAdapter.java:357)
	at org.apache.coyote.http11.Http11Processor.service(Http11Processor.java:400)
	at org.apache.coyote.AbstractProcessorLight.process(AbstractProcessorLight.java:65)
	at org.apache.coyote.AbstractProtocol$ConnectionHandler.process(AbstractProtocol.java:859)
	at org.apache.tomcat.util.net.NioEndpoint$SocketProcessor.doRun(NioEndpoint.java:1734)
	at org.apache.tomcat.util.net.SocketProcessorBase.run(SocketProcessorBase.java:52)
	at org.apache.tomcat.util.threads.ThreadPoolExecutor.runWorker(ThreadPoolExecutor.java:1191)
	at org.apache.tomcat.util.threads.ThreadPoolExecutor$Worker.run(ThreadPoolExecutor.java:659)
	at org.apache.tomcat.util.threads.TaskThread$WrappingRunnable.run(TaskThread.java:61)
	at java.base/java.lang.Thread.run(Thread.java:842)
2026-08-18 14:25:08.770 [Thread-6] WARN  com.alibaba.nacos.common.notify.NotifyCenter - [NotifyCenter] Start destroying Publisher
2026-08-18 14:25:08.770 [Thread-1] WARN  c.alibaba.nacos.common.http.HttpClientBeanHolder - [HttpClientBeanHolder] Start destroying common HttpClient
2026-08-18 14:25:08.770 [Thread-6] WARN  com.alibaba.nacos.common.notify.NotifyCenter - [NotifyCenter] Destruction of the end
2026-08-18 14:25:08.770 [Thread-1] WARN  c.alibaba.nacos.common.http.HttpClientBeanHolder - [HttpClientBeanHolder] Destruction of the end
2026-08-18 14:25:08.787 [SpringApplicationShutdownHook] INFO  c.a.cloud.nacos.registry.NacosServiceRegistry - De-registering from Nacos Server now...
2026-08-18 14:25:08.787 [SpringApplicationShutdownHook] INFO  com.alibaba.nacos.client.naming - [DEREGISTER-SERVICE] public deregistering service xiaohashu-oss with instance: Instance{instanceId='null', ip='172.31.111.1', port=8081, weight=1.0, healthy=true, enabled=true, ephemeral=true, clusterName='DEFAULT', serviceName='null', metadata={}}
2026-08-18 14:25:08.790 [SpringApplicationShutdownHook] INFO  c.a.cloud.nacos.registry.NacosServiceRegistry - De-registration finished.
2026-08-18 14:25:08.790 [SpringApplicationShutdownHook] INFO  com.alibaba.nacos.client.naming - com.alibaba.nacos.client.naming.cache.ServiceInfoHolder do shutdown begin
2026-08-18 14:25:08.790 [SpringApplicationShutdownHook] INFO  com.alibaba.nacos.client.naming - com.alibaba.nacos.client.naming.backups.FailoverReactor do shutdown begin
2026-08-18 14:25:08.791 [SpringApplicationShutdownHook] INFO  com.alibaba.nacos.client.naming - com.alibaba.nacos.client.naming.backups.FailoverReactor do shutdown stop
2026-08-18 14:25:08.791 [SpringApplicationShutdownHook] INFO  com.alibaba.nacos.client.naming - com.alibaba.nacos.client.naming.cache.ServiceInfoHolder do shutdown stop
2026-08-18 14:25:08.791 [SpringApplicationShutdownHook] INFO  com.alibaba.nacos.client.naming - com.alibaba.nacos.client.naming.remote.NamingClientProxyDelegate do shutdown begin
2026-08-18 14:25:08.791 [SpringApplicationShutdownHook] INFO  com.alibaba.nacos.client.naming - com.alibaba.nacos.client.naming.core.ServiceInfoUpdateService do shutdown begin
2026-08-18 14:25:08.791 [SpringApplicationShutdownHook] INFO  com.alibaba.nacos.client.naming - com.alibaba.nacos.client.naming.core.ServiceInfoUpdateService do shutdown stop
2026-08-18 14:25:08.791 [SpringApplicationShutdownHook] INFO  com.alibaba.nacos.client.naming - com.alibaba.nacos.client.naming.core.ServerListManager do shutdown begin
2026-08-18 14:25:08.791 [SpringApplicationShutdownHook] WARN  com.alibaba.nacos.client.naming - [NamingHttpClientManager] Start destroying NacosRestTemplate
2026-08-18 14:25:08.791 [SpringApplicationShutdownHook] WARN  com.alibaba.nacos.client.naming - [NamingHttpClientManager] Destruction of the end
2026-08-18 14:25:08.791 [SpringApplicationShutdownHook] INFO  com.alibaba.nacos.client.naming - com.alibaba.nacos.client.naming.core.ServerListManager do shutdown stop
2026-08-18 14:25:08.791 [SpringApplicationShutdownHook] INFO  com.alibaba.nacos.client.naming - com.alibaba.nacos.client.naming.remote.http.NamingHttpClientProxy do shutdown begin
2026-08-18 14:25:08.791 [SpringApplicationShutdownHook] WARN  com.alibaba.nacos.client.naming - [NamingHttpClientManager] Start destroying NacosRestTemplate
2026-08-18 14:25:08.791 [SpringApplicationShutdownHook] WARN  com.alibaba.nacos.client.naming - [NamingHttpClientManager] Destruction of the end
2026-08-18 14:25:08.791 [SpringApplicationShutdownHook] INFO  com.alibaba.nacos.client.naming - com.alibaba.nacos.client.naming.remote.http.NamingHttpClientProxy do shutdown stop
2026-08-18 14:25:08.791 [SpringApplicationShutdownHook] INFO  com.alibaba.nacos.common.remote.client - Shutdown rpc client, set status to shutdown
2026-08-18 14:25:08.791 [SpringApplicationShutdownHook] INFO  com.alibaba.nacos.common.remote.client - Shutdown client event executor java.util.concurrent.ScheduledThreadPoolExecutor@3e19d5aa[Running, pool size = 2, active threads = 2, queued tasks = 0, completed tasks = 0]
2026-08-18 14:25:08.791 [SpringApplicationShutdownHook] INFO  com.alibaba.nacos.common.remote.client - Close current connection 1787034285611_127.0.0.1_49892
2026-08-18 14:25:08.793 [nacos-grpc-client-executor-127.0.0.1-11] WARN  c.a.nacos.common.remote.client.grpc.GrpcClient - [1787034285611_127.0.0.1_49892]Ignore error event,isRunning:false,isAbandon=false
2026-08-18 14:25:08.793 [SpringApplicationShutdownHook] INFO  c.a.nacos.common.remote.client.grpc.GrpcClient - Shutdown grpc executor java.util.concurrent.ThreadPoolExecutor@7ff2b8e2[Running, pool size = 4, active threads = 0, queued tasks = 0, completed tasks = 12]
2026-08-18 14:25:08.793 [SpringApplicationShutdownHook] INFO  com.alibaba.nacos.client.naming - Shutdown grpc redo service executor java.util.concurrent.ScheduledThreadPoolExecutor@7938290a[Running, pool size = 1, active threads = 0, queued tasks = 1, completed tasks = 7]
2026-08-18 14:25:08.793 [SpringApplicationShutdownHook] INFO  c.a.n.client.auth.ram.identify.CredentialWatcher - [null] CredentialWatcher is stopped
2026-08-18 14:25:08.793 [SpringApplicationShutdownHook] INFO  c.a.n.client.auth.ram.identify.CredentialService - [null] CredentialService is freed
2026-08-18 14:25:08.793 [SpringApplicationShutdownHook] INFO  com.alibaba.nacos.client.naming - com.alibaba.nacos.client.naming.remote.NamingClientProxyDelegate do shutdown stop
2026-08-18 14:25:12.404 [main] WARN  com.alibaba.nacos.client.logging.NacosLogging - Load Logback Configuration of Nacos fail, message: Could not initialize Logback Nacos logging from classpath:nacos-logback.xml
2026-08-18 14:25:12.436 [main] WARN  com.alibaba.nacos.client.logging.NacosLogging - Load Logback Configuration of Nacos fail, message: Could not initialize Logback Nacos logging from classpath:nacos-logback.xml
2026-08-18 14:25:12.437 [main] INFO  c.dyc.xiaohashu.oss.biz.XiaohashuOssBizApplication - Starting XiaohashuOssBizApplication using Java 17.0.12 with PID 11736 (E:\CodeDir\xiaohashu\xiaohashu-oss\xiaohashu-oss-biz\target\classes started by DYC in E:\CodeDir\xiaohashu)
2026-08-18 14:25:12.437 [main] INFO  c.dyc.xiaohashu.oss.biz.XiaohashuOssBizApplication - The following 1 profile is active: "dev"
2026-08-18 14:25:12.455 [main] INFO  c.a.cloud.nacos.configdata.NacosConfigDataLoader - [Nacos Config] Load config[dataId=xiaohashu-oss-dev.yaml, group=xiaohashu-oss] success
2026-08-18 14:25:12.783 [main] INFO  o.springframework.cloud.context.scope.GenericScope - BeanFactory id=96393722-26e0-35a7-b767-a9c1467073cf
2026-08-18 14:25:12.973 [main] INFO  o.s.boot.web.embedded.tomcat.TomcatWebServer - Tomcat initialized with port(s): 8081 (http)
2026-08-18 14:25:12.978 [main] INFO  org.apache.catalina.core.StandardService - Starting service [Tomcat]
2026-08-18 14:25:12.978 [main] INFO  org.apache.catalina.core.StandardEngine - Starting Servlet engine: [Apache Tomcat/10.1.5]
2026-08-18 14:25:13.015 [main] INFO  o.a.c.core.ContainerBase.[Tomcat].[localhost].[/] - Initializing Spring embedded WebApplicationContext
2026-08-18 14:25:13.015 [main] INFO  o.s.b.w.s.c.ServletWebServerApplicationContext - Root WebApplicationContext: initialization completed in 559 ms
2026-08-18 14:25:13.619 [main] INFO  o.s.boot.web.embedded.tomcat.TomcatWebServer - Tomcat started on port(s): 8081 (http) with context path ''
2026-08-18 14:25:13.622 [main] INFO  com.alibaba.nacos.client.naming - initializer namespace from ans.namespace attribute : null
2026-08-18 14:25:13.623 [main] INFO  com.alibaba.nacos.client.naming - initializer namespace from ALIBABA_ALIWARE_NAMESPACE attribute :null
2026-08-18 14:25:13.623 [main] INFO  com.alibaba.nacos.client.naming - initializer namespace from namespace attribute :null
2026-08-18 14:25:13.627 [main] INFO  c.a.n.p.auth.spi.client.ClientAuthPluginManager - [ClientAuthPluginManager] Load ClientAuthService com.alibaba.nacos.client.auth.impl.NacosClientAuthServiceImpl success.
2026-08-18 14:25:13.627 [main] INFO  c.a.n.p.auth.spi.client.ClientAuthPluginManager - [ClientAuthPluginManager] Load ClientAuthService com.alibaba.nacos.client.auth.ram.RamClientAuthServiceImpl success.
2026-08-18 14:25:13.630 [main] INFO  com.alibaba.nacos.common.remote.client - [RpcClientFactory] create a new rpc client of 81c2f87f-7b6a-476d-badb-65e2c5540cbd
2026-08-18 14:25:13.630 [main] INFO  com.alibaba.nacos.common.remote.client - [81c2f87f-7b6a-476d-badb-65e2c5540cbd] RpcClient init, ServerListFactory = com.alibaba.nacos.client.naming.core.ServerListManager
2026-08-18 14:25:13.630 [main] INFO  com.alibaba.nacos.common.remote.client - [81c2f87f-7b6a-476d-badb-65e2c5540cbd] Registry connection listener to current client:com.alibaba.nacos.client.naming.remote.gprc.redo.NamingGrpcRedoService
2026-08-18 14:25:13.630 [main] INFO  com.alibaba.nacos.common.remote.client - [81c2f87f-7b6a-476d-badb-65e2c5540cbd] Register server push request handler:com.alibaba.nacos.client.naming.remote.gprc.NamingPushRequestHandler
2026-08-18 14:25:13.630 [main] INFO  com.alibaba.nacos.common.remote.client - [81c2f87f-7b6a-476d-badb-65e2c5540cbd] Try to connect to server on start up, server: {serverIp = '127.0.0.1', server main port = 8848}
2026-08-18 14:25:13.631 [main] INFO  c.a.nacos.common.remote.client.grpc.GrpcClient - grpc client connection server:127.0.0.1 ip,serverPort:9848,grpcTslConfig:{"sslProvider":"OPENSSL","enableTls":false,"mutualAuthEnable":false,"trustAll":false}
2026-08-18 14:25:13.747 [main] INFO  com.alibaba.nacos.common.remote.client - [81c2f87f-7b6a-476d-badb-65e2c5540cbd] Success to connect to server [127.0.0.1:8848] on start up, connectionId = 1787034313634_127.0.0.1_64882
2026-08-18 14:25:13.748 [main] INFO  com.alibaba.nacos.common.remote.client - [81c2f87f-7b6a-476d-badb-65e2c5540cbd] Register server push request handler:com.alibaba.nacos.common.remote.client.RpcClient$ConnectResetRequestHandler
2026-08-18 14:25:13.748 [com.alibaba.nacos.client.remote.worker] INFO  com.alibaba.nacos.common.remote.client - [81c2f87f-7b6a-476d-badb-65e2c5540cbd] Notify connected event to listeners.
2026-08-18 14:25:13.748 [main] INFO  com.alibaba.nacos.common.remote.client - [81c2f87f-7b6a-476d-badb-65e2c5540cbd] Register server push request handler:com.alibaba.nacos.common.remote.client.RpcClient$$Lambda$343/0x0000025481380f80
2026-08-18 14:25:13.748 [com.alibaba.nacos.client.remote.worker] INFO  com.alibaba.nacos.client.naming - Grpc connection connect
2026-08-18 14:25:13.748 [main] INFO  com.alibaba.nacos.client.naming - [REGISTER-SERVICE] public registering service xiaohashu-oss with instance Instance{instanceId='null', ip='172.31.111.1', port=8081, weight=1.0, healthy=true, enabled=true, ephemeral=true, clusterName='DEFAULT', serviceName='null', metadata={IPv6=[240c:c981:3000:0:86ee:d472:e60d:74fc], preserved.register.source=SPRING_CLOUD}}
2026-08-18 14:25:13.755 [main] INFO  c.a.cloud.nacos.registry.NacosServiceRegistry - nacos registry, DEFAULT_GROUP xiaohashu-oss 172.31.111.1:8081 register finished
2026-08-18 14:25:13.837 [main] INFO  o.s.b.f.a.AutowiredAnnotationBeanPostProcessor - Autowired annotation is not supported on static fields: private static java.lang.String com.dyc.xiaohashu.oss.biz.service.impl.FileServiceImpl.BUCKET_NAME
2026-08-18 14:25:13.844 [main] INFO  c.dyc.xiaohashu.oss.biz.XiaohashuOssBizApplication - Started XiaohashuOssBizApplication in 2.501 seconds (process running for 2.771)
2026-08-18 14:25:13.846 [main] INFO  com.alibaba.nacos.client.config.impl.CacheData - nacos.cache.data.init.snapshot = true 
2026-08-18 14:25:13.848 [main] INFO  com.alibaba.nacos.client.config.impl.ClientWorker - [fixed-dev-127.0.0.1_8848] [subscribe] xiaohashu-oss-dev.yaml+xiaohashu-oss+dev
2026-08-18 14:25:13.852 [main] INFO  com.alibaba.nacos.client.config.impl.CacheData - [fixed-dev-127.0.0.1_8848] [add-listener] ok, tenant=dev, dataId=xiaohashu-oss-dev.yaml, group=xiaohashu-oss, cnt=1
2026-08-18 14:25:13.852 [main] INFO  c.a.cloud.nacos.refresh.NacosContextRefresher - [Nacos Config] Listening config: dataId=xiaohashu-oss-dev.yaml, group=xiaohashu-oss
2026-08-18 14:25:16.872 [http-nio-8081-exec-4] INFO  o.a.c.core.ContainerBase.[Tomcat].[localhost].[/] - Initializing Spring DispatcherServlet 'dispatcherServlet'
2026-08-18 14:25:16.872 [http-nio-8081-exec-4] INFO  org.springframework.web.servlet.DispatcherServlet - Initializing Servlet 'dispatcherServlet'
2026-08-18 14:25:16.875 [http-nio-8081-exec-4] INFO  org.springframework.web.servlet.DispatcherServlet - Completed initialization in 0 ms
2026-08-18 14:25:17.053 [http-nio-8081-exec-4] INFO  c.d.x.oss.biz.strategy.impl.AliyunOSSFileStrategy - ## 上传文件至阿里云 OSS ...
2026-08-18 14:25:17.058 [http-nio-8081-exec-4] INFO  c.d.x.oss.biz.strategy.impl.AliyunOSSFileStrategy - ==> 开始上传文件至阿里云 OSS, ObjectName: 00d3bae1889642d3ae10d7486195ef21.svg
2026-08-18 14:25:17.586 [http-nio-8081-exec-4] ERROR c.d.x.oss.biz.exception.GlobalExceptionHandler - /file/upload request error, 
java.lang.NullPointerException: 参数"bucketName"为空指针。
	at com.aliyun.oss.common.utils.CodingUtils.assertParameterNotNull(CodingUtils.java:35)
	at com.aliyun.oss.internal.OSSObjectOperation.writeObjectInternal(OSSObjectOperation.java:1109)
	at com.aliyun.oss.internal.OSSObjectOperation.putObject(OSSObjectOperation.java:107)
	at com.aliyun.oss.OSSClient.putObject(OSSClient.java:627)
	at com.aliyun.oss.OSSClient.putObject(OSSClient.java:611)
	at com.aliyun.oss.OSSClient.putObject(OSSClient.java:605)
	at com.dyc.xiaohashu.oss.biz.strategy.impl.AliyunOSSFileStrategy.uploadFile(AliyunOSSFileStrategy.java:48)
	at java.base/jdk.internal.reflect.NativeMethodAccessorImpl.invoke0(Native Method)
	at java.base/jdk.internal.reflect.NativeMethodAccessorImpl.invoke(NativeMethodAccessorImpl.java:77)
	at java.base/jdk.internal.reflect.DelegatingMethodAccessorImpl.invoke(DelegatingMethodAccessorImpl.java:43)
	at java.base/java.lang.reflect.Method.invoke(Method.java:568)
	at org.springframework.util.ReflectionUtils.invokeMethod(ReflectionUtils.java:281)
	at org.springframework.cloud.context.scope.GenericScope$LockedScopedProxyFactoryBean.invoke(GenericScope.java:482)
	at org.springframework.aop.framework.ReflectiveMethodInvocation.proceed(ReflectiveMethodInvocation.java:184)
	at org.springframework.aop.framework.JdkDynamicAopProxy.invoke(JdkDynamicAopProxy.java:218)
	at jdk.proxy2/jdk.proxy2.$Proxy71.uploadFile(Unknown Source)
	at com.dyc.xiaohashu.oss.biz.service.impl.FileServiceImpl.uploadFile(FileServiceImpl.java:27)
	at java.base/jdk.internal.reflect.NativeMethodAccessorImpl.invoke0(Native Method)
	at java.base/jdk.internal.reflect.NativeMethodAccessorImpl.invoke(NativeMethodAccessorImpl.java:77)
	at java.base/jdk.internal.reflect.DelegatingMethodAccessorImpl.invoke(DelegatingMethodAccessorImpl.java:43)
	at java.base/java.lang.reflect.Method.invoke(Method.java:568)
	at org.springframework.util.ReflectionUtils.invokeMethod(ReflectionUtils.java:281)
	at org.springframework.cloud.context.scope.GenericScope$LockedScopedProxyFactoryBean.invoke(GenericScope.java:482)
	at org.springframework.aop.framework.ReflectiveMethodInvocation.proceed(ReflectiveMethodInvocation.java:184)
	at org.springframework.aop.framework.CglibAopProxy$CglibMethodInvocation.proceed(CglibAopProxy.java:752)
	at org.springframework.aop.framework.CglibAopProxy$DynamicAdvisedInterceptor.intercept(CglibAopProxy.java:703)
	at com.dyc.xiaohashu.oss.biz.service.impl.FileServiceImpl$$SpringCGLIB$$0.uploadFile(<generated>)
	at com.dyc.xiaohashu.oss.biz.controller.FileController.uploadFile(FileController.java:24)
	at java.base/jdk.internal.reflect.NativeMethodAccessorImpl.invoke0(Native Method)
	at java.base/jdk.internal.reflect.NativeMethodAccessorImpl.invoke(NativeMethodAccessorImpl.java:77)
	at java.base/jdk.internal.reflect.DelegatingMethodAccessorImpl.invoke(DelegatingMethodAccessorImpl.java:43)
	at java.base/java.lang.reflect.Method.invoke(Method.java:568)
	at org.springframework.web.method.support.InvocableHandlerMethod.doInvoke(InvocableHandlerMethod.java:207)
	at org.springframework.web.method.support.InvocableHandlerMethod.invokeForRequest(InvocableHandlerMethod.java:152)
	at org.springframework.web.servlet.mvc.method.annotation.ServletInvocableHandlerMethod.invokeAndHandle(ServletInvocableHandlerMethod.java:117)
	at org.springframework.web.servlet.mvc.method.annotation.RequestMappingHandlerAdapter.invokeHandlerMethod(RequestMappingHandlerAdapter.java:884)
	at org.springframework.web.servlet.mvc.method.annotation.RequestMappingHandlerAdapter.handleInternal(RequestMappingHandlerAdapter.java:797)
	at org.springframework.web.servlet.mvc.method.AbstractHandlerMethodAdapter.handle(AbstractHandlerMethodAdapter.java:87)
	at org.springframework.web.servlet.DispatcherServlet.doDispatch(DispatcherServlet.java:1080)
	at org.springframework.web.servlet.DispatcherServlet.doService(DispatcherServlet.java:973)
	at org.springframework.web.servlet.FrameworkServlet.processRequest(FrameworkServlet.java:1011)
	at org.springframework.web.servlet.FrameworkServlet.doPost(FrameworkServlet.java:914)
	at jakarta.servlet.http.HttpServlet.service(HttpServlet.java:731)
	at org.springframework.web.servlet.FrameworkServlet.service(FrameworkServlet.java:885)
	at jakarta.servlet.http.HttpServlet.service(HttpServlet.java:814)
	at org.apache.catalina.core.ApplicationFilterChain.internalDoFilter(ApplicationFilterChain.java:223)
	at org.apache.catalina.core.ApplicationFilterChain.doFilter(ApplicationFilterChain.java:158)
	at org.apache.tomcat.websocket.server.WsFilter.doFilter(WsFilter.java:53)
	at org.apache.catalina.core.ApplicationFilterChain.internalDoFilter(ApplicationFilterChain.java:185)
	at org.apache.catalina.core.ApplicationFilterChain.doFilter(ApplicationFilterChain.java:158)
	at org.springframework.web.filter.RequestContextFilter.doFilterInternal(RequestContextFilter.java:100)
	at org.springframework.web.filter.OncePerRequestFilter.doFilter(OncePerRequestFilter.java:116)
	at org.apache.catalina.core.ApplicationFilterChain.internalDoFilter(ApplicationFilterChain.java:185)
	at org.apache.catalina.core.ApplicationFilterChain.doFilter(ApplicationFilterChain.java:158)
	at org.springframework.web.filter.FormContentFilter.doFilterInternal(FormContentFilter.java:93)
	at org.springframework.web.filter.OncePerRequestFilter.doFilter(OncePerRequestFilter.java:116)
	at org.apache.catalina.core.ApplicationFilterChain.internalDoFilter(ApplicationFilterChain.java:185)
	at org.apache.catalina.core.ApplicationFilterChain.doFilter(ApplicationFilterChain.java:158)
	at org.springframework.web.filter.CharacterEncodingFilter.doFilterInternal(CharacterEncodingFilter.java:201)
	at org.springframework.web.filter.OncePerRequestFilter.doFilter(OncePerRequestFilter.java:116)
	at org.apache.catalina.core.ApplicationFilterChain.internalDoFilter(ApplicationFilterChain.java:185)
	at org.apache.catalina.core.ApplicationFilterChain.doFilter(ApplicationFilterChain.java:158)
	at org.apache.catalina.core.StandardWrapperValve.invoke(StandardWrapperValve.java:177)
	at org.apache.catalina.core.StandardContextValve.invoke(StandardContextValve.java:97)
	at org.apache.catalina.authenticator.AuthenticatorBase.invoke(AuthenticatorBase.java:542)
	at org.apache.catalina.core.StandardHostValve.invoke(StandardHostValve.java:119)
	at org.apache.catalina.valves.ErrorReportValve.invoke(ErrorReportValve.java:92)
	at org.apache.catalina.core.StandardEngineValve.invoke(StandardEngineValve.java:78)
	at org.apache.catalina.connector.CoyoteAdapter.service(CoyoteAdapter.java:357)
	at org.apache.coyote.http11.Http11Processor.service(Http11Processor.java:400)
	at org.apache.coyote.AbstractProcessorLight.process(AbstractProcessorLight.java:65)
	at org.apache.coyote.AbstractProtocol$ConnectionHandler.process(AbstractProtocol.java:859)
	at org.apache.tomcat.util.net.NioEndpoint$SocketProcessor.doRun(NioEndpoint.java:1734)
	at org.apache.tomcat.util.net.SocketProcessorBase.run(SocketProcessorBase.java:52)
	at org.apache.tomcat.util.threads.ThreadPoolExecutor.runWorker(ThreadPoolExecutor.java:1191)
	at org.apache.tomcat.util.threads.ThreadPoolExecutor$Worker.run(ThreadPoolExecutor.java:659)
	at org.apache.tomcat.util.threads.TaskThread$WrappingRunnable.run(TaskThread.java:61)
	at java.base/java.lang.Thread.run(Thread.java:842)
2026-08-18 14:26:11.557 [Thread-6] WARN  com.alibaba.nacos.common.notify.NotifyCenter - [NotifyCenter] Start destroying Publisher
2026-08-18 14:26:11.557 [Thread-1] WARN  c.alibaba.nacos.common.http.HttpClientBeanHolder - [HttpClientBeanHolder] Start destroying common HttpClient
2026-08-18 14:26:11.557 [Thread-6] WARN  com.alibaba.nacos.common.notify.NotifyCenter - [NotifyCenter] Destruction of the end
2026-08-18 14:26:11.557 [Thread-1] WARN  c.alibaba.nacos.common.http.HttpClientBeanHolder - [HttpClientBeanHolder] Destruction of the end
2026-08-18 14:26:11.574 [SpringApplicationShutdownHook] INFO  c.a.cloud.nacos.registry.NacosServiceRegistry - De-registering from Nacos Server now...
2026-08-18 14:26:11.574 [SpringApplicationShutdownHook] INFO  com.alibaba.nacos.client.naming - [DEREGISTER-SERVICE] public deregistering service xiaohashu-oss with instance: Instance{instanceId='null', ip='172.31.111.1', port=8081, weight=1.0, healthy=true, enabled=true, ephemeral=true, clusterName='DEFAULT', serviceName='null', metadata={}}
2026-08-18 14:26:11.579 [SpringApplicationShutdownHook] INFO  c.a.cloud.nacos.registry.NacosServiceRegistry - De-registration finished.
2026-08-18 14:26:11.579 [SpringApplicationShutdownHook] INFO  com.alibaba.nacos.client.naming - com.alibaba.nacos.client.naming.cache.ServiceInfoHolder do shutdown begin
2026-08-18 14:26:11.579 [SpringApplicationShutdownHook] INFO  com.alibaba.nacos.client.naming - com.alibaba.nacos.client.naming.backups.FailoverReactor do shutdown begin
2026-08-18 14:26:11.579 [SpringApplicationShutdownHook] INFO  com.alibaba.nacos.client.naming - com.alibaba.nacos.client.naming.backups.FailoverReactor do shutdown stop
2026-08-18 14:26:11.579 [SpringApplicationShutdownHook] INFO  com.alibaba.nacos.client.naming - com.alibaba.nacos.client.naming.cache.ServiceInfoHolder do shutdown stop
2026-08-18 14:26:11.579 [SpringApplicationShutdownHook] INFO  com.alibaba.nacos.client.naming - com.alibaba.nacos.client.naming.remote.NamingClientProxyDelegate do shutdown begin
2026-08-18 14:26:11.579 [SpringApplicationShutdownHook] INFO  com.alibaba.nacos.client.naming - com.alibaba.nacos.client.naming.core.ServiceInfoUpdateService do shutdown begin
2026-08-18 14:26:11.579 [SpringApplicationShutdownHook] INFO  com.alibaba.nacos.client.naming - com.alibaba.nacos.client.naming.core.ServiceInfoUpdateService do shutdown stop
2026-08-18 14:26:11.579 [SpringApplicationShutdownHook] INFO  com.alibaba.nacos.client.naming - com.alibaba.nacos.client.naming.core.ServerListManager do shutdown begin
2026-08-18 14:26:11.579 [SpringApplicationShutdownHook] WARN  com.alibaba.nacos.client.naming - [NamingHttpClientManager] Start destroying NacosRestTemplate
2026-08-18 14:26:11.579 [SpringApplicationShutdownHook] WARN  com.alibaba.nacos.client.naming - [NamingHttpClientManager] Destruction of the end
2026-08-18 14:26:11.579 [SpringApplicationShutdownHook] INFO  com.alibaba.nacos.client.naming - com.alibaba.nacos.client.naming.core.ServerListManager do shutdown stop
2026-08-18 14:26:11.579 [SpringApplicationShutdownHook] INFO  com.alibaba.nacos.client.naming - com.alibaba.nacos.client.naming.remote.http.NamingHttpClientProxy do shutdown begin
2026-08-18 14:26:11.579 [SpringApplicationShutdownHook] WARN  com.alibaba.nacos.client.naming - [NamingHttpClientManager] Start destroying NacosRestTemplate
2026-08-18 14:26:11.579 [SpringApplicationShutdownHook] WARN  com.alibaba.nacos.client.naming - [NamingHttpClientManager] Destruction of the end
2026-08-18 14:26:11.579 [SpringApplicationShutdownHook] INFO  com.alibaba.nacos.client.naming - com.alibaba.nacos.client.naming.remote.http.NamingHttpClientProxy do shutdown stop
2026-08-18 14:26:11.580 [SpringApplicationShutdownHook] INFO  com.alibaba.nacos.common.remote.client - Shutdown rpc client, set status to shutdown
2026-08-18 14:26:11.580 [SpringApplicationShutdownHook] INFO  com.alibaba.nacos.common.remote.client - Shutdown client event executor java.util.concurrent.ScheduledThreadPoolExecutor@57c24fa9[Running, pool size = 2, active threads = 2, queued tasks = 0, completed tasks = 0]
2026-08-18 14:26:11.580 [SpringApplicationShutdownHook] INFO  com.alibaba.nacos.common.remote.client - Close current connection 1787034313634_127.0.0.1_64882
2026-08-18 14:26:11.580 [nacos-grpc-client-executor-127.0.0.1-19] INFO  c.a.nacos.common.remote.client.grpc.GrpcClient - [1787034313634_127.0.0.1_64882]Ignore complete event,isRunning:false,isAbandon=false
2026-08-18 14:26:11.582 [SpringApplicationShutdownHook] INFO  c.a.nacos.common.remote.client.grpc.GrpcClient - Shutdown grpc executor java.util.concurrent.ThreadPoolExecutor@68fdf7ed[Running, pool size = 4, active threads = 0, queued tasks = 0, completed tasks = 20]
2026-08-18 14:26:11.582 [SpringApplicationShutdownHook] INFO  com.alibaba.nacos.client.naming - Shutdown grpc redo service executor java.util.concurrent.ScheduledThreadPoolExecutor@2f28010[Running, pool size = 1, active threads = 0, queued tasks = 1, completed tasks = 19]
2026-08-18 14:26:11.582 [SpringApplicationShutdownHook] INFO  c.a.n.client.auth.ram.identify.CredentialWatcher - [null] CredentialWatcher is stopped
2026-08-18 14:26:11.582 [SpringApplicationShutdownHook] INFO  c.a.n.client.auth.ram.identify.CredentialService - [null] CredentialService is freed
2026-08-18 14:26:11.582 [SpringApplicationShutdownHook] INFO  com.alibaba.nacos.client.naming - com.alibaba.nacos.client.naming.remote.NamingClientProxyDelegate do shutdown stop
2026-08-18 14:26:14.933 [main] WARN  com.alibaba.nacos.client.logging.NacosLogging - Load Logback Configuration of Nacos fail, message: Could not initialize Logback Nacos logging from classpath:nacos-logback.xml
2026-08-18 14:26:14.968 [main] WARN  com.alibaba.nacos.client.logging.NacosLogging - Load Logback Configuration of Nacos fail, message: Could not initialize Logback Nacos logging from classpath:nacos-logback.xml
2026-08-18 14:26:14.969 [main] INFO  c.dyc.xiaohashu.oss.biz.XiaohashuOssBizApplication - Starting XiaohashuOssBizApplication using Java 17.0.12 with PID 43480 (E:\CodeDir\xiaohashu\xiaohashu-oss\xiaohashu-oss-biz\target\classes started by DYC in E:\CodeDir\xiaohashu)
2026-08-18 14:26:14.969 [main] INFO  c.dyc.xiaohashu.oss.biz.XiaohashuOssBizApplication - The following 1 profile is active: "dev"
2026-08-18 14:26:14.987 [main] INFO  c.a.cloud.nacos.configdata.NacosConfigDataLoader - [Nacos Config] Load config[dataId=xiaohashu-oss-dev.yaml, group=xiaohashu-oss] success
2026-08-18 14:26:15.301 [main] INFO  o.springframework.cloud.context.scope.GenericScope - BeanFactory id=96393722-26e0-35a7-b767-a9c1467073cf
2026-08-18 14:26:15.499 [main] INFO  o.s.boot.web.embedded.tomcat.TomcatWebServer - Tomcat initialized with port(s): 8081 (http)
2026-08-18 14:26:15.505 [main] INFO  org.apache.catalina.core.StandardService - Starting service [Tomcat]
2026-08-18 14:26:15.505 [main] INFO  org.apache.catalina.core.StandardEngine - Starting Servlet engine: [Apache Tomcat/10.1.5]
2026-08-18 14:26:15.536 [main] INFO  o.a.c.core.ContainerBase.[Tomcat].[localhost].[/] - Initializing Spring embedded WebApplicationContext
2026-08-18 14:26:15.536 [main] INFO  o.s.b.w.s.c.ServletWebServerApplicationContext - Root WebApplicationContext: initialization completed in 548 ms
2026-08-18 14:26:16.113 [main] INFO  o.s.boot.web.embedded.tomcat.TomcatWebServer - Tomcat started on port(s): 8081 (http) with context path ''
2026-08-18 14:26:16.116 [main] INFO  com.alibaba.nacos.client.naming - initializer namespace from ans.namespace attribute : null
2026-08-18 14:26:16.116 [main] INFO  com.alibaba.nacos.client.naming - initializer namespace from ALIBABA_ALIWARE_NAMESPACE attribute :null
2026-08-18 14:26:16.116 [main] INFO  com.alibaba.nacos.client.naming - initializer namespace from namespace attribute :null
2026-08-18 14:26:16.120 [main] INFO  c.a.n.p.auth.spi.client.ClientAuthPluginManager - [ClientAuthPluginManager] Load ClientAuthService com.alibaba.nacos.client.auth.impl.NacosClientAuthServiceImpl success.
2026-08-18 14:26:16.120 [main] INFO  c.a.n.p.auth.spi.client.ClientAuthPluginManager - [ClientAuthPluginManager] Load ClientAuthService com.alibaba.nacos.client.auth.ram.RamClientAuthServiceImpl success.
2026-08-18 14:26:16.123 [main] INFO  com.alibaba.nacos.common.remote.client - [RpcClientFactory] create a new rpc client of d3af394f-5b8e-4457-909f-48b79fe6bd6a
2026-08-18 14:26:16.124 [main] INFO  com.alibaba.nacos.common.remote.client - [d3af394f-5b8e-4457-909f-48b79fe6bd6a] RpcClient init, ServerListFactory = com.alibaba.nacos.client.naming.core.ServerListManager
2026-08-18 14:26:16.124 [main] INFO  com.alibaba.nacos.common.remote.client - [d3af394f-5b8e-4457-909f-48b79fe6bd6a] Registry connection listener to current client:com.alibaba.nacos.client.naming.remote.gprc.redo.NamingGrpcRedoService
2026-08-18 14:26:16.124 [main] INFO  com.alibaba.nacos.common.remote.client - [d3af394f-5b8e-4457-909f-48b79fe6bd6a] Register server push request handler:com.alibaba.nacos.client.naming.remote.gprc.NamingPushRequestHandler
2026-08-18 14:26:16.124 [main] INFO  com.alibaba.nacos.common.remote.client - [d3af394f-5b8e-4457-909f-48b79fe6bd6a] Try to connect to server on start up, server: {serverIp = '127.0.0.1', server main port = 8848}
2026-08-18 14:26:16.124 [main] INFO  c.a.nacos.common.remote.client.grpc.GrpcClient - grpc client connection server:127.0.0.1 ip,serverPort:9848,grpcTslConfig:{"sslProvider":"OPENSSL","enableTls":false,"mutualAuthEnable":false,"trustAll":false}
2026-08-18 14:26:16.242 [main] INFO  com.alibaba.nacos.common.remote.client - [d3af394f-5b8e-4457-909f-48b79fe6bd6a] Success to connect to server [127.0.0.1:8848] on start up, connectionId = 1787034376128_127.0.0.1_60032
2026-08-18 14:26:16.242 [main] INFO  com.alibaba.nacos.common.remote.client - [d3af394f-5b8e-4457-909f-48b79fe6bd6a] Register server push request handler:com.alibaba.nacos.common.remote.client.RpcClient$ConnectResetRequestHandler
2026-08-18 14:26:16.242 [main] INFO  com.alibaba.nacos.common.remote.client - [d3af394f-5b8e-4457-909f-48b79fe6bd6a] Register server push request handler:com.alibaba.nacos.common.remote.client.RpcClient$$Lambda$343/0x00000292df380890
2026-08-18 14:26:16.242 [com.alibaba.nacos.client.remote.worker] INFO  com.alibaba.nacos.common.remote.client - [d3af394f-5b8e-4457-909f-48b79fe6bd6a] Notify connected event to listeners.
2026-08-18 14:26:16.242 [com.alibaba.nacos.client.remote.worker] INFO  com.alibaba.nacos.client.naming - Grpc connection connect
2026-08-18 14:26:16.243 [main] INFO  com.alibaba.nacos.client.naming - [REGISTER-SERVICE] public registering service xiaohashu-oss with instance Instance{instanceId='null', ip='172.31.111.1', port=8081, weight=1.0, healthy=true, enabled=true, ephemeral=true, clusterName='DEFAULT', serviceName='null', metadata={IPv6=[240c:c981:3000:0:86ee:d472:e60d:74fc], preserved.register.source=SPRING_CLOUD}}
2026-08-18 14:26:16.251 [main] INFO  c.a.cloud.nacos.registry.NacosServiceRegistry - nacos registry, DEFAULT_GROUP xiaohashu-oss 172.31.111.1:8081 register finished
2026-08-18 14:26:16.340 [main] INFO  c.dyc.xiaohashu.oss.biz.XiaohashuOssBizApplication - Started XiaohashuOssBizApplication in 2.475 seconds (process running for 2.772)
2026-08-18 14:26:16.343 [main] INFO  com.alibaba.nacos.client.config.impl.CacheData - nacos.cache.data.init.snapshot = true 
2026-08-18 14:26:16.346 [main] INFO  com.alibaba.nacos.client.config.impl.ClientWorker - [fixed-dev-127.0.0.1_8848] [subscribe] xiaohashu-oss-dev.yaml+xiaohashu-oss+dev
2026-08-18 14:26:16.350 [main] INFO  com.alibaba.nacos.client.config.impl.CacheData - [fixed-dev-127.0.0.1_8848] [add-listener] ok, tenant=dev, dataId=xiaohashu-oss-dev.yaml, group=xiaohashu-oss, cnt=1
2026-08-18 14:26:16.350 [main] INFO  c.a.cloud.nacos.refresh.NacosContextRefresher - [Nacos Config] Listening config: dataId=xiaohashu-oss-dev.yaml, group=xiaohashu-oss
2026-08-18 14:26:29.522 [http-nio-8081-exec-2] INFO  o.a.c.core.ContainerBase.[Tomcat].[localhost].[/] - Initializing Spring DispatcherServlet 'dispatcherServlet'
2026-08-18 14:26:29.522 [http-nio-8081-exec-2] INFO  org.springframework.web.servlet.DispatcherServlet - Initializing Servlet 'dispatcherServlet'
2026-08-18 14:26:29.527 [http-nio-8081-exec-2] INFO  org.springframework.web.servlet.DispatcherServlet - Completed initialization in 5 ms
2026-08-18 14:26:29.701 [http-nio-8081-exec-2] INFO  c.d.x.oss.biz.strategy.impl.AliyunOSSFileStrategy - ## 上传文件至阿里云 OSS ...
2026-08-18 14:26:29.702 [http-nio-8081-exec-2] INFO  c.d.x.oss.biz.strategy.impl.AliyunOSSFileStrategy - ==> 开始上传文件至阿里云 OSS, ObjectName: 4f0216c683534cdb83b27f64cabde582.svg
2026-08-18 14:26:31.060 [http-nio-8081-exec-2] INFO  c.d.x.oss.biz.strategy.impl.AliyunOSSFileStrategy - ==> 上传文件至阿里云 OSS 成功，访问路径: https://dyc-zhiguang.oss-cn-beijing.aliyuncs.com/4f0216c683534cdb83b27f64cabde582.svg
2026-08-18 14:38:08.229 [Thread-1] WARN  c.alibaba.nacos.common.http.HttpClientBeanHolder - [HttpClientBeanHolder] Start destroying common HttpClient
2026-08-18 14:38:08.229 [Thread-6] WARN  com.alibaba.nacos.common.notify.NotifyCenter - [NotifyCenter] Start destroying Publisher
2026-08-18 14:38:08.229 [Thread-6] WARN  com.alibaba.nacos.common.notify.NotifyCenter - [NotifyCenter] Destruction of the end
2026-08-18 14:38:08.231 [Thread-1] WARN  c.alibaba.nacos.common.http.HttpClientBeanHolder - [HttpClientBeanHolder] Destruction of the end
2026-08-18 14:38:08.251 [SpringApplicationShutdownHook] INFO  c.a.cloud.nacos.registry.NacosServiceRegistry - De-registering from Nacos Server now...
2026-08-18 14:38:08.251 [SpringApplicationShutdownHook] INFO  com.alibaba.nacos.client.naming - [DEREGISTER-SERVICE] public deregistering service xiaohashu-oss with instance: Instance{instanceId='null', ip='172.31.111.1', port=8081, weight=1.0, healthy=true, enabled=true, ephemeral=true, clusterName='DEFAULT', serviceName='null', metadata={}}
2026-08-18 14:38:08.253 [SpringApplicationShutdownHook] INFO  c.a.cloud.nacos.registry.NacosServiceRegistry - De-registration finished.
2026-08-18 14:38:08.254 [SpringApplicationShutdownHook] INFO  com.alibaba.nacos.client.naming - com.alibaba.nacos.client.naming.cache.ServiceInfoHolder do shutdown begin
2026-08-18 14:38:08.254 [SpringApplicationShutdownHook] INFO  com.alibaba.nacos.client.naming - com.alibaba.nacos.client.naming.backups.FailoverReactor do shutdown begin
2026-08-18 14:38:08.254 [SpringApplicationShutdownHook] INFO  com.alibaba.nacos.client.naming - com.alibaba.nacos.client.naming.backups.FailoverReactor do shutdown stop
2026-08-18 14:38:08.254 [SpringApplicationShutdownHook] INFO  com.alibaba.nacos.client.naming - com.alibaba.nacos.client.naming.cache.ServiceInfoHolder do shutdown stop
2026-08-18 14:38:08.254 [SpringApplicationShutdownHook] INFO  com.alibaba.nacos.client.naming - com.alibaba.nacos.client.naming.remote.NamingClientProxyDelegate do shutdown begin
2026-08-18 14:38:08.254 [SpringApplicationShutdownHook] INFO  com.alibaba.nacos.client.naming - com.alibaba.nacos.client.naming.core.ServiceInfoUpdateService do shutdown begin
2026-08-18 14:38:08.254 [SpringApplicationShutdownHook] INFO  com.alibaba.nacos.client.naming - com.alibaba.nacos.client.naming.core.ServiceInfoUpdateService do shutdown stop
2026-08-18 14:38:08.254 [SpringApplicationShutdownHook] INFO  com.alibaba.nacos.client.naming - com.alibaba.nacos.client.naming.core.ServerListManager do shutdown begin
2026-08-18 14:38:08.254 [SpringApplicationShutdownHook] WARN  com.alibaba.nacos.client.naming - [NamingHttpClientManager] Start destroying NacosRestTemplate
2026-08-18 14:38:08.254 [SpringApplicationShutdownHook] WARN  com.alibaba.nacos.client.naming - [NamingHttpClientManager] Destruction of the end
2026-08-18 14:38:08.254 [SpringApplicationShutdownHook] INFO  com.alibaba.nacos.client.naming - com.alibaba.nacos.client.naming.core.ServerListManager do shutdown stop
2026-08-18 14:38:08.254 [SpringApplicationShutdownHook] INFO  com.alibaba.nacos.client.naming - com.alibaba.nacos.client.naming.remote.http.NamingHttpClientProxy do shutdown begin
2026-08-18 14:38:08.254 [SpringApplicationShutdownHook] WARN  com.alibaba.nacos.client.naming - [NamingHttpClientManager] Start destroying NacosRestTemplate
2026-08-18 14:38:08.254 [SpringApplicationShutdownHook] WARN  com.alibaba.nacos.client.naming - [NamingHttpClientManager] Destruction of the end
2026-08-18 14:38:08.254 [SpringApplicationShutdownHook] INFO  com.alibaba.nacos.client.naming - com.alibaba.nacos.client.naming.remote.http.NamingHttpClientProxy do shutdown stop
2026-08-18 14:38:08.254 [SpringApplicationShutdownHook] INFO  com.alibaba.nacos.common.remote.client - Shutdown rpc client, set status to shutdown
2026-08-18 14:38:08.254 [SpringApplicationShutdownHook] INFO  com.alibaba.nacos.common.remote.client - Shutdown client event executor java.util.concurrent.ScheduledThreadPoolExecutor@8ceb9de[Running, pool size = 2, active threads = 2, queued tasks = 0, completed tasks = 0]
2026-08-18 14:38:08.254 [SpringApplicationShutdownHook] INFO  com.alibaba.nacos.common.remote.client - Close current connection 1787034376128_127.0.0.1_60032
2026-08-18 14:38:08.255 [SpringApplicationShutdownHook] INFO  c.a.nacos.common.remote.client.grpc.GrpcClient - Shutdown grpc executor java.util.concurrent.ThreadPoolExecutor@57d06f0d[Running, pool size = 3, active threads = 0, queued tasks = 0, completed tasks = 153]
2026-08-18 14:38:08.256 [SpringApplicationShutdownHook] INFO  com.alibaba.nacos.client.naming - Shutdown grpc redo service executor java.util.concurrent.ScheduledThreadPoolExecutor@d14b10d[Running, pool size = 1, active threads = 0, queued tasks = 1, completed tasks = 236]
2026-08-18 14:38:08.256 [SpringApplicationShutdownHook] INFO  c.a.n.client.auth.ram.identify.CredentialWatcher - [null] CredentialWatcher is stopped
2026-08-18 14:38:08.256 [SpringApplicationShutdownHook] INFO  c.a.n.client.auth.ram.identify.CredentialService - [null] CredentialService is freed
2026-08-18 14:38:08.256 [SpringApplicationShutdownHook] INFO  com.alibaba.nacos.client.naming - com.alibaba.nacos.client.naming.remote.NamingClientProxyDelegate do shutdown stop
