2026-08-24 11:04:55.737 [main] WARN  com.alibaba.nacos.client.logging.NacosLogging - Load Logback Configuration of Nacos fail, message: Could not initialize Logback Nacos logging from classpath:nacos-logback.xml
2026-08-24 11:04:55.827 [main] WARN  com.alibaba.nacos.client.logging.NacosLogging - Load Logback Configuration of Nacos fail, message: Could not initialize Logback Nacos logging from classpath:nacos-logback.xml
2026-08-24 11:04:55.835 [main] INFO  c.dyc.xiaohashu.user.XiaohashuUserBizApplication - Starting XiaohashuUserBizApplication using Java 17.0.12 with PID 21792 (E:\CodeDir\xiaohashu\xiaohashu-user\xiaohashu-user-biz\target\classes started by DYC in E:\CodeDir\xiaohashu)
2026-08-24 11:04:55.836 [main] INFO  c.dyc.xiaohashu.user.XiaohashuUserBizApplication - The following 1 profile is active: "dev"
2026-08-24 11:04:56.641 [main] INFO  o.s.d.r.config.RepositoryConfigurationDelegate - Multiple Spring Data modules found, entering strict repository configuration mode
2026-08-24 11:04:56.645 [main] INFO  o.s.d.r.config.RepositoryConfigurationDelegate - Bootstrapping Spring Data Redis repositories in DEFAULT mode.
2026-08-24 11:04:56.677 [main] INFO  o.s.d.r.config.RepositoryConfigurationDelegate - Finished Spring Data repository scanning in 13 ms. Found 0 Redis repository interfaces.
2026-08-24 11:04:56.872 [main] INFO  o.springframework.cloud.context.scope.GenericScope - BeanFactory id=1aabda62-10a2-38c1-8492-febb319e5ef9
2026-08-24 11:04:56.912 [main] INFO  o.s.c.s.PostProcessorRegistrationDelegate$BeanPostProcessorChecker - Bean 'com.dyc.xiaohashu.oss.api.FileFeignApi' of type [org.springframework.cloud.openfeign.FeignClientFactoryBean] is not eligible for getting processed by all BeanPostProcessors (for example: not eligible for auto-proxying)
2026-08-24 11:04:57.243 [main] INFO  o.s.boot.web.embedded.tomcat.TomcatWebServer - Tomcat initialized with port(s): 8082 (http)
2026-08-24 11:04:57.258 [main] INFO  org.apache.catalina.core.StandardService - Starting service [Tomcat]
2026-08-24 11:04:57.258 [main] INFO  org.apache.catalina.core.StandardEngine - Starting Servlet engine: [Apache Tomcat/10.1.5]
2026-08-24 11:04:57.329 [main] INFO  o.a.c.core.ContainerBase.[Tomcat].[localhost].[/] - Initializing Spring embedded WebApplicationContext
2026-08-24 11:04:57.330 [main] INFO  o.s.b.w.s.c.ServletWebServerApplicationContext - Root WebApplicationContext: initialization completed in 1441 ms
2026-08-24 11:04:57.427 [main] INFO  c.a.d.s.b.a.DruidDataSourceAutoConfigure - Init DruidDataSource
2026-08-24 11:05:31.627 [main] ERROR com.alibaba.druid.pool.DruidDataSource - init datasource error, url: jdbc:mysql://192.168.0.106:3306/xiaohashu-prod?useUnicode=true&characterEncoding=utf-8&autoReconnect=true&useSSL=false&serverTimezone=Asia/Shanghai&allowPublicKeyRetrieval=true
java.sql.SQLNonTransientConnectionException: Could not create connection to database server. Attempted reconnect 3 times. Giving up.
	at com.mysql.cj.jdbc.exceptions.SQLError.createSQLException(SQLError.java:111)
	at com.mysql.cj.jdbc.exceptions.SQLError.createSQLException(SQLError.java:98)
	at com.mysql.cj.jdbc.exceptions.SQLError.createSQLException(SQLError.java:90)
	at com.mysql.cj.jdbc.exceptions.SQLError.createSQLException(SQLError.java:64)
	at com.mysql.cj.jdbc.exceptions.SQLError.createSQLException(SQLError.java:74)
	at com.mysql.cj.jdbc.ConnectionImpl.connectWithRetries(ConnectionImpl.java:895)
	at com.mysql.cj.jdbc.ConnectionImpl.createNewIO(ConnectionImpl.java:820)
	at com.mysql.cj.jdbc.ConnectionImpl.<init>(ConnectionImpl.java:446)
	at com.mysql.cj.jdbc.ConnectionImpl.getInstance(ConnectionImpl.java:239)
	at com.mysql.cj.jdbc.NonRegisteringDriver.connect(NonRegisteringDriver.java:188)
	at com.alibaba.druid.filter.FilterChainImpl.connection_connect(FilterChainImpl.java:132)
	at com.alibaba.druid.filter.stat.StatFilter.connection_connect(StatFilter.java:244)
	at com.alibaba.druid.filter.FilterChainImpl.connection_connect(FilterChainImpl.java:126)
	at com.alibaba.druid.pool.DruidAbstractDataSource.createPhysicalConnection(DruidAbstractDataSource.java:1699)
	at com.alibaba.druid.pool.DruidAbstractDataSource.createPhysicalConnection(DruidAbstractDataSource.java:1794)
	at com.alibaba.druid.pool.DruidDataSource.init(DruidDataSource.java:936)
	at com.alibaba.druid.spring.boot3.autoconfigure.DruidDataSourceWrapper.afterPropertiesSet(DruidDataSourceWrapper.java:52)
	at org.springframework.beans.factory.support.AbstractAutowireCapableBeanFactory.invokeInitMethods(AbstractAutowireCapableBeanFactory.java:1797)
	at org.springframework.beans.factory.support.AbstractAutowireCapableBeanFactory.initializeBean(AbstractAutowireCapableBeanFactory.java:1747)
	at org.springframework.beans.factory.support.AbstractAutowireCapableBeanFactory.doCreateBean(AbstractAutowireCapableBeanFactory.java:599)
	at org.springframework.beans.factory.support.AbstractAutowireCapableBeanFactory.createBean(AbstractAutowireCapableBeanFactory.java:521)
	at org.springframework.beans.factory.support.AbstractBeanFactory.lambda$doGetBean$0(AbstractBeanFactory.java:326)
	at org.springframework.beans.factory.support.DefaultSingletonBeanRegistry.getSingleton(DefaultSingletonBeanRegistry.java:234)
	at org.springframework.beans.factory.support.AbstractBeanFactory.doGetBean(AbstractBeanFactory.java:324)
	at org.springframework.beans.factory.support.AbstractBeanFactory.getBean(AbstractBeanFactory.java:200)
	at org.springframework.beans.factory.config.DependencyDescriptor.resolveCandidate(DependencyDescriptor.java:254)
	at org.springframework.beans.factory.support.DefaultListableBeanFactory.doResolveDependency(DefaultListableBeanFactory.java:1405)
	at org.springframework.beans.factory.support.DefaultListableBeanFactory.resolveDependency(DefaultListableBeanFactory.java:1325)
	at org.springframework.beans.factory.support.ConstructorResolver.resolveAutowiredArgument(ConstructorResolver.java:885)
	at org.springframework.beans.factory.support.ConstructorResolver.createArgumentArray(ConstructorResolver.java:789)
	at org.springframework.beans.factory.support.ConstructorResolver.instantiateUsingFactoryMethod(ConstructorResolver.java:548)
	at org.springframework.beans.factory.support.AbstractAutowireCapableBeanFactory.instantiateUsingFactoryMethod(AbstractAutowireCapableBeanFactory.java:1324)
	at org.springframework.beans.factory.support.AbstractAutowireCapableBeanFactory.createBeanInstance(AbstractAutowireCapableBeanFactory.java:1161)
	at org.springframework.beans.factory.support.AbstractAutowireCapableBeanFactory.doCreateBean(AbstractAutowireCapableBeanFactory.java:561)
	at org.springframework.beans.factory.support.AbstractAutowireCapableBeanFactory.createBean(AbstractAutowireCapableBeanFactory.java:521)
	at org.springframework.beans.factory.support.AbstractBeanFactory.lambda$doGetBean$0(AbstractBeanFactory.java:326)
	at org.springframework.beans.factory.support.DefaultSingletonBeanRegistry.getSingleton(DefaultSingletonBeanRegistry.java:234)
	at org.springframework.beans.factory.support.AbstractBeanFactory.doGetBean(AbstractBeanFactory.java:324)
	at org.springframework.beans.factory.support.AbstractBeanFactory.getBean(AbstractBeanFactory.java:200)
	at org.springframework.beans.factory.config.DependencyDescriptor.resolveCandidate(DependencyDescriptor.java:254)
	at org.springframework.beans.factory.support.DefaultListableBeanFactory.doResolveDependency(DefaultListableBeanFactory.java:1405)
	at org.springframework.beans.factory.support.DefaultListableBeanFactory.resolveDependency(DefaultListableBeanFactory.java:1325)
	at org.springframework.beans.factory.support.AbstractAutowireCapableBeanFactory.autowireByType(AbstractAutowireCapableBeanFactory.java:1479)
	at org.springframework.beans.factory.support.AbstractAutowireCapableBeanFactory.populateBean(AbstractAutowireCapableBeanFactory.java:1388)
	at org.springframework.beans.factory.support.AbstractAutowireCapableBeanFactory.doCreateBean(AbstractAutowireCapableBeanFactory.java:598)
	at org.springframework.beans.factory.support.AbstractAutowireCapableBeanFactory.createBean(AbstractAutowireCapableBeanFactory.java:521)
	at org.springframework.beans.factory.support.AbstractBeanFactory.lambda$doGetBean$0(AbstractBeanFactory.java:326)
	at org.springframework.beans.factory.support.DefaultSingletonBeanRegistry.getSingleton(DefaultSingletonBeanRegistry.java:234)
	at org.springframework.beans.factory.support.AbstractBeanFactory.doGetBean(AbstractBeanFactory.java:324)
	at org.springframework.beans.factory.support.AbstractBeanFactory.getBean(AbstractBeanFactory.java:205)
	at org.springframework.beans.factory.support.AbstractAutowireCapableBeanFactory.resolveBeanByName(AbstractAutowireCapableBeanFactory.java:458)
	at org.springframework.context.annotation.CommonAnnotationBeanPostProcessor.autowireResource(CommonAnnotationBeanPostProcessor.java:496)
	at org.springframework.context.annotation.CommonAnnotationBeanPostProcessor.getResource(CommonAnnotationBeanPostProcessor.java:467)
	at org.springframework.context.annotation.CommonAnnotationBeanPostProcessor$ResourceElement.getResourceToInject(CommonAnnotationBeanPostProcessor.java:618)
	at org.springframework.beans.factory.annotation.InjectionMetadata$InjectedElement.inject(InjectionMetadata.java:242)
	at org.springframework.beans.factory.annotation.InjectionMetadata.inject(InjectionMetadata.java:133)
	at org.springframework.context.annotation.CommonAnnotationBeanPostProcessor.postProcessProperties(CommonAnnotationBeanPostProcessor.java:300)
	at org.springframework.beans.factory.support.AbstractAutowireCapableBeanFactory.populateBean(AbstractAutowireCapableBeanFactory.java:1397)
	at org.springframework.beans.factory.support.AbstractAutowireCapableBeanFactory.doCreateBean(AbstractAutowireCapableBeanFactory.java:598)
	at org.springframework.beans.factory.support.AbstractAutowireCapableBeanFactory.createBean(AbstractAutowireCapableBeanFactory.java:521)
	at org.springframework.beans.factory.support.AbstractBeanFactory.lambda$doGetBean$0(AbstractBeanFactory.java:326)
	at org.springframework.beans.factory.support.DefaultSingletonBeanRegistry.getSingleton(DefaultSingletonBeanRegistry.java:234)
	at org.springframework.beans.factory.support.AbstractBeanFactory.doGetBean(AbstractBeanFactory.java:324)
	at org.springframework.beans.factory.support.AbstractBeanFactory.getBean(AbstractBeanFactory.java:200)
	at org.springframework.beans.factory.config.DependencyDescriptor.resolveCandidate(DependencyDescriptor.java:254)
	at org.springframework.beans.factory.support.DefaultListableBeanFactory.doResolveDependency(DefaultListableBeanFactory.java:1405)
	at org.springframework.beans.factory.support.DefaultListableBeanFactory.resolveDependency(DefaultListableBeanFactory.java:1325)
	at org.springframework.context.annotation.CommonAnnotationBeanPostProcessor.autowireResource(CommonAnnotationBeanPostProcessor.java:490)
	at org.springframework.context.annotation.CommonAnnotationBeanPostProcessor.getResource(CommonAnnotationBeanPostProcessor.java:467)
	at org.springframework.context.annotation.CommonAnnotationBeanPostProcessor$ResourceElement.getResourceToInject(CommonAnnotationBeanPostProcessor.java:618)
	at org.springframework.beans.factory.annotation.InjectionMetadata$InjectedElement.inject(InjectionMetadata.java:242)
	at org.springframework.beans.factory.annotation.InjectionMetadata.inject(InjectionMetadata.java:133)
	at org.springframework.context.annotation.CommonAnnotationBeanPostProcessor.postProcessProperties(CommonAnnotationBeanPostProcessor.java:300)
	at org.springframework.beans.factory.support.AbstractAutowireCapableBeanFactory.populateBean(AbstractAutowireCapableBeanFactory.java:1397)
	at org.springframework.beans.factory.support.AbstractAutowireCapableBeanFactory.doCreateBean(AbstractAutowireCapableBeanFactory.java:598)
	at org.springframework.beans.factory.support.AbstractAutowireCapableBeanFactory.createBean(AbstractAutowireCapableBeanFactory.java:521)
	at org.springframework.beans.factory.support.AbstractBeanFactory.lambda$doGetBean$0(AbstractBeanFactory.java:326)
	at org.springframework.beans.factory.support.DefaultSingletonBeanRegistry.getSingleton(DefaultSingletonBeanRegistry.java:234)
	at org.springframework.beans.factory.support.AbstractBeanFactory.doGetBean(AbstractBeanFactory.java:324)
	at org.springframework.beans.factory.support.AbstractBeanFactory.getBean(AbstractBeanFactory.java:200)
	at org.springframework.beans.factory.support.DefaultListableBeanFactory.preInstantiateSingletons(DefaultListableBeanFactory.java:961)
	at org.springframework.context.support.AbstractApplicationContext.finishBeanFactoryInitialization(AbstractApplicationContext.java:915)
	at org.springframework.context.support.AbstractApplicationContext.refresh(AbstractApplicationContext.java:584)
	at org.springframework.boot.web.servlet.context.ServletWebServerApplicationContext.refresh(ServletWebServerApplicationContext.java:146)
	at org.springframework.boot.SpringApplication.refresh(SpringApplication.java:730)
	at org.springframework.boot.SpringApplication.refreshContext(SpringApplication.java:432)
	at org.springframework.boot.SpringApplication.run(SpringApplication.java:308)
	at org.springframework.boot.SpringApplication.run(SpringApplication.java:1302)
	at org.springframework.boot.SpringApplication.run(SpringApplication.java:1291)
	at com.dyc.xiaohashu.user.XiaohashuUserBizApplication.main(XiaohashuUserBizApplication.java:19)
Caused by: com.mysql.cj.exceptions.CJCommunicationsException: Communications link failure

The last packet sent successfully to the server was 0 milliseconds ago. The driver has not received any packets from the server.
	at java.base/jdk.internal.reflect.NativeConstructorAccessorImpl.newInstance0(Native Method)
	at java.base/jdk.internal.reflect.NativeConstructorAccessorImpl.newInstance(NativeConstructorAccessorImpl.java:77)
	at java.base/jdk.internal.reflect.DelegatingConstructorAccessorImpl.newInstance(DelegatingConstructorAccessorImpl.java:45)
	at java.base/java.lang.reflect.Constructor.newInstanceWithCaller(Constructor.java:499)
	at java.base/java.lang.reflect.Constructor.newInstance(Constructor.java:480)
	at com.mysql.cj.exceptions.ExceptionFactory.createException(ExceptionFactory.java:62)
	at com.mysql.cj.exceptions.ExceptionFactory.createException(ExceptionFactory.java:105)
	at com.mysql.cj.exceptions.ExceptionFactory.createException(ExceptionFactory.java:150)
	at com.mysql.cj.exceptions.ExceptionFactory.createCommunicationsException(ExceptionFactory.java:166)
	at com.mysql.cj.protocol.a.NativeSocketConnection.connect(NativeSocketConnection.java:89)
	at com.mysql.cj.NativeSession.connect(NativeSession.java:121)
	at com.mysql.cj.jdbc.ConnectionImpl.connectWithRetries(ConnectionImpl.java:839)
	... 84 common frames omitted
Caused by: java.net.SocketTimeoutException: Connect timed out
	at java.base/sun.nio.ch.NioSocketImpl.timedFinishConnect(NioSocketImpl.java:551)
	at java.base/sun.nio.ch.NioSocketImpl.connect(NioSocketImpl.java:602)
	at java.base/java.net.SocksSocketImpl.connect(SocksSocketImpl.java:327)
	at java.base/java.net.Socket.connect(Socket.java:633)
	at com.mysql.cj.protocol.StandardSocketFactory.connect(StandardSocketFactory.java:153)
	at com.mysql.cj.protocol.a.NativeSocketConnection.connect(NativeSocketConnection.java:63)
	... 86 common frames omitted
2026-08-24 11:05:31.631 [main] ERROR com.alibaba.druid.pool.DruidDataSource - {dataSource-1} init error
java.sql.SQLNonTransientConnectionException: Could not create connection to database server. Attempted reconnect 3 times. Giving up.
	at com.mysql.cj.jdbc.exceptions.SQLError.createSQLException(SQLError.java:111)
	at com.mysql.cj.jdbc.exceptions.SQLError.createSQLException(SQLError.java:98)
	at com.mysql.cj.jdbc.exceptions.SQLError.createSQLException(SQLError.java:90)
	at com.mysql.cj.jdbc.exceptions.SQLError.createSQLException(SQLError.java:64)
	at com.mysql.cj.jdbc.exceptions.SQLError.createSQLException(SQLError.java:74)
	at com.mysql.cj.jdbc.ConnectionImpl.connectWithRetries(ConnectionImpl.java:895)
	at com.mysql.cj.jdbc.ConnectionImpl.createNewIO(ConnectionImpl.java:820)
	at com.mysql.cj.jdbc.ConnectionImpl.<init>(ConnectionImpl.java:446)
	at com.mysql.cj.jdbc.ConnectionImpl.getInstance(ConnectionImpl.java:239)
	at com.mysql.cj.jdbc.NonRegisteringDriver.connect(NonRegisteringDriver.java:188)
	at com.alibaba.druid.filter.FilterChainImpl.connection_connect(FilterChainImpl.java:132)
	at com.alibaba.druid.filter.stat.StatFilter.connection_connect(StatFilter.java:244)
	at com.alibaba.druid.filter.FilterChainImpl.connection_connect(FilterChainImpl.java:126)
	at com.alibaba.druid.pool.DruidAbstractDataSource.createPhysicalConnection(DruidAbstractDataSource.java:1699)
	at com.alibaba.druid.pool.DruidAbstractDataSource.createPhysicalConnection(DruidAbstractDataSource.java:1794)
	at com.alibaba.druid.pool.DruidDataSource.init(DruidDataSource.java:936)
	at com.alibaba.druid.spring.boot3.autoconfigure.DruidDataSourceWrapper.afterPropertiesSet(DruidDataSourceWrapper.java:52)
	at org.springframework.beans.factory.support.AbstractAutowireCapableBeanFactory.invokeInitMethods(AbstractAutowireCapableBeanFactory.java:1797)
	at org.springframework.beans.factory.support.AbstractAutowireCapableBeanFactory.initializeBean(AbstractAutowireCapableBeanFactory.java:1747)
	at org.springframework.beans.factory.support.AbstractAutowireCapableBeanFactory.doCreateBean(AbstractAutowireCapableBeanFactory.java:599)
	at org.springframework.beans.factory.support.AbstractAutowireCapableBeanFactory.createBean(AbstractAutowireCapableBeanFactory.java:521)
	at org.springframework.beans.factory.support.AbstractBeanFactory.lambda$doGetBean$0(AbstractBeanFactory.java:326)
	at org.springframework.beans.factory.support.DefaultSingletonBeanRegistry.getSingleton(DefaultSingletonBeanRegistry.java:234)
	at org.springframework.beans.factory.support.AbstractBeanFactory.doGetBean(AbstractBeanFactory.java:324)
	at org.springframework.beans.factory.support.AbstractBeanFactory.getBean(AbstractBeanFactory.java:200)
	at org.springframework.beans.factory.config.DependencyDescriptor.resolveCandidate(DependencyDescriptor.java:254)
	at org.springframework.beans.factory.support.DefaultListableBeanFactory.doResolveDependency(DefaultListableBeanFactory.java:1405)
	at org.springframework.beans.factory.support.DefaultListableBeanFactory.resolveDependency(DefaultListableBeanFactory.java:1325)
	at org.springframework.beans.factory.support.ConstructorResolver.resolveAutowiredArgument(ConstructorResolver.java:885)
	at org.springframework.beans.factory.support.ConstructorResolver.createArgumentArray(ConstructorResolver.java:789)
	at org.springframework.beans.factory.support.ConstructorResolver.instantiateUsingFactoryMethod(ConstructorResolver.java:548)
	at org.springframework.beans.factory.support.AbstractAutowireCapableBeanFactory.instantiateUsingFactoryMethod(AbstractAutowireCapableBeanFactory.java:1324)
	at org.springframework.beans.factory.support.AbstractAutowireCapableBeanFactory.createBeanInstance(AbstractAutowireCapableBeanFactory.java:1161)
	at org.springframework.beans.factory.support.AbstractAutowireCapableBeanFactory.doCreateBean(AbstractAutowireCapableBeanFactory.java:561)
	at org.springframework.beans.factory.support.AbstractAutowireCapableBeanFactory.createBean(AbstractAutowireCapableBeanFactory.java:521)
	at org.springframework.beans.factory.support.AbstractBeanFactory.lambda$doGetBean$0(AbstractBeanFactory.java:326)
	at org.springframework.beans.factory.support.DefaultSingletonBeanRegistry.getSingleton(DefaultSingletonBeanRegistry.java:234)
	at org.springframework.beans.factory.support.AbstractBeanFactory.doGetBean(AbstractBeanFactory.java:324)
	at org.springframework.beans.factory.support.AbstractBeanFactory.getBean(AbstractBeanFactory.java:200)
	at org.springframework.beans.factory.config.DependencyDescriptor.resolveCandidate(DependencyDescriptor.java:254)
	at org.springframework.beans.factory.support.DefaultListableBeanFactory.doResolveDependency(DefaultListableBeanFactory.java:1405)
	at org.springframework.beans.factory.support.DefaultListableBeanFactory.resolveDependency(DefaultListableBeanFactory.java:1325)
	at org.springframework.beans.factory.support.AbstractAutowireCapableBeanFactory.autowireByType(AbstractAutowireCapableBeanFactory.java:1479)
	at org.springframework.beans.factory.support.AbstractAutowireCapableBeanFactory.populateBean(AbstractAutowireCapableBeanFactory.java:1388)
	at org.springframework.beans.factory.support.AbstractAutowireCapableBeanFactory.doCreateBean(AbstractAutowireCapableBeanFactory.java:598)
	at org.springframework.beans.factory.support.AbstractAutowireCapableBeanFactory.createBean(AbstractAutowireCapableBeanFactory.java:521)
	at org.springframework.beans.factory.support.AbstractBeanFactory.lambda$doGetBean$0(AbstractBeanFactory.java:326)
	at org.springframework.beans.factory.support.DefaultSingletonBeanRegistry.getSingleton(DefaultSingletonBeanRegistry.java:234)
	at org.springframework.beans.factory.support.AbstractBeanFactory.doGetBean(AbstractBeanFactory.java:324)
	at org.springframework.beans.factory.support.AbstractBeanFactory.getBean(AbstractBeanFactory.java:205)
	at org.springframework.beans.factory.support.AbstractAutowireCapableBeanFactory.resolveBeanByName(AbstractAutowireCapableBeanFactory.java:458)
	at org.springframework.context.annotation.CommonAnnotationBeanPostProcessor.autowireResource(CommonAnnotationBeanPostProcessor.java:496)
	at org.springframework.context.annotation.CommonAnnotationBeanPostProcessor.getResource(CommonAnnotationBeanPostProcessor.java:467)
	at org.springframework.context.annotation.CommonAnnotationBeanPostProcessor$ResourceElement.getResourceToInject(CommonAnnotationBeanPostProcessor.java:618)
	at org.springframework.beans.factory.annotation.InjectionMetadata$InjectedElement.inject(InjectionMetadata.java:242)
	at org.springframework.beans.factory.annotation.InjectionMetadata.inject(InjectionMetadata.java:133)
	at org.springframework.context.annotation.CommonAnnotationBeanPostProcessor.postProcessProperties(CommonAnnotationBeanPostProcessor.java:300)
	at org.springframework.beans.factory.support.AbstractAutowireCapableBeanFactory.populateBean(AbstractAutowireCapableBeanFactory.java:1397)
	at org.springframework.beans.factory.support.AbstractAutowireCapableBeanFactory.doCreateBean(AbstractAutowireCapableBeanFactory.java:598)
	at org.springframework.beans.factory.support.AbstractAutowireCapableBeanFactory.createBean(AbstractAutowireCapableBeanFactory.java:521)
	at org.springframework.beans.factory.support.AbstractBeanFactory.lambda$doGetBean$0(AbstractBeanFactory.java:326)
	at org.springframework.beans.factory.support.DefaultSingletonBeanRegistry.getSingleton(DefaultSingletonBeanRegistry.java:234)
	at org.springframework.beans.factory.support.AbstractBeanFactory.doGetBean(AbstractBeanFactory.java:324)
	at org.springframework.beans.factory.support.AbstractBeanFactory.getBean(AbstractBeanFactory.java:200)
	at org.springframework.beans.factory.config.DependencyDescriptor.resolveCandidate(DependencyDescriptor.java:254)
	at org.springframework.beans.factory.support.DefaultListableBeanFactory.doResolveDependency(DefaultListableBeanFactory.java:1405)
	at org.springframework.beans.factory.support.DefaultListableBeanFactory.resolveDependency(DefaultListableBeanFactory.java:1325)
	at org.springframework.context.annotation.CommonAnnotationBeanPostProcessor.autowireResource(CommonAnnotationBeanPostProcessor.java:490)
	at org.springframework.context.annotation.CommonAnnotationBeanPostProcessor.getResource(CommonAnnotationBeanPostProcessor.java:467)
	at org.springframework.context.annotation.CommonAnnotationBeanPostProcessor$ResourceElement.getResourceToInject(CommonAnnotationBeanPostProcessor.java:618)
	at org.springframework.beans.factory.annotation.InjectionMetadata$InjectedElement.inject(InjectionMetadata.java:242)
	at org.springframework.beans.factory.annotation.InjectionMetadata.inject(InjectionMetadata.java:133)
	at org.springframework.context.annotation.CommonAnnotationBeanPostProcessor.postProcessProperties(CommonAnnotationBeanPostProcessor.java:300)
	at org.springframework.beans.factory.support.AbstractAutowireCapableBeanFactory.populateBean(AbstractAutowireCapableBeanFactory.java:1397)
	at org.springframework.beans.factory.support.AbstractAutowireCapableBeanFactory.doCreateBean(AbstractAutowireCapableBeanFactory.java:598)
	at org.springframework.beans.factory.support.AbstractAutowireCapableBeanFactory.createBean(AbstractAutowireCapableBeanFactory.java:521)
	at org.springframework.beans.factory.support.AbstractBeanFactory.lambda$doGetBean$0(AbstractBeanFactory.java:326)
	at org.springframework.beans.factory.support.DefaultSingletonBeanRegistry.getSingleton(DefaultSingletonBeanRegistry.java:234)
	at org.springframework.beans.factory.support.AbstractBeanFactory.doGetBean(AbstractBeanFactory.java:324)
	at org.springframework.beans.factory.support.AbstractBeanFactory.getBean(AbstractBeanFactory.java:200)
	at org.springframework.beans.factory.support.DefaultListableBeanFactory.preInstantiateSingletons(DefaultListableBeanFactory.java:961)
	at org.springframework.context.support.AbstractApplicationContext.finishBeanFactoryInitialization(AbstractApplicationContext.java:915)
	at org.springframework.context.support.AbstractApplicationContext.refresh(AbstractApplicationContext.java:584)
	at org.springframework.boot.web.servlet.context.ServletWebServerApplicationContext.refresh(ServletWebServerApplicationContext.java:146)
	at org.springframework.boot.SpringApplication.refresh(SpringApplication.java:730)
	at org.springframework.boot.SpringApplication.refreshContext(SpringApplication.java:432)
	at org.springframework.boot.SpringApplication.run(SpringApplication.java:308)
	at org.springframework.boot.SpringApplication.run(SpringApplication.java:1302)
	at org.springframework.boot.SpringApplication.run(SpringApplication.java:1291)
	at com.dyc.xiaohashu.user.XiaohashuUserBizApplication.main(XiaohashuUserBizApplication.java:19)
Caused by: com.mysql.cj.exceptions.CJCommunicationsException: Communications link failure

The last packet sent successfully to the server was 0 milliseconds ago. The driver has not received any packets from the server.
	at java.base/jdk.internal.reflect.NativeConstructorAccessorImpl.newInstance0(Native Method)
	at java.base/jdk.internal.reflect.NativeConstructorAccessorImpl.newInstance(NativeConstructorAccessorImpl.java:77)
	at java.base/jdk.internal.reflect.DelegatingConstructorAccessorImpl.newInstance(DelegatingConstructorAccessorImpl.java:45)
	at java.base/java.lang.reflect.Constructor.newInstanceWithCaller(Constructor.java:499)
	at java.base/java.lang.reflect.Constructor.newInstance(Constructor.java:480)
	at com.mysql.cj.exceptions.ExceptionFactory.createException(ExceptionFactory.java:62)
	at com.mysql.cj.exceptions.ExceptionFactory.createException(ExceptionFactory.java:105)
	at com.mysql.cj.exceptions.ExceptionFactory.createException(ExceptionFactory.java:150)
	at com.mysql.cj.exceptions.ExceptionFactory.createCommunicationsException(ExceptionFactory.java:166)
	at com.mysql.cj.protocol.a.NativeSocketConnection.connect(NativeSocketConnection.java:89)
	at com.mysql.cj.NativeSession.connect(NativeSession.java:121)
	at com.mysql.cj.jdbc.ConnectionImpl.connectWithRetries(ConnectionImpl.java:839)
	... 84 common frames omitted
Caused by: java.net.SocketTimeoutException: Connect timed out
	at java.base/sun.nio.ch.NioSocketImpl.timedFinishConnect(NioSocketImpl.java:551)
	at java.base/sun.nio.ch.NioSocketImpl.connect(NioSocketImpl.java:602)
	at java.base/java.net.SocksSocketImpl.connect(SocksSocketImpl.java:327)
	at java.base/java.net.Socket.connect(Socket.java:633)
	at com.mysql.cj.protocol.StandardSocketFactory.connect(StandardSocketFactory.java:153)
	at com.mysql.cj.protocol.a.NativeSocketConnection.connect(NativeSocketConnection.java:63)
	... 86 common frames omitted
2026-08-24 11:05:31.631 [main] INFO  com.alibaba.druid.pool.DruidDataSource - {dataSource-1} inited
2026-08-24 11:05:31.632 [main] WARN  o.s.b.w.s.c.AnnotationConfigServletWebServerApplicationContext - Exception encountered during context initialization - cancelling refresh attempt: org.springframework.beans.factory.BeanCreationException: Error creating bean with name 'userController': Injection of resource dependencies failed
2026-08-24 11:05:31.633 [main] INFO  org.apache.catalina.core.StandardService - Stopping service [Tomcat]
2026-08-24 11:05:31.652 [main] INFO  o.s.b.a.logging.ConditionEvaluationReportLogger - 

Error starting ApplicationContext. To display the condition evaluation report re-run your application with 'debug' enabled.
2026-08-24 11:05:31.665 [main] ERROR org.springframework.boot.SpringApplication - Application run failed
org.springframework.beans.factory.BeanCreationException: Error creating bean with name 'userController': Injection of resource dependencies failed
	at org.springframework.context.annotation.CommonAnnotationBeanPostProcessor.postProcessProperties(CommonAnnotationBeanPostProcessor.java:303)
	at org.springframework.beans.factory.support.AbstractAutowireCapableBeanFactory.populateBean(AbstractAutowireCapableBeanFactory.java:1397)
	at org.springframework.beans.factory.support.AbstractAutowireCapableBeanFactory.doCreateBean(AbstractAutowireCapableBeanFactory.java:598)
	at org.springframework.beans.factory.support.AbstractAutowireCapableBeanFactory.createBean(AbstractAutowireCapableBeanFactory.java:521)
	at org.springframework.beans.factory.support.AbstractBeanFactory.lambda$doGetBean$0(AbstractBeanFactory.java:326)
	at org.springframework.beans.factory.support.DefaultSingletonBeanRegistry.getSingleton(DefaultSingletonBeanRegistry.java:234)
	at org.springframework.beans.factory.support.AbstractBeanFactory.doGetBean(AbstractBeanFactory.java:324)
	at org.springframework.beans.factory.support.AbstractBeanFactory.getBean(AbstractBeanFactory.java:200)
	at org.springframework.beans.factory.support.DefaultListableBeanFactory.preInstantiateSingletons(DefaultListableBeanFactory.java:961)
	at org.springframework.context.support.AbstractApplicationContext.finishBeanFactoryInitialization(AbstractApplicationContext.java:915)
	at org.springframework.context.support.AbstractApplicationContext.refresh(AbstractApplicationContext.java:584)
	at org.springframework.boot.web.servlet.context.ServletWebServerApplicationContext.refresh(ServletWebServerApplicationContext.java:146)
	at org.springframework.boot.SpringApplication.refresh(SpringApplication.java:730)
	at org.springframework.boot.SpringApplication.refreshContext(SpringApplication.java:432)
	at org.springframework.boot.SpringApplication.run(SpringApplication.java:308)
	at org.springframework.boot.SpringApplication.run(SpringApplication.java:1302)
	at org.springframework.boot.SpringApplication.run(SpringApplication.java:1291)
	at com.dyc.xiaohashu.user.XiaohashuUserBizApplication.main(XiaohashuUserBizApplication.java:19)
Caused by: org.springframework.beans.factory.BeanCreationException: Error creating bean with name 'userServiceImpl': Injection of resource dependencies failed
	at org.springframework.context.annotation.CommonAnnotationBeanPostProcessor.postProcessProperties(CommonAnnotationBeanPostProcessor.java:303)
	at org.springframework.beans.factory.support.AbstractAutowireCapableBeanFactory.populateBean(AbstractAutowireCapableBeanFactory.java:1397)
	at org.springframework.beans.factory.support.AbstractAutowireCapableBeanFactory.doCreateBean(AbstractAutowireCapableBeanFactory.java:598)
	at org.springframework.beans.factory.support.AbstractAutowireCapableBeanFactory.createBean(AbstractAutowireCapableBeanFactory.java:521)
	at org.springframework.beans.factory.support.AbstractBeanFactory.lambda$doGetBean$0(AbstractBeanFactory.java:326)
	at org.springframework.beans.factory.support.DefaultSingletonBeanRegistry.getSingleton(DefaultSingletonBeanRegistry.java:234)
	at org.springframework.beans.factory.support.AbstractBeanFactory.doGetBean(AbstractBeanFactory.java:324)
	at org.springframework.beans.factory.support.AbstractBeanFactory.getBean(AbstractBeanFactory.java:200)
	at org.springframework.beans.factory.config.DependencyDescriptor.resolveCandidate(DependencyDescriptor.java:254)
	at org.springframework.beans.factory.support.DefaultListableBeanFactory.doResolveDependency(DefaultListableBeanFactory.java:1405)
	at org.springframework.beans.factory.support.DefaultListableBeanFactory.resolveDependency(DefaultListableBeanFactory.java:1325)
	at org.springframework.context.annotation.CommonAnnotationBeanPostProcessor.autowireResource(CommonAnnotationBeanPostProcessor.java:490)
	at org.springframework.context.annotation.CommonAnnotationBeanPostProcessor.getResource(CommonAnnotationBeanPostProcessor.java:467)
	at org.springframework.context.annotation.CommonAnnotationBeanPostProcessor$ResourceElement.getResourceToInject(CommonAnnotationBeanPostProcessor.java:618)
	at org.springframework.beans.factory.annotation.InjectionMetadata$InjectedElement.inject(InjectionMetadata.java:242)
	at org.springframework.beans.factory.annotation.InjectionMetadata.inject(InjectionMetadata.java:133)
	at org.springframework.context.annotation.CommonAnnotationBeanPostProcessor.postProcessProperties(CommonAnnotationBeanPostProcessor.java:300)
	... 17 common frames omitted
Caused by: org.springframework.beans.factory.UnsatisfiedDependencyException: Error creating bean with name 'userDOMapper' defined in file [E:\CodeDir\xiaohashu\xiaohashu-user\xiaohashu-user-biz\target\classes\com\dyc\xiaohashu\user\domain\mapper\UserDOMapper.class]: Unsatisfied dependency expressed through bean property 'sqlSessionFactory': Error creating bean with name 'sqlSessionFactory' defined in class path resource [org/mybatis/spring/boot/autoconfigure/MybatisAutoConfiguration.class]: Unsatisfied dependency expressed through method 'sqlSessionFactory' parameter 0: Error creating bean with name 'dataSource' defined in class path resource [com/alibaba/druid/spring/boot3/autoconfigure/DruidDataSourceAutoConfigure.class]: Could not create connection to database server. Attempted reconnect 3 times. Giving up.
	at org.springframework.beans.factory.support.AbstractAutowireCapableBeanFactory.autowireByType(AbstractAutowireCapableBeanFactory.java:1494)
	at org.springframework.beans.factory.support.AbstractAutowireCapableBeanFactory.populateBean(AbstractAutowireCapableBeanFactory.java:1388)
	at org.springframework.beans.factory.support.AbstractAutowireCapableBeanFactory.doCreateBean(AbstractAutowireCapableBeanFactory.java:598)
	at org.springframework.beans.factory.support.AbstractAutowireCapableBeanFactory.createBean(AbstractAutowireCapableBeanFactory.java:521)
	at org.springframework.beans.factory.support.AbstractBeanFactory.lambda$doGetBean$0(AbstractBeanFactory.java:326)
	at org.springframework.beans.factory.support.DefaultSingletonBeanRegistry.getSingleton(DefaultSingletonBeanRegistry.java:234)
	at org.springframework.beans.factory.support.AbstractBeanFactory.doGetBean(AbstractBeanFactory.java:324)
	at org.springframework.beans.factory.support.AbstractBeanFactory.getBean(AbstractBeanFactory.java:205)
	at org.springframework.beans.factory.support.AbstractAutowireCapableBeanFactory.resolveBeanByName(AbstractAutowireCapableBeanFactory.java:458)
	at org.springframework.context.annotation.CommonAnnotationBeanPostProcessor.autowireResource(CommonAnnotationBeanPostProcessor.java:496)
	at org.springframework.context.annotation.CommonAnnotationBeanPostProcessor.getResource(CommonAnnotationBeanPostProcessor.java:467)
	at org.springframework.context.annotation.CommonAnnotationBeanPostProcessor$ResourceElement.getResourceToInject(CommonAnnotationBeanPostProcessor.java:618)
	at org.springframework.beans.factory.annotation.InjectionMetadata$InjectedElement.inject(InjectionMetadata.java:242)
	at org.springframework.beans.factory.annotation.InjectionMetadata.inject(InjectionMetadata.java:133)
	at org.springframework.context.annotation.CommonAnnotationBeanPostProcessor.postProcessProperties(CommonAnnotationBeanPostProcessor.java:300)
	... 33 common frames omitted
Caused by: org.springframework.beans.factory.UnsatisfiedDependencyException: Error creating bean with name 'sqlSessionFactory' defined in class path resource [org/mybatis/spring/boot/autoconfigure/MybatisAutoConfiguration.class]: Unsatisfied dependency expressed through method 'sqlSessionFactory' parameter 0: Error creating bean with name 'dataSource' defined in class path resource [com/alibaba/druid/spring/boot3/autoconfigure/DruidDataSourceAutoConfigure.class]: Could not create connection to database server. Attempted reconnect 3 times. Giving up.
	at org.springframework.beans.factory.support.ConstructorResolver.createArgumentArray(ConstructorResolver.java:798)
	at org.springframework.beans.factory.support.ConstructorResolver.instantiateUsingFactoryMethod(ConstructorResolver.java:548)
	at org.springframework.beans.factory.support.AbstractAutowireCapableBeanFactory.instantiateUsingFactoryMethod(AbstractAutowireCapableBeanFactory.java:1324)
	at org.springframework.beans.factory.support.AbstractAutowireCapableBeanFactory.createBeanInstance(AbstractAutowireCapableBeanFactory.java:1161)
	at org.springframework.beans.factory.support.AbstractAutowireCapableBeanFactory.doCreateBean(AbstractAutowireCapableBeanFactory.java:561)
	at org.springframework.beans.factory.support.AbstractAutowireCapableBeanFactory.createBean(AbstractAutowireCapableBeanFactory.java:521)
	at org.springframework.beans.factory.support.AbstractBeanFactory.lambda$doGetBean$0(AbstractBeanFactory.java:326)
	at org.springframework.beans.factory.support.DefaultSingletonBeanRegistry.getSingleton(DefaultSingletonBeanRegistry.java:234)
	at org.springframework.beans.factory.support.AbstractBeanFactory.doGetBean(AbstractBeanFactory.java:324)
	at org.springframework.beans.factory.support.AbstractBeanFactory.getBean(AbstractBeanFactory.java:200)
	at org.springframework.beans.factory.config.DependencyDescriptor.resolveCandidate(DependencyDescriptor.java:254)
	at org.springframework.beans.factory.support.DefaultListableBeanFactory.doResolveDependency(DefaultListableBeanFactory.java:1405)
	at org.springframework.beans.factory.support.DefaultListableBeanFactory.resolveDependency(DefaultListableBeanFactory.java:1325)
	at org.springframework.beans.factory.support.AbstractAutowireCapableBeanFactory.autowireByType(AbstractAutowireCapableBeanFactory.java:1479)
	... 47 common frames omitted
Caused by: org.springframework.beans.factory.BeanCreationException: Error creating bean with name 'dataSource' defined in class path resource [com/alibaba/druid/spring/boot3/autoconfigure/DruidDataSourceAutoConfigure.class]: Could not create connection to database server. Attempted reconnect 3 times. Giving up.
	at org.springframework.beans.factory.support.AbstractAutowireCapableBeanFactory.initializeBean(AbstractAutowireCapableBeanFactory.java:1751)
	at org.springframework.beans.factory.support.AbstractAutowireCapableBeanFactory.doCreateBean(AbstractAutowireCapableBeanFactory.java:599)
	at org.springframework.beans.factory.support.AbstractAutowireCapableBeanFactory.createBean(AbstractAutowireCapableBeanFactory.java:521)
	at org.springframework.beans.factory.support.AbstractBeanFactory.lambda$doGetBean$0(AbstractBeanFactory.java:326)
	at org.springframework.beans.factory.support.DefaultSingletonBeanRegistry.getSingleton(DefaultSingletonBeanRegistry.java:234)
	at org.springframework.beans.factory.support.AbstractBeanFactory.doGetBean(AbstractBeanFactory.java:324)
	at org.springframework.beans.factory.support.AbstractBeanFactory.getBean(AbstractBeanFactory.java:200)
	at org.springframework.beans.factory.config.DependencyDescriptor.resolveCandidate(DependencyDescriptor.java:254)
	at org.springframework.beans.factory.support.DefaultListableBeanFactory.doResolveDependency(DefaultListableBeanFactory.java:1405)
	at org.springframework.beans.factory.support.DefaultListableBeanFactory.resolveDependency(DefaultListableBeanFactory.java:1325)
	at org.springframework.beans.factory.support.ConstructorResolver.resolveAutowiredArgument(ConstructorResolver.java:885)
	at org.springframework.beans.factory.support.ConstructorResolver.createArgumentArray(ConstructorResolver.java:789)
	... 60 common frames omitted
Caused by: java.sql.SQLNonTransientConnectionException: Could not create connection to database server. Attempted reconnect 3 times. Giving up.
	at com.mysql.cj.jdbc.exceptions.SQLError.createSQLException(SQLError.java:111)
	at com.mysql.cj.jdbc.exceptions.SQLError.createSQLException(SQLError.java:98)
	at com.mysql.cj.jdbc.exceptions.SQLError.createSQLException(SQLError.java:90)
	at com.mysql.cj.jdbc.exceptions.SQLError.createSQLException(SQLError.java:64)
	at com.mysql.cj.jdbc.exceptions.SQLError.createSQLException(SQLError.java:74)
	at com.mysql.cj.jdbc.ConnectionImpl.connectWithRetries(ConnectionImpl.java:895)
	at com.mysql.cj.jdbc.ConnectionImpl.createNewIO(ConnectionImpl.java:820)
	at com.mysql.cj.jdbc.ConnectionImpl.<init>(ConnectionImpl.java:446)
	at com.mysql.cj.jdbc.ConnectionImpl.getInstance(ConnectionImpl.java:239)
	at com.mysql.cj.jdbc.NonRegisteringDriver.connect(NonRegisteringDriver.java:188)
	at com.alibaba.druid.filter.FilterChainImpl.connection_connect(FilterChainImpl.java:132)
	at com.alibaba.druid.filter.stat.StatFilter.connection_connect(StatFilter.java:244)
	at com.alibaba.druid.filter.FilterChainImpl.connection_connect(FilterChainImpl.java:126)
	at com.alibaba.druid.pool.DruidAbstractDataSource.createPhysicalConnection(DruidAbstractDataSource.java:1699)
	at com.alibaba.druid.pool.DruidAbstractDataSource.createPhysicalConnection(DruidAbstractDataSource.java:1794)
	at com.alibaba.druid.pool.DruidDataSource.init(DruidDataSource.java:936)
	at com.alibaba.druid.spring.boot3.autoconfigure.DruidDataSourceWrapper.afterPropertiesSet(DruidDataSourceWrapper.java:52)
	at org.springframework.beans.factory.support.AbstractAutowireCapableBeanFactory.invokeInitMethods(AbstractAutowireCapableBeanFactory.java:1797)
	at org.springframework.beans.factory.support.AbstractAutowireCapableBeanFactory.initializeBean(AbstractAutowireCapableBeanFactory.java:1747)
	... 71 common frames omitted
Caused by: com.mysql.cj.exceptions.CJCommunicationsException: Communications link failure

The last packet sent successfully to the server was 0 milliseconds ago. The driver has not received any packets from the server.
	at java.base/jdk.internal.reflect.NativeConstructorAccessorImpl.newInstance0(Native Method)
	at java.base/jdk.internal.reflect.NativeConstructorAccessorImpl.newInstance(NativeConstructorAccessorImpl.java:77)
	at java.base/jdk.internal.reflect.DelegatingConstructorAccessorImpl.newInstance(DelegatingConstructorAccessorImpl.java:45)
	at java.base/java.lang.reflect.Constructor.newInstanceWithCaller(Constructor.java:499)
	at java.base/java.lang.reflect.Constructor.newInstance(Constructor.java:480)
	at com.mysql.cj.exceptions.ExceptionFactory.createException(ExceptionFactory.java:62)
	at com.mysql.cj.exceptions.ExceptionFactory.createException(ExceptionFactory.java:105)
	at com.mysql.cj.exceptions.ExceptionFactory.createException(ExceptionFactory.java:150)
	at com.mysql.cj.exceptions.ExceptionFactory.createCommunicationsException(ExceptionFactory.java:166)
	at com.mysql.cj.protocol.a.NativeSocketConnection.connect(NativeSocketConnection.java:89)
	at com.mysql.cj.NativeSession.connect(NativeSession.java:121)
	at com.mysql.cj.jdbc.ConnectionImpl.connectWithRetries(ConnectionImpl.java:839)
	... 84 common frames omitted
Caused by: java.net.SocketTimeoutException: Connect timed out
	at java.base/sun.nio.ch.NioSocketImpl.timedFinishConnect(NioSocketImpl.java:551)
	at java.base/sun.nio.ch.NioSocketImpl.connect(NioSocketImpl.java:602)
	at java.base/java.net.SocksSocketImpl.connect(SocksSocketImpl.java:327)
	at java.base/java.net.Socket.connect(Socket.java:633)
	at com.mysql.cj.protocol.StandardSocketFactory.connect(StandardSocketFactory.java:153)
	at com.mysql.cj.protocol.a.NativeSocketConnection.connect(NativeSocketConnection.java:63)
	... 86 common frames omitted
2026-08-24 11:22:48.033 [main] WARN  com.alibaba.nacos.client.logging.NacosLogging - Load Logback Configuration of Nacos fail, message: Could not initialize Logback Nacos logging from classpath:nacos-logback.xml
2026-08-24 11:22:48.091 [main] WARN  com.alibaba.nacos.client.logging.NacosLogging - Load Logback Configuration of Nacos fail, message: Could not initialize Logback Nacos logging from classpath:nacos-logback.xml
2026-08-24 11:22:48.101 [main] INFO  c.dyc.xiaohashu.user.XiaohashuUserBizApplication - Starting XiaohashuUserBizApplication using Java 17.0.12 with PID 58696 (E:\CodeDir\xiaohashu\xiaohashu-user\xiaohashu-user-biz\target\classes started by DYC in E:\CodeDir\xiaohashu)
2026-08-24 11:22:48.102 [main] INFO  c.dyc.xiaohashu.user.XiaohashuUserBizApplication - The following 1 profile is active: "dev"
2026-08-24 11:22:48.709 [main] INFO  o.s.d.r.config.RepositoryConfigurationDelegate - Multiple Spring Data modules found, entering strict repository configuration mode
2026-08-24 11:22:48.710 [main] INFO  o.s.d.r.config.RepositoryConfigurationDelegate - Bootstrapping Spring Data Redis repositories in DEFAULT mode.
2026-08-24 11:22:48.733 [main] INFO  o.s.d.r.config.RepositoryConfigurationDelegate - Finished Spring Data repository scanning in 12 ms. Found 0 Redis repository interfaces.
2026-08-24 11:22:48.897 [main] INFO  o.springframework.cloud.context.scope.GenericScope - BeanFactory id=1aabda62-10a2-38c1-8492-febb319e5ef9
2026-08-24 11:22:48.930 [main] INFO  o.s.c.s.PostProcessorRegistrationDelegate$BeanPostProcessorChecker - Bean 'com.dyc.xiaohashu.oss.api.FileFeignApi' of type [org.springframework.cloud.openfeign.FeignClientFactoryBean] is not eligible for getting processed by all BeanPostProcessors (for example: not eligible for auto-proxying)
2026-08-24 11:22:49.236 [main] INFO  o.s.boot.web.embedded.tomcat.TomcatWebServer - Tomcat initialized with port(s): 8082 (http)
2026-08-24 11:22:49.247 [main] INFO  org.apache.catalina.core.StandardService - Starting service [Tomcat]
2026-08-24 11:22:49.248 [main] INFO  org.apache.catalina.core.StandardEngine - Starting Servlet engine: [Apache Tomcat/10.1.5]
2026-08-24 11:22:49.327 [main] INFO  o.a.c.core.ContainerBase.[Tomcat].[localhost].[/] - Initializing Spring embedded WebApplicationContext
2026-08-24 11:22:49.327 [main] INFO  o.s.b.w.s.c.ServletWebServerApplicationContext - Root WebApplicationContext: initialization completed in 1177 ms
2026-08-24 11:22:49.414 [main] INFO  c.a.d.s.b.a.DruidDataSourceAutoConfigure - Init DruidDataSource
2026-08-24 11:23:23.607 [main] ERROR com.alibaba.druid.pool.DruidDataSource - init datasource error, url: jdbc:mysql://192.168.0.106:3306/xiaohashu-prod?useUnicode=true&characterEncoding=utf-8&autoReconnect=true&useSSL=false&serverTimezone=Asia/Shanghai&allowPublicKeyRetrieval=true
java.sql.SQLNonTransientConnectionException: Could not create connection to database server. Attempted reconnect 3 times. Giving up.
	at com.mysql.cj.jdbc.exceptions.SQLError.createSQLException(SQLError.java:111)
	at com.mysql.cj.jdbc.exceptions.SQLError.createSQLException(SQLError.java:98)
	at com.mysql.cj.jdbc.exceptions.SQLError.createSQLException(SQLError.java:90)
	at com.mysql.cj.jdbc.exceptions.SQLError.createSQLException(SQLError.java:64)
	at com.mysql.cj.jdbc.exceptions.SQLError.createSQLException(SQLError.java:74)
	at com.mysql.cj.jdbc.ConnectionImpl.connectWithRetries(ConnectionImpl.java:895)
	at com.mysql.cj.jdbc.ConnectionImpl.createNewIO(ConnectionImpl.java:820)
	at com.mysql.cj.jdbc.ConnectionImpl.<init>(ConnectionImpl.java:446)
	at com.mysql.cj.jdbc.ConnectionImpl.getInstance(ConnectionImpl.java:239)
	at com.mysql.cj.jdbc.NonRegisteringDriver.connect(NonRegisteringDriver.java:188)
	at com.alibaba.druid.filter.FilterChainImpl.connection_connect(FilterChainImpl.java:132)
	at com.alibaba.druid.filter.stat.StatFilter.connection_connect(StatFilter.java:244)
	at com.alibaba.druid.filter.FilterChainImpl.connection_connect(FilterChainImpl.java:126)
	at com.alibaba.druid.pool.DruidAbstractDataSource.createPhysicalConnection(DruidAbstractDataSource.java:1699)
	at com.alibaba.druid.pool.DruidAbstractDataSource.createPhysicalConnection(DruidAbstractDataSource.java:1794)
	at com.alibaba.druid.pool.DruidDataSource.init(DruidDataSource.java:936)
	at com.alibaba.druid.spring.boot3.autoconfigure.DruidDataSourceWrapper.afterPropertiesSet(DruidDataSourceWrapper.java:52)
	at org.springframework.beans.factory.support.AbstractAutowireCapableBeanFactory.invokeInitMethods(AbstractAutowireCapableBeanFactory.java:1797)
	at org.springframework.beans.factory.support.AbstractAutowireCapableBeanFactory.initializeBean(AbstractAutowireCapableBeanFactory.java:1747)
	at org.springframework.beans.factory.support.AbstractAutowireCapableBeanFactory.doCreateBean(AbstractAutowireCapableBeanFactory.java:599)
	at org.springframework.beans.factory.support.AbstractAutowireCapableBeanFactory.createBean(AbstractAutowireCapableBeanFactory.java:521)
	at org.springframework.beans.factory.support.AbstractBeanFactory.lambda$doGetBean$0(AbstractBeanFactory.java:326)
	at org.springframework.beans.factory.support.DefaultSingletonBeanRegistry.getSingleton(DefaultSingletonBeanRegistry.java:234)
	at org.springframework.beans.factory.support.AbstractBeanFactory.doGetBean(AbstractBeanFactory.java:324)
	at org.springframework.beans.factory.support.AbstractBeanFactory.getBean(AbstractBeanFactory.java:200)
	at org.springframework.beans.factory.config.DependencyDescriptor.resolveCandidate(DependencyDescriptor.java:254)
	at org.springframework.beans.factory.support.DefaultListableBeanFactory.doResolveDependency(DefaultListableBeanFactory.java:1405)
	at org.springframework.beans.factory.support.DefaultListableBeanFactory.resolveDependency(DefaultListableBeanFactory.java:1325)
	at org.springframework.beans.factory.support.ConstructorResolver.resolveAutowiredArgument(ConstructorResolver.java:885)
	at org.springframework.beans.factory.support.ConstructorResolver.createArgumentArray(ConstructorResolver.java:789)
	at org.springframework.beans.factory.support.ConstructorResolver.instantiateUsingFactoryMethod(ConstructorResolver.java:548)
	at org.springframework.beans.factory.support.AbstractAutowireCapableBeanFactory.instantiateUsingFactoryMethod(AbstractAutowireCapableBeanFactory.java:1324)
	at org.springframework.beans.factory.support.AbstractAutowireCapableBeanFactory.createBeanInstance(AbstractAutowireCapableBeanFactory.java:1161)
	at org.springframework.beans.factory.support.AbstractAutowireCapableBeanFactory.doCreateBean(AbstractAutowireCapableBeanFactory.java:561)
	at org.springframework.beans.factory.support.AbstractAutowireCapableBeanFactory.createBean(AbstractAutowireCapableBeanFactory.java:521)
	at org.springframework.beans.factory.support.AbstractBeanFactory.lambda$doGetBean$0(AbstractBeanFactory.java:326)
	at org.springframework.beans.factory.support.DefaultSingletonBeanRegistry.getSingleton(DefaultSingletonBeanRegistry.java:234)
	at org.springframework.beans.factory.support.AbstractBeanFactory.doGetBean(AbstractBeanFactory.java:324)
	at org.springframework.beans.factory.support.AbstractBeanFactory.getBean(AbstractBeanFactory.java:200)
	at org.springframework.beans.factory.config.DependencyDescriptor.resolveCandidate(DependencyDescriptor.java:254)
	at org.springframework.beans.factory.support.DefaultListableBeanFactory.doResolveDependency(DefaultListableBeanFactory.java:1405)
	at org.springframework.beans.factory.support.DefaultListableBeanFactory.resolveDependency(DefaultListableBeanFactory.java:1325)
	at org.springframework.beans.factory.support.AbstractAutowireCapableBeanFactory.autowireByType(AbstractAutowireCapableBeanFactory.java:1479)
	at org.springframework.beans.factory.support.AbstractAutowireCapableBeanFactory.populateBean(AbstractAutowireCapableBeanFactory.java:1388)
	at org.springframework.beans.factory.support.AbstractAutowireCapableBeanFactory.doCreateBean(AbstractAutowireCapableBeanFactory.java:598)
	at org.springframework.beans.factory.support.AbstractAutowireCapableBeanFactory.createBean(AbstractAutowireCapableBeanFactory.java:521)
	at org.springframework.beans.factory.support.AbstractBeanFactory.lambda$doGetBean$0(AbstractBeanFactory.java:326)
	at org.springframework.beans.factory.support.DefaultSingletonBeanRegistry.getSingleton(DefaultSingletonBeanRegistry.java:234)
	at org.springframework.beans.factory.support.AbstractBeanFactory.doGetBean(AbstractBeanFactory.java:324)
	at org.springframework.beans.factory.support.AbstractBeanFactory.getBean(AbstractBeanFactory.java:205)
	at org.springframework.beans.factory.support.AbstractAutowireCapableBeanFactory.resolveBeanByName(AbstractAutowireCapableBeanFactory.java:458)
	at org.springframework.context.annotation.CommonAnnotationBeanPostProcessor.autowireResource(CommonAnnotationBeanPostProcessor.java:496)
	at org.springframework.context.annotation.CommonAnnotationBeanPostProcessor.getResource(CommonAnnotationBeanPostProcessor.java:467)
	at org.springframework.context.annotation.CommonAnnotationBeanPostProcessor$ResourceElement.getResourceToInject(CommonAnnotationBeanPostProcessor.java:618)
	at org.springframework.beans.factory.annotation.InjectionMetadata$InjectedElement.inject(InjectionMetadata.java:242)
	at org.springframework.beans.factory.annotation.InjectionMetadata.inject(InjectionMetadata.java:133)
	at org.springframework.context.annotation.CommonAnnotationBeanPostProcessor.postProcessProperties(CommonAnnotationBeanPostProcessor.java:300)
	at org.springframework.beans.factory.support.AbstractAutowireCapableBeanFactory.populateBean(AbstractAutowireCapableBeanFactory.java:1397)
	at org.springframework.beans.factory.support.AbstractAutowireCapableBeanFactory.doCreateBean(AbstractAutowireCapableBeanFactory.java:598)
	at org.springframework.beans.factory.support.AbstractAutowireCapableBeanFactory.createBean(AbstractAutowireCapableBeanFactory.java:521)
	at org.springframework.beans.factory.support.AbstractBeanFactory.lambda$doGetBean$0(AbstractBeanFactory.java:326)
	at org.springframework.beans.factory.support.DefaultSingletonBeanRegistry.getSingleton(DefaultSingletonBeanRegistry.java:234)
	at org.springframework.beans.factory.support.AbstractBeanFactory.doGetBean(AbstractBeanFactory.java:324)
	at org.springframework.beans.factory.support.AbstractBeanFactory.getBean(AbstractBeanFactory.java:200)
	at org.springframework.beans.factory.config.DependencyDescriptor.resolveCandidate(DependencyDescriptor.java:254)
	at org.springframework.beans.factory.support.DefaultListableBeanFactory.doResolveDependency(DefaultListableBeanFactory.java:1405)
	at org.springframework.beans.factory.support.DefaultListableBeanFactory.resolveDependency(DefaultListableBeanFactory.java:1325)
	at org.springframework.context.annotation.CommonAnnotationBeanPostProcessor.autowireResource(CommonAnnotationBeanPostProcessor.java:490)
	at org.springframework.context.annotation.CommonAnnotationBeanPostProcessor.getResource(CommonAnnotationBeanPostProcessor.java:467)
	at org.springframework.context.annotation.CommonAnnotationBeanPostProcessor$ResourceElement.getResourceToInject(CommonAnnotationBeanPostProcessor.java:618)
	at org.springframework.beans.factory.annotation.InjectionMetadata$InjectedElement.inject(InjectionMetadata.java:242)
	at org.springframework.beans.factory.annotation.InjectionMetadata.inject(InjectionMetadata.java:133)
	at org.springframework.context.annotation.CommonAnnotationBeanPostProcessor.postProcessProperties(CommonAnnotationBeanPostProcessor.java:300)
	at org.springframework.beans.factory.support.AbstractAutowireCapableBeanFactory.populateBean(AbstractAutowireCapableBeanFactory.java:1397)
	at org.springframework.beans.factory.support.AbstractAutowireCapableBeanFactory.doCreateBean(AbstractAutowireCapableBeanFactory.java:598)
	at org.springframework.beans.factory.support.AbstractAutowireCapableBeanFactory.createBean(AbstractAutowireCapableBeanFactory.java:521)
	at org.springframework.beans.factory.support.AbstractBeanFactory.lambda$doGetBean$0(AbstractBeanFactory.java:326)
	at org.springframework.beans.factory.support.DefaultSingletonBeanRegistry.getSingleton(DefaultSingletonBeanRegistry.java:234)
	at org.springframework.beans.factory.support.AbstractBeanFactory.doGetBean(AbstractBeanFactory.java:324)
	at org.springframework.beans.factory.support.AbstractBeanFactory.getBean(AbstractBeanFactory.java:200)
	at org.springframework.beans.factory.support.DefaultListableBeanFactory.preInstantiateSingletons(DefaultListableBeanFactory.java:961)
	at org.springframework.context.support.AbstractApplicationContext.finishBeanFactoryInitialization(AbstractApplicationContext.java:915)
	at org.springframework.context.support.AbstractApplicationContext.refresh(AbstractApplicationContext.java:584)
	at org.springframework.boot.web.servlet.context.ServletWebServerApplicationContext.refresh(ServletWebServerApplicationContext.java:146)
	at org.springframework.boot.SpringApplication.refresh(SpringApplication.java:730)
	at org.springframework.boot.SpringApplication.refreshContext(SpringApplication.java:432)
	at org.springframework.boot.SpringApplication.run(SpringApplication.java:308)
	at org.springframework.boot.SpringApplication.run(SpringApplication.java:1302)
	at org.springframework.boot.SpringApplication.run(SpringApplication.java:1291)
	at com.dyc.xiaohashu.user.XiaohashuUserBizApplication.main(XiaohashuUserBizApplication.java:19)
Caused by: com.mysql.cj.exceptions.CJCommunicationsException: Communications link failure

The last packet sent successfully to the server was 0 milliseconds ago. The driver has not received any packets from the server.
	at java.base/jdk.internal.reflect.NativeConstructorAccessorImpl.newInstance0(Native Method)
	at java.base/jdk.internal.reflect.NativeConstructorAccessorImpl.newInstance(NativeConstructorAccessorImpl.java:77)
	at java.base/jdk.internal.reflect.DelegatingConstructorAccessorImpl.newInstance(DelegatingConstructorAccessorImpl.java:45)
	at java.base/java.lang.reflect.Constructor.newInstanceWithCaller(Constructor.java:499)
	at java.base/java.lang.reflect.Constructor.newInstance(Constructor.java:480)
	at com.mysql.cj.exceptions.ExceptionFactory.createException(ExceptionFactory.java:62)
	at com.mysql.cj.exceptions.ExceptionFactory.createException(ExceptionFactory.java:105)
	at com.mysql.cj.exceptions.ExceptionFactory.createException(ExceptionFactory.java:150)
	at com.mysql.cj.exceptions.ExceptionFactory.createCommunicationsException(ExceptionFactory.java:166)
	at com.mysql.cj.protocol.a.NativeSocketConnection.connect(NativeSocketConnection.java:89)
	at com.mysql.cj.NativeSession.connect(NativeSession.java:121)
	at com.mysql.cj.jdbc.ConnectionImpl.connectWithRetries(ConnectionImpl.java:839)
	... 84 common frames omitted
Caused by: java.net.SocketTimeoutException: Connect timed out
	at java.base/sun.nio.ch.NioSocketImpl.timedFinishConnect(NioSocketImpl.java:551)
	at java.base/sun.nio.ch.NioSocketImpl.connect(NioSocketImpl.java:602)
	at java.base/java.net.SocksSocketImpl.connect(SocksSocketImpl.java:327)
	at java.base/java.net.Socket.connect(Socket.java:633)
	at com.mysql.cj.protocol.StandardSocketFactory.connect(StandardSocketFactory.java:153)
	at com.mysql.cj.protocol.a.NativeSocketConnection.connect(NativeSocketConnection.java:63)
	... 86 common frames omitted
2026-08-24 11:23:23.610 [main] ERROR com.alibaba.druid.pool.DruidDataSource - {dataSource-1} init error
java.sql.SQLNonTransientConnectionException: Could not create connection to database server. Attempted reconnect 3 times. Giving up.
	at com.mysql.cj.jdbc.exceptions.SQLError.createSQLException(SQLError.java:111)
	at com.mysql.cj.jdbc.exceptions.SQLError.createSQLException(SQLError.java:98)
	at com.mysql.cj.jdbc.exceptions.SQLError.createSQLException(SQLError.java:90)
	at com.mysql.cj.jdbc.exceptions.SQLError.createSQLException(SQLError.java:64)
	at com.mysql.cj.jdbc.exceptions.SQLError.createSQLException(SQLError.java:74)
	at com.mysql.cj.jdbc.ConnectionImpl.connectWithRetries(ConnectionImpl.java:895)
	at com.mysql.cj.jdbc.ConnectionImpl.createNewIO(ConnectionImpl.java:820)
	at com.mysql.cj.jdbc.ConnectionImpl.<init>(ConnectionImpl.java:446)
	at com.mysql.cj.jdbc.ConnectionImpl.getInstance(ConnectionImpl.java:239)
	at com.mysql.cj.jdbc.NonRegisteringDriver.connect(NonRegisteringDriver.java:188)
	at com.alibaba.druid.filter.FilterChainImpl.connection_connect(FilterChainImpl.java:132)
	at com.alibaba.druid.filter.stat.StatFilter.connection_connect(StatFilter.java:244)
	at com.alibaba.druid.filter.FilterChainImpl.connection_connect(FilterChainImpl.java:126)
	at com.alibaba.druid.pool.DruidAbstractDataSource.createPhysicalConnection(DruidAbstractDataSource.java:1699)
	at com.alibaba.druid.pool.DruidAbstractDataSource.createPhysicalConnection(DruidAbstractDataSource.java:1794)
	at com.alibaba.druid.pool.DruidDataSource.init(DruidDataSource.java:936)
	at com.alibaba.druid.spring.boot3.autoconfigure.DruidDataSourceWrapper.afterPropertiesSet(DruidDataSourceWrapper.java:52)
	at org.springframework.beans.factory.support.AbstractAutowireCapableBeanFactory.invokeInitMethods(AbstractAutowireCapableBeanFactory.java:1797)
	at org.springframework.beans.factory.support.AbstractAutowireCapableBeanFactory.initializeBean(AbstractAutowireCapableBeanFactory.java:1747)
	at org.springframework.beans.factory.support.AbstractAutowireCapableBeanFactory.doCreateBean(AbstractAutowireCapableBeanFactory.java:599)
	at org.springframework.beans.factory.support.AbstractAutowireCapableBeanFactory.createBean(AbstractAutowireCapableBeanFactory.java:521)
	at org.springframework.beans.factory.support.AbstractBeanFactory.lambda$doGetBean$0(AbstractBeanFactory.java:326)
	at org.springframework.beans.factory.support.DefaultSingletonBeanRegistry.getSingleton(DefaultSingletonBeanRegistry.java:234)
	at org.springframework.beans.factory.support.AbstractBeanFactory.doGetBean(AbstractBeanFactory.java:324)
	at org.springframework.beans.factory.support.AbstractBeanFactory.getBean(AbstractBeanFactory.java:200)
	at org.springframework.beans.factory.config.DependencyDescriptor.resolveCandidate(DependencyDescriptor.java:254)
	at org.springframework.beans.factory.support.DefaultListableBeanFactory.doResolveDependency(DefaultListableBeanFactory.java:1405)
	at org.springframework.beans.factory.support.DefaultListableBeanFactory.resolveDependency(DefaultListableBeanFactory.java:1325)
	at org.springframework.beans.factory.support.ConstructorResolver.resolveAutowiredArgument(ConstructorResolver.java:885)
	at org.springframework.beans.factory.support.ConstructorResolver.createArgumentArray(ConstructorResolver.java:789)
	at org.springframework.beans.factory.support.ConstructorResolver.instantiateUsingFactoryMethod(ConstructorResolver.java:548)
	at org.springframework.beans.factory.support.AbstractAutowireCapableBeanFactory.instantiateUsingFactoryMethod(AbstractAutowireCapableBeanFactory.java:1324)
	at org.springframework.beans.factory.support.AbstractAutowireCapableBeanFactory.createBeanInstance(AbstractAutowireCapableBeanFactory.java:1161)
	at org.springframework.beans.factory.support.AbstractAutowireCapableBeanFactory.doCreateBean(AbstractAutowireCapableBeanFactory.java:561)
	at org.springframework.beans.factory.support.AbstractAutowireCapableBeanFactory.createBean(AbstractAutowireCapableBeanFactory.java:521)
	at org.springframework.beans.factory.support.AbstractBeanFactory.lambda$doGetBean$0(AbstractBeanFactory.java:326)
	at org.springframework.beans.factory.support.DefaultSingletonBeanRegistry.getSingleton(DefaultSingletonBeanRegistry.java:234)
	at org.springframework.beans.factory.support.AbstractBeanFactory.doGetBean(AbstractBeanFactory.java:324)
	at org.springframework.beans.factory.support.AbstractBeanFactory.getBean(AbstractBeanFactory.java:200)
	at org.springframework.beans.factory.config.DependencyDescriptor.resolveCandidate(DependencyDescriptor.java:254)
	at org.springframework.beans.factory.support.DefaultListableBeanFactory.doResolveDependency(DefaultListableBeanFactory.java:1405)
	at org.springframework.beans.factory.support.DefaultListableBeanFactory.resolveDependency(DefaultListableBeanFactory.java:1325)
	at org.springframework.beans.factory.support.AbstractAutowireCapableBeanFactory.autowireByType(AbstractAutowireCapableBeanFactory.java:1479)
	at org.springframework.beans.factory.support.AbstractAutowireCapableBeanFactory.populateBean(AbstractAutowireCapableBeanFactory.java:1388)
	at org.springframework.beans.factory.support.AbstractAutowireCapableBeanFactory.doCreateBean(AbstractAutowireCapableBeanFactory.java:598)
	at org.springframework.beans.factory.support.AbstractAutowireCapableBeanFactory.createBean(AbstractAutowireCapableBeanFactory.java:521)
	at org.springframework.beans.factory.support.AbstractBeanFactory.lambda$doGetBean$0(AbstractBeanFactory.java:326)
	at org.springframework.beans.factory.support.DefaultSingletonBeanRegistry.getSingleton(DefaultSingletonBeanRegistry.java:234)
	at org.springframework.beans.factory.support.AbstractBeanFactory.doGetBean(AbstractBeanFactory.java:324)
	at org.springframework.beans.factory.support.AbstractBeanFactory.getBean(AbstractBeanFactory.java:205)
	at org.springframework.beans.factory.support.AbstractAutowireCapableBeanFactory.resolveBeanByName(AbstractAutowireCapableBeanFactory.java:458)
	at org.springframework.context.annotation.CommonAnnotationBeanPostProcessor.autowireResource(CommonAnnotationBeanPostProcessor.java:496)
	at org.springframework.context.annotation.CommonAnnotationBeanPostProcessor.getResource(CommonAnnotationBeanPostProcessor.java:467)
	at org.springframework.context.annotation.CommonAnnotationBeanPostProcessor$ResourceElement.getResourceToInject(CommonAnnotationBeanPostProcessor.java:618)
	at org.springframework.beans.factory.annotation.InjectionMetadata$InjectedElement.inject(InjectionMetadata.java:242)
	at org.springframework.beans.factory.annotation.InjectionMetadata.inject(InjectionMetadata.java:133)
	at org.springframework.context.annotation.CommonAnnotationBeanPostProcessor.postProcessProperties(CommonAnnotationBeanPostProcessor.java:300)
	at org.springframework.beans.factory.support.AbstractAutowireCapableBeanFactory.populateBean(AbstractAutowireCapableBeanFactory.java:1397)
	at org.springframework.beans.factory.support.AbstractAutowireCapableBeanFactory.doCreateBean(AbstractAutowireCapableBeanFactory.java:598)
	at org.springframework.beans.factory.support.AbstractAutowireCapableBeanFactory.createBean(AbstractAutowireCapableBeanFactory.java:521)
	at org.springframework.beans.factory.support.AbstractBeanFactory.lambda$doGetBean$0(AbstractBeanFactory.java:326)
	at org.springframework.beans.factory.support.DefaultSingletonBeanRegistry.getSingleton(DefaultSingletonBeanRegistry.java:234)
	at org.springframework.beans.factory.support.AbstractBeanFactory.doGetBean(AbstractBeanFactory.java:324)
	at org.springframework.beans.factory.support.AbstractBeanFactory.getBean(AbstractBeanFactory.java:200)
	at org.springframework.beans.factory.config.DependencyDescriptor.resolveCandidate(DependencyDescriptor.java:254)
	at org.springframework.beans.factory.support.DefaultListableBeanFactory.doResolveDependency(DefaultListableBeanFactory.java:1405)
	at org.springframework.beans.factory.support.DefaultListableBeanFactory.resolveDependency(DefaultListableBeanFactory.java:1325)
	at org.springframework.context.annotation.CommonAnnotationBeanPostProcessor.autowireResource(CommonAnnotationBeanPostProcessor.java:490)
	at org.springframework.context.annotation.CommonAnnotationBeanPostProcessor.getResource(CommonAnnotationBeanPostProcessor.java:467)
	at org.springframework.context.annotation.CommonAnnotationBeanPostProcessor$ResourceElement.getResourceToInject(CommonAnnotationBeanPostProcessor.java:618)
	at org.springframework.beans.factory.annotation.InjectionMetadata$InjectedElement.inject(InjectionMetadata.java:242)
	at org.springframework.beans.factory.annotation.InjectionMetadata.inject(InjectionMetadata.java:133)
	at org.springframework.context.annotation.CommonAnnotationBeanPostProcessor.postProcessProperties(CommonAnnotationBeanPostProcessor.java:300)
	at org.springframework.beans.factory.support.AbstractAutowireCapableBeanFactory.populateBean(AbstractAutowireCapableBeanFactory.java:1397)
	at org.springframework.beans.factory.support.AbstractAutowireCapableBeanFactory.doCreateBean(AbstractAutowireCapableBeanFactory.java:598)
	at org.springframework.beans.factory.support.AbstractAutowireCapableBeanFactory.createBean(AbstractAutowireCapableBeanFactory.java:521)
	at org.springframework.beans.factory.support.AbstractBeanFactory.lambda$doGetBean$0(AbstractBeanFactory.java:326)
	at org.springframework.beans.factory.support.DefaultSingletonBeanRegistry.getSingleton(DefaultSingletonBeanRegistry.java:234)
	at org.springframework.beans.factory.support.AbstractBeanFactory.doGetBean(AbstractBeanFactory.java:324)
	at org.springframework.beans.factory.support.AbstractBeanFactory.getBean(AbstractBeanFactory.java:200)
	at org.springframework.beans.factory.support.DefaultListableBeanFactory.preInstantiateSingletons(DefaultListableBeanFactory.java:961)
	at org.springframework.context.support.AbstractApplicationContext.finishBeanFactoryInitialization(AbstractApplicationContext.java:915)
	at org.springframework.context.support.AbstractApplicationContext.refresh(AbstractApplicationContext.java:584)
	at org.springframework.boot.web.servlet.context.ServletWebServerApplicationContext.refresh(ServletWebServerApplicationContext.java:146)
	at org.springframework.boot.SpringApplication.refresh(SpringApplication.java:730)
	at org.springframework.boot.SpringApplication.refreshContext(SpringApplication.java:432)
	at org.springframework.boot.SpringApplication.run(SpringApplication.java:308)
	at org.springframework.boot.SpringApplication.run(SpringApplication.java:1302)
	at org.springframework.boot.SpringApplication.run(SpringApplication.java:1291)
	at com.dyc.xiaohashu.user.XiaohashuUserBizApplication.main(XiaohashuUserBizApplication.java:19)
Caused by: com.mysql.cj.exceptions.CJCommunicationsException: Communications link failure

The last packet sent successfully to the server was 0 milliseconds ago. The driver has not received any packets from the server.
	at java.base/jdk.internal.reflect.NativeConstructorAccessorImpl.newInstance0(Native Method)
	at java.base/jdk.internal.reflect.NativeConstructorAccessorImpl.newInstance(NativeConstructorAccessorImpl.java:77)
	at java.base/jdk.internal.reflect.DelegatingConstructorAccessorImpl.newInstance(DelegatingConstructorAccessorImpl.java:45)
	at java.base/java.lang.reflect.Constructor.newInstanceWithCaller(Constructor.java:499)
	at java.base/java.lang.reflect.Constructor.newInstance(Constructor.java:480)
	at com.mysql.cj.exceptions.ExceptionFactory.createException(ExceptionFactory.java:62)
	at com.mysql.cj.exceptions.ExceptionFactory.createException(ExceptionFactory.java:105)
	at com.mysql.cj.exceptions.ExceptionFactory.createException(ExceptionFactory.java:150)
	at com.mysql.cj.exceptions.ExceptionFactory.createCommunicationsException(ExceptionFactory.java:166)
	at com.mysql.cj.protocol.a.NativeSocketConnection.connect(NativeSocketConnection.java:89)
	at com.mysql.cj.NativeSession.connect(NativeSession.java:121)
	at com.mysql.cj.jdbc.ConnectionImpl.connectWithRetries(ConnectionImpl.java:839)
	... 84 common frames omitted
Caused by: java.net.SocketTimeoutException: Connect timed out
	at java.base/sun.nio.ch.NioSocketImpl.timedFinishConnect(NioSocketImpl.java:551)
	at java.base/sun.nio.ch.NioSocketImpl.connect(NioSocketImpl.java:602)
	at java.base/java.net.SocksSocketImpl.connect(SocksSocketImpl.java:327)
	at java.base/java.net.Socket.connect(Socket.java:633)
	at com.mysql.cj.protocol.StandardSocketFactory.connect(StandardSocketFactory.java:153)
	at com.mysql.cj.protocol.a.NativeSocketConnection.connect(NativeSocketConnection.java:63)
	... 86 common frames omitted
2026-08-24 11:23:23.610 [main] INFO  com.alibaba.druid.pool.DruidDataSource - {dataSource-1} inited
2026-08-24 11:23:23.611 [main] WARN  o.s.b.w.s.c.AnnotationConfigServletWebServerApplicationContext - Exception encountered during context initialization - cancelling refresh attempt: org.springframework.beans.factory.BeanCreationException: Error creating bean with name 'userController': Injection of resource dependencies failed
2026-08-24 11:23:23.612 [main] INFO  org.apache.catalina.core.StandardService - Stopping service [Tomcat]
2026-08-24 11:23:23.633 [main] INFO  o.s.b.a.logging.ConditionEvaluationReportLogger - 

Error starting ApplicationContext. To display the condition evaluation report re-run your application with 'debug' enabled.
2026-08-24 11:23:23.645 [main] ERROR org.springframework.boot.SpringApplication - Application run failed
org.springframework.beans.factory.BeanCreationException: Error creating bean with name 'userController': Injection of resource dependencies failed
	at org.springframework.context.annotation.CommonAnnotationBeanPostProcessor.postProcessProperties(CommonAnnotationBeanPostProcessor.java:303)
	at org.springframework.beans.factory.support.AbstractAutowireCapableBeanFactory.populateBean(AbstractAutowireCapableBeanFactory.java:1397)
	at org.springframework.beans.factory.support.AbstractAutowireCapableBeanFactory.doCreateBean(AbstractAutowireCapableBeanFactory.java:598)
	at org.springframework.beans.factory.support.AbstractAutowireCapableBeanFactory.createBean(AbstractAutowireCapableBeanFactory.java:521)
	at org.springframework.beans.factory.support.AbstractBeanFactory.lambda$doGetBean$0(AbstractBeanFactory.java:326)
	at org.springframework.beans.factory.support.DefaultSingletonBeanRegistry.getSingleton(DefaultSingletonBeanRegistry.java:234)
	at org.springframework.beans.factory.support.AbstractBeanFactory.doGetBean(AbstractBeanFactory.java:324)
	at org.springframework.beans.factory.support.AbstractBeanFactory.getBean(AbstractBeanFactory.java:200)
	at org.springframework.beans.factory.support.DefaultListableBeanFactory.preInstantiateSingletons(DefaultListableBeanFactory.java:961)
	at org.springframework.context.support.AbstractApplicationContext.finishBeanFactoryInitialization(AbstractApplicationContext.java:915)
	at org.springframework.context.support.AbstractApplicationContext.refresh(AbstractApplicationContext.java:584)
	at org.springframework.boot.web.servlet.context.ServletWebServerApplicationContext.refresh(ServletWebServerApplicationContext.java:146)
	at org.springframework.boot.SpringApplication.refresh(SpringApplication.java:730)
	at org.springframework.boot.SpringApplication.refreshContext(SpringApplication.java:432)
	at org.springframework.boot.SpringApplication.run(SpringApplication.java:308)
	at org.springframework.boot.SpringApplication.run(SpringApplication.java:1302)
	at org.springframework.boot.SpringApplication.run(SpringApplication.java:1291)
	at com.dyc.xiaohashu.user.XiaohashuUserBizApplication.main(XiaohashuUserBizApplication.java:19)
Caused by: org.springframework.beans.factory.BeanCreationException: Error creating bean with name 'userServiceImpl': Injection of resource dependencies failed
	at org.springframework.context.annotation.CommonAnnotationBeanPostProcessor.postProcessProperties(CommonAnnotationBeanPostProcessor.java:303)
	at org.springframework.beans.factory.support.AbstractAutowireCapableBeanFactory.populateBean(AbstractAutowireCapableBeanFactory.java:1397)
	at org.springframework.beans.factory.support.AbstractAutowireCapableBeanFactory.doCreateBean(AbstractAutowireCapableBeanFactory.java:598)
	at org.springframework.beans.factory.support.AbstractAutowireCapableBeanFactory.createBean(AbstractAutowireCapableBeanFactory.java:521)
	at org.springframework.beans.factory.support.AbstractBeanFactory.lambda$doGetBean$0(AbstractBeanFactory.java:326)
	at org.springframework.beans.factory.support.DefaultSingletonBeanRegistry.getSingleton(DefaultSingletonBeanRegistry.java:234)
	at org.springframework.beans.factory.support.AbstractBeanFactory.doGetBean(AbstractBeanFactory.java:324)
	at org.springframework.beans.factory.support.AbstractBeanFactory.getBean(AbstractBeanFactory.java:200)
	at org.springframework.beans.factory.config.DependencyDescriptor.resolveCandidate(DependencyDescriptor.java:254)
	at org.springframework.beans.factory.support.DefaultListableBeanFactory.doResolveDependency(DefaultListableBeanFactory.java:1405)
	at org.springframework.beans.factory.support.DefaultListableBeanFactory.resolveDependency(DefaultListableBeanFactory.java:1325)
	at org.springframework.context.annotation.CommonAnnotationBeanPostProcessor.autowireResource(CommonAnnotationBeanPostProcessor.java:490)
	at org.springframework.context.annotation.CommonAnnotationBeanPostProcessor.getResource(CommonAnnotationBeanPostProcessor.java:467)
	at org.springframework.context.annotation.CommonAnnotationBeanPostProcessor$ResourceElement.getResourceToInject(CommonAnnotationBeanPostProcessor.java:618)
	at org.springframework.beans.factory.annotation.InjectionMetadata$InjectedElement.inject(InjectionMetadata.java:242)
	at org.springframework.beans.factory.annotation.InjectionMetadata.inject(InjectionMetadata.java:133)
	at org.springframework.context.annotation.CommonAnnotationBeanPostProcessor.postProcessProperties(CommonAnnotationBeanPostProcessor.java:300)
	... 17 common frames omitted
Caused by: org.springframework.beans.factory.UnsatisfiedDependencyException: Error creating bean with name 'userDOMapper' defined in file [E:\CodeDir\xiaohashu\xiaohashu-user\xiaohashu-user-biz\target\classes\com\dyc\xiaohashu\user\domain\mapper\UserDOMapper.class]: Unsatisfied dependency expressed through bean property 'sqlSessionFactory': Error creating bean with name 'sqlSessionFactory' defined in class path resource [org/mybatis/spring/boot/autoconfigure/MybatisAutoConfiguration.class]: Unsatisfied dependency expressed through method 'sqlSessionFactory' parameter 0: Error creating bean with name 'dataSource' defined in class path resource [com/alibaba/druid/spring/boot3/autoconfigure/DruidDataSourceAutoConfigure.class]: Could not create connection to database server. Attempted reconnect 3 times. Giving up.
	at org.springframework.beans.factory.support.AbstractAutowireCapableBeanFactory.autowireByType(AbstractAutowireCapableBeanFactory.java:1494)
	at org.springframework.beans.factory.support.AbstractAutowireCapableBeanFactory.populateBean(AbstractAutowireCapableBeanFactory.java:1388)
	at org.springframework.beans.factory.support.AbstractAutowireCapableBeanFactory.doCreateBean(AbstractAutowireCapableBeanFactory.java:598)
	at org.springframework.beans.factory.support.AbstractAutowireCapableBeanFactory.createBean(AbstractAutowireCapableBeanFactory.java:521)
	at org.springframework.beans.factory.support.AbstractBeanFactory.lambda$doGetBean$0(AbstractBeanFactory.java:326)
	at org.springframework.beans.factory.support.DefaultSingletonBeanRegistry.getSingleton(DefaultSingletonBeanRegistry.java:234)
	at org.springframework.beans.factory.support.AbstractBeanFactory.doGetBean(AbstractBeanFactory.java:324)
	at org.springframework.beans.factory.support.AbstractBeanFactory.getBean(AbstractBeanFactory.java:205)
	at org.springframework.beans.factory.support.AbstractAutowireCapableBeanFactory.resolveBeanByName(AbstractAutowireCapableBeanFactory.java:458)
	at org.springframework.context.annotation.CommonAnnotationBeanPostProcessor.autowireResource(CommonAnnotationBeanPostProcessor.java:496)
	at org.springframework.context.annotation.CommonAnnotationBeanPostProcessor.getResource(CommonAnnotationBeanPostProcessor.java:467)
	at org.springframework.context.annotation.CommonAnnotationBeanPostProcessor$ResourceElement.getResourceToInject(CommonAnnotationBeanPostProcessor.java:618)
	at org.springframework.beans.factory.annotation.InjectionMetadata$InjectedElement.inject(InjectionMetadata.java:242)
	at org.springframework.beans.factory.annotation.InjectionMetadata.inject(InjectionMetadata.java:133)
	at org.springframework.context.annotation.CommonAnnotationBeanPostProcessor.postProcessProperties(CommonAnnotationBeanPostProcessor.java:300)
	... 33 common frames omitted
Caused by: org.springframework.beans.factory.UnsatisfiedDependencyException: Error creating bean with name 'sqlSessionFactory' defined in class path resource [org/mybatis/spring/boot/autoconfigure/MybatisAutoConfiguration.class]: Unsatisfied dependency expressed through method 'sqlSessionFactory' parameter 0: Error creating bean with name 'dataSource' defined in class path resource [com/alibaba/druid/spring/boot3/autoconfigure/DruidDataSourceAutoConfigure.class]: Could not create connection to database server. Attempted reconnect 3 times. Giving up.
	at org.springframework.beans.factory.support.ConstructorResolver.createArgumentArray(ConstructorResolver.java:798)
	at org.springframework.beans.factory.support.ConstructorResolver.instantiateUsingFactoryMethod(ConstructorResolver.java:548)
	at org.springframework.beans.factory.support.AbstractAutowireCapableBeanFactory.instantiateUsingFactoryMethod(AbstractAutowireCapableBeanFactory.java:1324)
	at org.springframework.beans.factory.support.AbstractAutowireCapableBeanFactory.createBeanInstance(AbstractAutowireCapableBeanFactory.java:1161)
	at org.springframework.beans.factory.support.AbstractAutowireCapableBeanFactory.doCreateBean(AbstractAutowireCapableBeanFactory.java:561)
	at org.springframework.beans.factory.support.AbstractAutowireCapableBeanFactory.createBean(AbstractAutowireCapableBeanFactory.java:521)
	at org.springframework.beans.factory.support.AbstractBeanFactory.lambda$doGetBean$0(AbstractBeanFactory.java:326)
	at org.springframework.beans.factory.support.DefaultSingletonBeanRegistry.getSingleton(DefaultSingletonBeanRegistry.java:234)
	at org.springframework.beans.factory.support.AbstractBeanFactory.doGetBean(AbstractBeanFactory.java:324)
	at org.springframework.beans.factory.support.AbstractBeanFactory.getBean(AbstractBeanFactory.java:200)
	at org.springframework.beans.factory.config.DependencyDescriptor.resolveCandidate(DependencyDescriptor.java:254)
	at org.springframework.beans.factory.support.DefaultListableBeanFactory.doResolveDependency(DefaultListableBeanFactory.java:1405)
	at org.springframework.beans.factory.support.DefaultListableBeanFactory.resolveDependency(DefaultListableBeanFactory.java:1325)
	at org.springframework.beans.factory.support.AbstractAutowireCapableBeanFactory.autowireByType(AbstractAutowireCapableBeanFactory.java:1479)
	... 47 common frames omitted
Caused by: org.springframework.beans.factory.BeanCreationException: Error creating bean with name 'dataSource' defined in class path resource [com/alibaba/druid/spring/boot3/autoconfigure/DruidDataSourceAutoConfigure.class]: Could not create connection to database server. Attempted reconnect 3 times. Giving up.
	at org.springframework.beans.factory.support.AbstractAutowireCapableBeanFactory.initializeBean(AbstractAutowireCapableBeanFactory.java:1751)
	at org.springframework.beans.factory.support.AbstractAutowireCapableBeanFactory.doCreateBean(AbstractAutowireCapableBeanFactory.java:599)
	at org.springframework.beans.factory.support.AbstractAutowireCapableBeanFactory.createBean(AbstractAutowireCapableBeanFactory.java:521)
	at org.springframework.beans.factory.support.AbstractBeanFactory.lambda$doGetBean$0(AbstractBeanFactory.java:326)
	at org.springframework.beans.factory.support.DefaultSingletonBeanRegistry.getSingleton(DefaultSingletonBeanRegistry.java:234)
	at org.springframework.beans.factory.support.AbstractBeanFactory.doGetBean(AbstractBeanFactory.java:324)
	at org.springframework.beans.factory.support.AbstractBeanFactory.getBean(AbstractBeanFactory.java:200)
	at org.springframework.beans.factory.config.DependencyDescriptor.resolveCandidate(DependencyDescriptor.java:254)
	at org.springframework.beans.factory.support.DefaultListableBeanFactory.doResolveDependency(DefaultListableBeanFactory.java:1405)
	at org.springframework.beans.factory.support.DefaultListableBeanFactory.resolveDependency(DefaultListableBeanFactory.java:1325)
	at org.springframework.beans.factory.support.ConstructorResolver.resolveAutowiredArgument(ConstructorResolver.java:885)
	at org.springframework.beans.factory.support.ConstructorResolver.createArgumentArray(ConstructorResolver.java:789)
	... 60 common frames omitted
Caused by: java.sql.SQLNonTransientConnectionException: Could not create connection to database server. Attempted reconnect 3 times. Giving up.
	at com.mysql.cj.jdbc.exceptions.SQLError.createSQLException(SQLError.java:111)
	at com.mysql.cj.jdbc.exceptions.SQLError.createSQLException(SQLError.java:98)
	at com.mysql.cj.jdbc.exceptions.SQLError.createSQLException(SQLError.java:90)
	at com.mysql.cj.jdbc.exceptions.SQLError.createSQLException(SQLError.java:64)
	at com.mysql.cj.jdbc.exceptions.SQLError.createSQLException(SQLError.java:74)
	at com.mysql.cj.jdbc.ConnectionImpl.connectWithRetries(ConnectionImpl.java:895)
	at com.mysql.cj.jdbc.ConnectionImpl.createNewIO(ConnectionImpl.java:820)
	at com.mysql.cj.jdbc.ConnectionImpl.<init>(ConnectionImpl.java:446)
	at com.mysql.cj.jdbc.ConnectionImpl.getInstance(ConnectionImpl.java:239)
	at com.mysql.cj.jdbc.NonRegisteringDriver.connect(NonRegisteringDriver.java:188)
	at com.alibaba.druid.filter.FilterChainImpl.connection_connect(FilterChainImpl.java:132)
	at com.alibaba.druid.filter.stat.StatFilter.connection_connect(StatFilter.java:244)
	at com.alibaba.druid.filter.FilterChainImpl.connection_connect(FilterChainImpl.java:126)
	at com.alibaba.druid.pool.DruidAbstractDataSource.createPhysicalConnection(DruidAbstractDataSource.java:1699)
	at com.alibaba.druid.pool.DruidAbstractDataSource.createPhysicalConnection(DruidAbstractDataSource.java:1794)
	at com.alibaba.druid.pool.DruidDataSource.init(DruidDataSource.java:936)
	at com.alibaba.druid.spring.boot3.autoconfigure.DruidDataSourceWrapper.afterPropertiesSet(DruidDataSourceWrapper.java:52)
	at org.springframework.beans.factory.support.AbstractAutowireCapableBeanFactory.invokeInitMethods(AbstractAutowireCapableBeanFactory.java:1797)
	at org.springframework.beans.factory.support.AbstractAutowireCapableBeanFactory.initializeBean(AbstractAutowireCapableBeanFactory.java:1747)
	... 71 common frames omitted
Caused by: com.mysql.cj.exceptions.CJCommunicationsException: Communications link failure

The last packet sent successfully to the server was 0 milliseconds ago. The driver has not received any packets from the server.
	at java.base/jdk.internal.reflect.NativeConstructorAccessorImpl.newInstance0(Native Method)
	at java.base/jdk.internal.reflect.NativeConstructorAccessorImpl.newInstance(NativeConstructorAccessorImpl.java:77)
	at java.base/jdk.internal.reflect.DelegatingConstructorAccessorImpl.newInstance(DelegatingConstructorAccessorImpl.java:45)
	at java.base/java.lang.reflect.Constructor.newInstanceWithCaller(Constructor.java:499)
	at java.base/java.lang.reflect.Constructor.newInstance(Constructor.java:480)
	at com.mysql.cj.exceptions.ExceptionFactory.createException(ExceptionFactory.java:62)
	at com.mysql.cj.exceptions.ExceptionFactory.createException(ExceptionFactory.java:105)
	at com.mysql.cj.exceptions.ExceptionFactory.createException(ExceptionFactory.java:150)
	at com.mysql.cj.exceptions.ExceptionFactory.createCommunicationsException(ExceptionFactory.java:166)
	at com.mysql.cj.protocol.a.NativeSocketConnection.connect(NativeSocketConnection.java:89)
	at com.mysql.cj.NativeSession.connect(NativeSession.java:121)
	at com.mysql.cj.jdbc.ConnectionImpl.connectWithRetries(ConnectionImpl.java:839)
	... 84 common frames omitted
Caused by: java.net.SocketTimeoutException: Connect timed out
	at java.base/sun.nio.ch.NioSocketImpl.timedFinishConnect(NioSocketImpl.java:551)
	at java.base/sun.nio.ch.NioSocketImpl.connect(NioSocketImpl.java:602)
	at java.base/java.net.SocksSocketImpl.connect(SocksSocketImpl.java:327)
	at java.base/java.net.Socket.connect(Socket.java:633)
	at com.mysql.cj.protocol.StandardSocketFactory.connect(StandardSocketFactory.java:153)
	at com.mysql.cj.protocol.a.NativeSocketConnection.connect(NativeSocketConnection.java:63)
	... 86 common frames omitted
2026-08-24 11:24:01.250 [main] WARN  com.alibaba.nacos.client.logging.NacosLogging - Load Logback Configuration of Nacos fail, message: Could not initialize Logback Nacos logging from classpath:nacos-logback.xml
2026-08-24 11:24:01.293 [main] WARN  com.alibaba.nacos.client.logging.NacosLogging - Load Logback Configuration of Nacos fail, message: Could not initialize Logback Nacos logging from classpath:nacos-logback.xml
2026-08-24 11:24:01.298 [main] INFO  c.dyc.xiaohashu.user.XiaohashuUserBizApplication - Starting XiaohashuUserBizApplication using Java 17.0.12 with PID 56776 (E:\CodeDir\xiaohashu\xiaohashu-user\xiaohashu-user-biz\target\classes started by DYC in E:\CodeDir\xiaohashu)
2026-08-24 11:24:01.299 [main] INFO  c.dyc.xiaohashu.user.XiaohashuUserBizApplication - The following 1 profile is active: "dev"
2026-08-24 11:24:01.753 [main] INFO  o.s.d.r.config.RepositoryConfigurationDelegate - Multiple Spring Data modules found, entering strict repository configuration mode
2026-08-24 11:24:01.755 [main] INFO  o.s.d.r.config.RepositoryConfigurationDelegate - Bootstrapping Spring Data Redis repositories in DEFAULT mode.
2026-08-24 11:24:01.774 [main] INFO  o.s.d.r.config.RepositoryConfigurationDelegate - Finished Spring Data repository scanning in 9 ms. Found 0 Redis repository interfaces.
2026-08-24 11:24:01.899 [main] INFO  o.springframework.cloud.context.scope.GenericScope - BeanFactory id=1aabda62-10a2-38c1-8492-febb319e5ef9
2026-08-24 11:24:01.925 [main] INFO  o.s.c.s.PostProcessorRegistrationDelegate$BeanPostProcessorChecker - Bean 'com.dyc.xiaohashu.oss.api.FileFeignApi' of type [org.springframework.cloud.openfeign.FeignClientFactoryBean] is not eligible for getting processed by all BeanPostProcessors (for example: not eligible for auto-proxying)
2026-08-24 11:24:02.136 [main] INFO  o.s.boot.web.embedded.tomcat.TomcatWebServer - Tomcat initialized with port(s): 8082 (http)
2026-08-24 11:24:02.142 [main] INFO  org.apache.catalina.core.StandardService - Starting service [Tomcat]
2026-08-24 11:24:02.142 [main] INFO  org.apache.catalina.core.StandardEngine - Starting Servlet engine: [Apache Tomcat/10.1.5]
2026-08-24 11:24:02.195 [main] INFO  o.a.c.core.ContainerBase.[Tomcat].[localhost].[/] - Initializing Spring embedded WebApplicationContext
2026-08-24 11:24:02.196 [main] INFO  o.s.b.w.s.c.ServletWebServerApplicationContext - Root WebApplicationContext: initialization completed in 866 ms
2026-08-24 11:24:02.258 [main] INFO  c.a.d.s.b.a.DruidDataSourceAutoConfigure - Init DruidDataSource
2026-08-24 11:24:06.475 [main] ERROR com.alibaba.druid.pool.DruidDataSource - init datasource error, url: jdbc:mysql://localhost:3306/xiaohashu?useUnicode=true&characterEncoding=utf-8&autoReconnect=true&useSSL=false&serverTimezone=Asia/Shanghai&allowPublicKeyRetrieval=true
java.sql.SQLNonTransientConnectionException: Could not create connection to database server. Attempted reconnect 3 times. Giving up.
	at com.mysql.cj.jdbc.exceptions.SQLError.createSQLException(SQLError.java:111)
	at com.mysql.cj.jdbc.exceptions.SQLError.createSQLException(SQLError.java:98)
	at com.mysql.cj.jdbc.exceptions.SQLError.createSQLException(SQLError.java:90)
	at com.mysql.cj.jdbc.exceptions.SQLError.createSQLException(SQLError.java:64)
	at com.mysql.cj.jdbc.exceptions.SQLError.createSQLException(SQLError.java:74)
	at com.mysql.cj.jdbc.ConnectionImpl.connectWithRetries(ConnectionImpl.java:895)
	at com.mysql.cj.jdbc.ConnectionImpl.createNewIO(ConnectionImpl.java:820)
	at com.mysql.cj.jdbc.ConnectionImpl.<init>(ConnectionImpl.java:446)
	at com.mysql.cj.jdbc.ConnectionImpl.getInstance(ConnectionImpl.java:239)
	at com.mysql.cj.jdbc.NonRegisteringDriver.connect(NonRegisteringDriver.java:188)
	at com.alibaba.druid.filter.FilterChainImpl.connection_connect(FilterChainImpl.java:132)
	at com.alibaba.druid.filter.stat.StatFilter.connection_connect(StatFilter.java:244)
	at com.alibaba.druid.filter.FilterChainImpl.connection_connect(FilterChainImpl.java:126)
	at com.alibaba.druid.pool.DruidAbstractDataSource.createPhysicalConnection(DruidAbstractDataSource.java:1699)
	at com.alibaba.druid.pool.DruidAbstractDataSource.createPhysicalConnection(DruidAbstractDataSource.java:1794)
	at com.alibaba.druid.pool.DruidDataSource.init(DruidDataSource.java:936)
	at com.alibaba.druid.spring.boot3.autoconfigure.DruidDataSourceWrapper.afterPropertiesSet(DruidDataSourceWrapper.java:52)
	at org.springframework.beans.factory.support.AbstractAutowireCapableBeanFactory.invokeInitMethods(AbstractAutowireCapableBeanFactory.java:1797)
	at org.springframework.beans.factory.support.AbstractAutowireCapableBeanFactory.initializeBean(AbstractAutowireCapableBeanFactory.java:1747)
	at org.springframework.beans.factory.support.AbstractAutowireCapableBeanFactory.doCreateBean(AbstractAutowireCapableBeanFactory.java:599)
	at org.springframework.beans.factory.support.AbstractAutowireCapableBeanFactory.createBean(AbstractAutowireCapableBeanFactory.java:521)
	at org.springframework.beans.factory.support.AbstractBeanFactory.lambda$doGetBean$0(AbstractBeanFactory.java:326)
	at org.springframework.beans.factory.support.DefaultSingletonBeanRegistry.getSingleton(DefaultSingletonBeanRegistry.java:234)
	at org.springframework.beans.factory.support.AbstractBeanFactory.doGetBean(AbstractBeanFactory.java:324)
	at org.springframework.beans.factory.support.AbstractBeanFactory.getBean(AbstractBeanFactory.java:200)
	at org.springframework.beans.factory.config.DependencyDescriptor.resolveCandidate(DependencyDescriptor.java:254)
	at org.springframework.beans.factory.support.DefaultListableBeanFactory.doResolveDependency(DefaultListableBeanFactory.java:1405)
	at org.springframework.beans.factory.support.DefaultListableBeanFactory.resolveDependency(DefaultListableBeanFactory.java:1325)
	at org.springframework.beans.factory.support.ConstructorResolver.resolveAutowiredArgument(ConstructorResolver.java:885)
	at org.springframework.beans.factory.support.ConstructorResolver.createArgumentArray(ConstructorResolver.java:789)
	at org.springframework.beans.factory.support.ConstructorResolver.instantiateUsingFactoryMethod(ConstructorResolver.java:548)
	at org.springframework.beans.factory.support.AbstractAutowireCapableBeanFactory.instantiateUsingFactoryMethod(AbstractAutowireCapableBeanFactory.java:1324)
	at org.springframework.beans.factory.support.AbstractAutowireCapableBeanFactory.createBeanInstance(AbstractAutowireCapableBeanFactory.java:1161)
	at org.springframework.beans.factory.support.AbstractAutowireCapableBeanFactory.doCreateBean(AbstractAutowireCapableBeanFactory.java:561)
	at org.springframework.beans.factory.support.AbstractAutowireCapableBeanFactory.createBean(AbstractAutowireCapableBeanFactory.java:521)
	at org.springframework.beans.factory.support.AbstractBeanFactory.lambda$doGetBean$0(AbstractBeanFactory.java:326)
	at org.springframework.beans.factory.support.DefaultSingletonBeanRegistry.getSingleton(DefaultSingletonBeanRegistry.java:234)
	at org.springframework.beans.factory.support.AbstractBeanFactory.doGetBean(AbstractBeanFactory.java:324)
	at org.springframework.beans.factory.support.AbstractBeanFactory.getBean(AbstractBeanFactory.java:200)
	at org.springframework.beans.factory.config.DependencyDescriptor.resolveCandidate(DependencyDescriptor.java:254)
	at org.springframework.beans.factory.support.DefaultListableBeanFactory.doResolveDependency(DefaultListableBeanFactory.java:1405)
	at org.springframework.beans.factory.support.DefaultListableBeanFactory.resolveDependency(DefaultListableBeanFactory.java:1325)
	at org.springframework.beans.factory.support.AbstractAutowireCapableBeanFactory.autowireByType(AbstractAutowireCapableBeanFactory.java:1479)
	at org.springframework.beans.factory.support.AbstractAutowireCapableBeanFactory.populateBean(AbstractAutowireCapableBeanFactory.java:1388)
	at org.springframework.beans.factory.support.AbstractAutowireCapableBeanFactory.doCreateBean(AbstractAutowireCapableBeanFactory.java:598)
	at org.springframework.beans.factory.support.AbstractAutowireCapableBeanFactory.createBean(AbstractAutowireCapableBeanFactory.java:521)
	at org.springframework.beans.factory.support.AbstractBeanFactory.lambda$doGetBean$0(AbstractBeanFactory.java:326)
	at org.springframework.beans.factory.support.DefaultSingletonBeanRegistry.getSingleton(DefaultSingletonBeanRegistry.java:234)
	at org.springframework.beans.factory.support.AbstractBeanFactory.doGetBean(AbstractBeanFactory.java:324)
	at org.springframework.beans.factory.support.AbstractBeanFactory.getBean(AbstractBeanFactory.java:205)
	at org.springframework.beans.factory.support.AbstractAutowireCapableBeanFactory.resolveBeanByName(AbstractAutowireCapableBeanFactory.java:458)
	at org.springframework.context.annotation.CommonAnnotationBeanPostProcessor.autowireResource(CommonAnnotationBeanPostProcessor.java:496)
	at org.springframework.context.annotation.CommonAnnotationBeanPostProcessor.getResource(CommonAnnotationBeanPostProcessor.java:467)
	at org.springframework.context.annotation.CommonAnnotationBeanPostProcessor$ResourceElement.getResourceToInject(CommonAnnotationBeanPostProcessor.java:618)
	at org.springframework.beans.factory.annotation.InjectionMetadata$InjectedElement.inject(InjectionMetadata.java:242)
	at org.springframework.beans.factory.annotation.InjectionMetadata.inject(InjectionMetadata.java:133)
	at org.springframework.context.annotation.CommonAnnotationBeanPostProcessor.postProcessProperties(CommonAnnotationBeanPostProcessor.java:300)
	at org.springframework.beans.factory.support.AbstractAutowireCapableBeanFactory.populateBean(AbstractAutowireCapableBeanFactory.java:1397)
	at org.springframework.beans.factory.support.AbstractAutowireCapableBeanFactory.doCreateBean(AbstractAutowireCapableBeanFactory.java:598)
	at org.springframework.beans.factory.support.AbstractAutowireCapableBeanFactory.createBean(AbstractAutowireCapableBeanFactory.java:521)
	at org.springframework.beans.factory.support.AbstractBeanFactory.lambda$doGetBean$0(AbstractBeanFactory.java:326)
	at org.springframework.beans.factory.support.DefaultSingletonBeanRegistry.getSingleton(DefaultSingletonBeanRegistry.java:234)
	at org.springframework.beans.factory.support.AbstractBeanFactory.doGetBean(AbstractBeanFactory.java:324)
	at org.springframework.beans.factory.support.AbstractBeanFactory.getBean(AbstractBeanFactory.java:200)
	at org.springframework.beans.factory.config.DependencyDescriptor.resolveCandidate(DependencyDescriptor.java:254)
	at org.springframework.beans.factory.support.DefaultListableBeanFactory.doResolveDependency(DefaultListableBeanFactory.java:1405)
	at org.springframework.beans.factory.support.DefaultListableBeanFactory.resolveDependency(DefaultListableBeanFactory.java:1325)
	at org.springframework.context.annotation.CommonAnnotationBeanPostProcessor.autowireResource(CommonAnnotationBeanPostProcessor.java:490)
	at org.springframework.context.annotation.CommonAnnotationBeanPostProcessor.getResource(CommonAnnotationBeanPostProcessor.java:467)
	at org.springframework.context.annotation.CommonAnnotationBeanPostProcessor$ResourceElement.getResourceToInject(CommonAnnotationBeanPostProcessor.java:618)
	at org.springframework.beans.factory.annotation.InjectionMetadata$InjectedElement.inject(InjectionMetadata.java:242)
	at org.springframework.beans.factory.annotation.InjectionMetadata.inject(InjectionMetadata.java:133)
	at org.springframework.context.annotation.CommonAnnotationBeanPostProcessor.postProcessProperties(CommonAnnotationBeanPostProcessor.java:300)
	at org.springframework.beans.factory.support.AbstractAutowireCapableBeanFactory.populateBean(AbstractAutowireCapableBeanFactory.java:1397)
	at org.springframework.beans.factory.support.AbstractAutowireCapableBeanFactory.doCreateBean(AbstractAutowireCapableBeanFactory.java:598)
	at org.springframework.beans.factory.support.AbstractAutowireCapableBeanFactory.createBean(AbstractAutowireCapableBeanFactory.java:521)
	at org.springframework.beans.factory.support.AbstractBeanFactory.lambda$doGetBean$0(AbstractBeanFactory.java:326)
	at org.springframework.beans.factory.support.DefaultSingletonBeanRegistry.getSingleton(DefaultSingletonBeanRegistry.java:234)
	at org.springframework.beans.factory.support.AbstractBeanFactory.doGetBean(AbstractBeanFactory.java:324)
	at org.springframework.beans.factory.support.AbstractBeanFactory.getBean(AbstractBeanFactory.java:200)
	at org.springframework.beans.factory.support.DefaultListableBeanFactory.preInstantiateSingletons(DefaultListableBeanFactory.java:961)
	at org.springframework.context.support.AbstractApplicationContext.finishBeanFactoryInitialization(AbstractApplicationContext.java:915)
	at org.springframework.context.support.AbstractApplicationContext.refresh(AbstractApplicationContext.java:584)
	at org.springframework.boot.web.servlet.context.ServletWebServerApplicationContext.refresh(ServletWebServerApplicationContext.java:146)
	at org.springframework.boot.SpringApplication.refresh(SpringApplication.java:730)
	at org.springframework.boot.SpringApplication.refreshContext(SpringApplication.java:432)
	at org.springframework.boot.SpringApplication.run(SpringApplication.java:308)
	at org.springframework.boot.SpringApplication.run(SpringApplication.java:1302)
	at org.springframework.boot.SpringApplication.run(SpringApplication.java:1291)
	at com.dyc.xiaohashu.user.XiaohashuUserBizApplication.main(XiaohashuUserBizApplication.java:19)
Caused by: com.mysql.cj.exceptions.CJException: Access denied for user 'root'@'localhost' (using password: YES)
	at java.base/jdk.internal.reflect.NativeConstructorAccessorImpl.newInstance0(Native Method)
	at java.base/jdk.internal.reflect.NativeConstructorAccessorImpl.newInstance(NativeConstructorAccessorImpl.java:77)
	at java.base/jdk.internal.reflect.DelegatingConstructorAccessorImpl.newInstance(DelegatingConstructorAccessorImpl.java:45)
	at java.base/java.lang.reflect.Constructor.newInstanceWithCaller(Constructor.java:499)
	at java.base/java.lang.reflect.Constructor.newInstance(Constructor.java:480)
	at com.mysql.cj.exceptions.ExceptionFactory.createException(ExceptionFactory.java:62)
	at com.mysql.cj.exceptions.ExceptionFactory.createException(ExceptionFactory.java:105)
	at com.mysql.cj.exceptions.ExceptionFactory.createException(ExceptionFactory.java:150)
	at com.mysql.cj.exceptions.ExceptionFactory.createException(ExceptionFactory.java:128)
	at com.mysql.cj.protocol.a.NativeProtocol.checkErrorMessage(NativeProtocol.java:849)
	at com.mysql.cj.protocol.a.NativeProtocol.checkErrorMessage(NativeProtocol.java:771)
	at com.mysql.cj.protocol.a.NativeProtocol.checkErrorMessage(NativeProtocol.java:739)
	at com.mysql.cj.protocol.a.NativeProtocol.checkErrorMessage(NativeProtocol.java:156)
	at com.mysql.cj.protocol.a.NativeAuthenticationProvider.proceedHandshakeWithPluggableAuthentication(NativeAuthenticationProvider.java:468)
	at com.mysql.cj.protocol.a.NativeAuthenticationProvider.connect(NativeAuthenticationProvider.java:213)
	at com.mysql.cj.protocol.a.NativeProtocol.connect(NativeProtocol.java:1430)
	at com.mysql.cj.NativeSession.connect(NativeSession.java:134)
	at com.mysql.cj.jdbc.ConnectionImpl.connectWithRetries(ConnectionImpl.java:839)
	... 84 common frames omitted
2026-08-24 11:24:06.477 [main] ERROR com.alibaba.druid.pool.DruidDataSource - {dataSource-1} init error
java.sql.SQLNonTransientConnectionException: Could not create connection to database server. Attempted reconnect 3 times. Giving up.
	at com.mysql.cj.jdbc.exceptions.SQLError.createSQLException(SQLError.java:111)
	at com.mysql.cj.jdbc.exceptions.SQLError.createSQLException(SQLError.java:98)
	at com.mysql.cj.jdbc.exceptions.SQLError.createSQLException(SQLError.java:90)
	at com.mysql.cj.jdbc.exceptions.SQLError.createSQLException(SQLError.java:64)
	at com.mysql.cj.jdbc.exceptions.SQLError.createSQLException(SQLError.java:74)
	at com.mysql.cj.jdbc.ConnectionImpl.connectWithRetries(ConnectionImpl.java:895)
	at com.mysql.cj.jdbc.ConnectionImpl.createNewIO(ConnectionImpl.java:820)
	at com.mysql.cj.jdbc.ConnectionImpl.<init>(ConnectionImpl.java:446)
	at com.mysql.cj.jdbc.ConnectionImpl.getInstance(ConnectionImpl.java:239)
	at com.mysql.cj.jdbc.NonRegisteringDriver.connect(NonRegisteringDriver.java:188)
	at com.alibaba.druid.filter.FilterChainImpl.connection_connect(FilterChainImpl.java:132)
	at com.alibaba.druid.filter.stat.StatFilter.connection_connect(StatFilter.java:244)
	at com.alibaba.druid.filter.FilterChainImpl.connection_connect(FilterChainImpl.java:126)
	at com.alibaba.druid.pool.DruidAbstractDataSource.createPhysicalConnection(DruidAbstractDataSource.java:1699)
	at com.alibaba.druid.pool.DruidAbstractDataSource.createPhysicalConnection(DruidAbstractDataSource.java:1794)
	at com.alibaba.druid.pool.DruidDataSource.init(DruidDataSource.java:936)
	at com.alibaba.druid.spring.boot3.autoconfigure.DruidDataSourceWrapper.afterPropertiesSet(DruidDataSourceWrapper.java:52)
	at org.springframework.beans.factory.support.AbstractAutowireCapableBeanFactory.invokeInitMethods(AbstractAutowireCapableBeanFactory.java:1797)
	at org.springframework.beans.factory.support.AbstractAutowireCapableBeanFactory.initializeBean(AbstractAutowireCapableBeanFactory.java:1747)
	at org.springframework.beans.factory.support.AbstractAutowireCapableBeanFactory.doCreateBean(AbstractAutowireCapableBeanFactory.java:599)
	at org.springframework.beans.factory.support.AbstractAutowireCapableBeanFactory.createBean(AbstractAutowireCapableBeanFactory.java:521)
	at org.springframework.beans.factory.support.AbstractBeanFactory.lambda$doGetBean$0(AbstractBeanFactory.java:326)
	at org.springframework.beans.factory.support.DefaultSingletonBeanRegistry.getSingleton(DefaultSingletonBeanRegistry.java:234)
	at org.springframework.beans.factory.support.AbstractBeanFactory.doGetBean(AbstractBeanFactory.java:324)
	at org.springframework.beans.factory.support.AbstractBeanFactory.getBean(AbstractBeanFactory.java:200)
	at org.springframework.beans.factory.config.DependencyDescriptor.resolveCandidate(DependencyDescriptor.java:254)
	at org.springframework.beans.factory.support.DefaultListableBeanFactory.doResolveDependency(DefaultListableBeanFactory.java:1405)
	at org.springframework.beans.factory.support.DefaultListableBeanFactory.resolveDependency(DefaultListableBeanFactory.java:1325)
	at org.springframework.beans.factory.support.ConstructorResolver.resolveAutowiredArgument(ConstructorResolver.java:885)
	at org.springframework.beans.factory.support.ConstructorResolver.createArgumentArray(ConstructorResolver.java:789)
	at org.springframework.beans.factory.support.ConstructorResolver.instantiateUsingFactoryMethod(ConstructorResolver.java:548)
	at org.springframework.beans.factory.support.AbstractAutowireCapableBeanFactory.instantiateUsingFactoryMethod(AbstractAutowireCapableBeanFactory.java:1324)
	at org.springframework.beans.factory.support.AbstractAutowireCapableBeanFactory.createBeanInstance(AbstractAutowireCapableBeanFactory.java:1161)
	at org.springframework.beans.factory.support.AbstractAutowireCapableBeanFactory.doCreateBean(AbstractAutowireCapableBeanFactory.java:561)
	at org.springframework.beans.factory.support.AbstractAutowireCapableBeanFactory.createBean(AbstractAutowireCapableBeanFactory.java:521)
	at org.springframework.beans.factory.support.AbstractBeanFactory.lambda$doGetBean$0(AbstractBeanFactory.java:326)
	at org.springframework.beans.factory.support.DefaultSingletonBeanRegistry.getSingleton(DefaultSingletonBeanRegistry.java:234)
	at org.springframework.beans.factory.support.AbstractBeanFactory.doGetBean(AbstractBeanFactory.java:324)
	at org.springframework.beans.factory.support.AbstractBeanFactory.getBean(AbstractBeanFactory.java:200)
	at org.springframework.beans.factory.config.DependencyDescriptor.resolveCandidate(DependencyDescriptor.java:254)
	at org.springframework.beans.factory.support.DefaultListableBeanFactory.doResolveDependency(DefaultListableBeanFactory.java:1405)
	at org.springframework.beans.factory.support.DefaultListableBeanFactory.resolveDependency(DefaultListableBeanFactory.java:1325)
	at org.springframework.beans.factory.support.AbstractAutowireCapableBeanFactory.autowireByType(AbstractAutowireCapableBeanFactory.java:1479)
	at org.springframework.beans.factory.support.AbstractAutowireCapableBeanFactory.populateBean(AbstractAutowireCapableBeanFactory.java:1388)
	at org.springframework.beans.factory.support.AbstractAutowireCapableBeanFactory.doCreateBean(AbstractAutowireCapableBeanFactory.java:598)
	at org.springframework.beans.factory.support.AbstractAutowireCapableBeanFactory.createBean(AbstractAutowireCapableBeanFactory.java:521)
	at org.springframework.beans.factory.support.AbstractBeanFactory.lambda$doGetBean$0(AbstractBeanFactory.java:326)
	at org.springframework.beans.factory.support.DefaultSingletonBeanRegistry.getSingleton(DefaultSingletonBeanRegistry.java:234)
	at org.springframework.beans.factory.support.AbstractBeanFactory.doGetBean(AbstractBeanFactory.java:324)
	at org.springframework.beans.factory.support.AbstractBeanFactory.getBean(AbstractBeanFactory.java:205)
	at org.springframework.beans.factory.support.AbstractAutowireCapableBeanFactory.resolveBeanByName(AbstractAutowireCapableBeanFactory.java:458)
	at org.springframework.context.annotation.CommonAnnotationBeanPostProcessor.autowireResource(CommonAnnotationBeanPostProcessor.java:496)
	at org.springframework.context.annotation.CommonAnnotationBeanPostProcessor.getResource(CommonAnnotationBeanPostProcessor.java:467)
	at org.springframework.context.annotation.CommonAnnotationBeanPostProcessor$ResourceElement.getResourceToInject(CommonAnnotationBeanPostProcessor.java:618)
	at org.springframework.beans.factory.annotation.InjectionMetadata$InjectedElement.inject(InjectionMetadata.java:242)
	at org.springframework.beans.factory.annotation.InjectionMetadata.inject(InjectionMetadata.java:133)
	at org.springframework.context.annotation.CommonAnnotationBeanPostProcessor.postProcessProperties(CommonAnnotationBeanPostProcessor.java:300)
	at org.springframework.beans.factory.support.AbstractAutowireCapableBeanFactory.populateBean(AbstractAutowireCapableBeanFactory.java:1397)
	at org.springframework.beans.factory.support.AbstractAutowireCapableBeanFactory.doCreateBean(AbstractAutowireCapableBeanFactory.java:598)
	at org.springframework.beans.factory.support.AbstractAutowireCapableBeanFactory.createBean(AbstractAutowireCapableBeanFactory.java:521)
	at org.springframework.beans.factory.support.AbstractBeanFactory.lambda$doGetBean$0(AbstractBeanFactory.java:326)
	at org.springframework.beans.factory.support.DefaultSingletonBeanRegistry.getSingleton(DefaultSingletonBeanRegistry.java:234)
	at org.springframework.beans.factory.support.AbstractBeanFactory.doGetBean(AbstractBeanFactory.java:324)
	at org.springframework.beans.factory.support.AbstractBeanFactory.getBean(AbstractBeanFactory.java:200)
	at org.springframework.beans.factory.config.DependencyDescriptor.resolveCandidate(DependencyDescriptor.java:254)
	at org.springframework.beans.factory.support.DefaultListableBeanFactory.doResolveDependency(DefaultListableBeanFactory.java:1405)
	at org.springframework.beans.factory.support.DefaultListableBeanFactory.resolveDependency(DefaultListableBeanFactory.java:1325)
	at org.springframework.context.annotation.CommonAnnotationBeanPostProcessor.autowireResource(CommonAnnotationBeanPostProcessor.java:490)
	at org.springframework.context.annotation.CommonAnnotationBeanPostProcessor.getResource(CommonAnnotationBeanPostProcessor.java:467)
	at org.springframework.context.annotation.CommonAnnotationBeanPostProcessor$ResourceElement.getResourceToInject(CommonAnnotationBeanPostProcessor.java:618)
	at org.springframework.beans.factory.annotation.InjectionMetadata$InjectedElement.inject(InjectionMetadata.java:242)
	at org.springframework.beans.factory.annotation.InjectionMetadata.inject(InjectionMetadata.java:133)
	at org.springframework.context.annotation.CommonAnnotationBeanPostProcessor.postProcessProperties(CommonAnnotationBeanPostProcessor.java:300)
	at org.springframework.beans.factory.support.AbstractAutowireCapableBeanFactory.populateBean(AbstractAutowireCapableBeanFactory.java:1397)
	at org.springframework.beans.factory.support.AbstractAutowireCapableBeanFactory.doCreateBean(AbstractAutowireCapableBeanFactory.java:598)
	at org.springframework.beans.factory.support.AbstractAutowireCapableBeanFactory.createBean(AbstractAutowireCapableBeanFactory.java:521)
	at org.springframework.beans.factory.support.AbstractBeanFactory.lambda$doGetBean$0(AbstractBeanFactory.java:326)
	at org.springframework.beans.factory.support.DefaultSingletonBeanRegistry.getSingleton(DefaultSingletonBeanRegistry.java:234)
	at org.springframework.beans.factory.support.AbstractBeanFactory.doGetBean(AbstractBeanFactory.java:324)
	at org.springframework.beans.factory.support.AbstractBeanFactory.getBean(AbstractBeanFactory.java:200)
	at org.springframework.beans.factory.support.DefaultListableBeanFactory.preInstantiateSingletons(DefaultListableBeanFactory.java:961)
	at org.springframework.context.support.AbstractApplicationContext.finishBeanFactoryInitialization(AbstractApplicationContext.java:915)
	at org.springframework.context.support.AbstractApplicationContext.refresh(AbstractApplicationContext.java:584)
	at org.springframework.boot.web.servlet.context.ServletWebServerApplicationContext.refresh(ServletWebServerApplicationContext.java:146)
	at org.springframework.boot.SpringApplication.refresh(SpringApplication.java:730)
	at org.springframework.boot.SpringApplication.refreshContext(SpringApplication.java:432)
	at org.springframework.boot.SpringApplication.run(SpringApplication.java:308)
	at org.springframework.boot.SpringApplication.run(SpringApplication.java:1302)
	at org.springframework.boot.SpringApplication.run(SpringApplication.java:1291)
	at com.dyc.xiaohashu.user.XiaohashuUserBizApplication.main(XiaohashuUserBizApplication.java:19)
Caused by: com.mysql.cj.exceptions.CJException: Access denied for user 'root'@'localhost' (using password: YES)
	at java.base/jdk.internal.reflect.NativeConstructorAccessorImpl.newInstance0(Native Method)
	at java.base/jdk.internal.reflect.NativeConstructorAccessorImpl.newInstance(NativeConstructorAccessorImpl.java:77)
	at java.base/jdk.internal.reflect.DelegatingConstructorAccessorImpl.newInstance(DelegatingConstructorAccessorImpl.java:45)
	at java.base/java.lang.reflect.Constructor.newInstanceWithCaller(Constructor.java:499)
	at java.base/java.lang.reflect.Constructor.newInstance(Constructor.java:480)
	at com.mysql.cj.exceptions.ExceptionFactory.createException(ExceptionFactory.java:62)
	at com.mysql.cj.exceptions.ExceptionFactory.createException(ExceptionFactory.java:105)
	at com.mysql.cj.exceptions.ExceptionFactory.createException(ExceptionFactory.java:150)
	at com.mysql.cj.exceptions.ExceptionFactory.createException(ExceptionFactory.java:128)
	at com.mysql.cj.protocol.a.NativeProtocol.checkErrorMessage(NativeProtocol.java:849)
	at com.mysql.cj.protocol.a.NativeProtocol.checkErrorMessage(NativeProtocol.java:771)
	at com.mysql.cj.protocol.a.NativeProtocol.checkErrorMessage(NativeProtocol.java:739)
	at com.mysql.cj.protocol.a.NativeProtocol.checkErrorMessage(NativeProtocol.java:156)
	at com.mysql.cj.protocol.a.NativeAuthenticationProvider.proceedHandshakeWithPluggableAuthentication(NativeAuthenticationProvider.java:468)
	at com.mysql.cj.protocol.a.NativeAuthenticationProvider.connect(NativeAuthenticationProvider.java:213)
	at com.mysql.cj.protocol.a.NativeProtocol.connect(NativeProtocol.java:1430)
	at com.mysql.cj.NativeSession.connect(NativeSession.java:134)
	at com.mysql.cj.jdbc.ConnectionImpl.connectWithRetries(ConnectionImpl.java:839)
	... 84 common frames omitted
2026-08-24 11:24:06.477 [main] INFO  com.alibaba.druid.pool.DruidDataSource - {dataSource-1} inited
2026-08-24 11:24:06.478 [main] WARN  o.s.b.w.s.c.AnnotationConfigServletWebServerApplicationContext - Exception encountered during context initialization - cancelling refresh attempt: org.springframework.beans.factory.BeanCreationException: Error creating bean with name 'userController': Injection of resource dependencies failed
2026-08-24 11:24:06.480 [main] INFO  org.apache.catalina.core.StandardService - Stopping service [Tomcat]
2026-08-24 11:24:06.493 [main] INFO  o.s.b.a.logging.ConditionEvaluationReportLogger - 

Error starting ApplicationContext. To display the condition evaluation report re-run your application with 'debug' enabled.
2026-08-24 11:24:06.505 [main] ERROR org.springframework.boot.SpringApplication - Application run failed
org.springframework.beans.factory.BeanCreationException: Error creating bean with name 'userController': Injection of resource dependencies failed
	at org.springframework.context.annotation.CommonAnnotationBeanPostProcessor.postProcessProperties(CommonAnnotationBeanPostProcessor.java:303)
	at org.springframework.beans.factory.support.AbstractAutowireCapableBeanFactory.populateBean(AbstractAutowireCapableBeanFactory.java:1397)
	at org.springframework.beans.factory.support.AbstractAutowireCapableBeanFactory.doCreateBean(AbstractAutowireCapableBeanFactory.java:598)
	at org.springframework.beans.factory.support.AbstractAutowireCapableBeanFactory.createBean(AbstractAutowireCapableBeanFactory.java:521)
	at org.springframework.beans.factory.support.AbstractBeanFactory.lambda$doGetBean$0(AbstractBeanFactory.java:326)
	at org.springframework.beans.factory.support.DefaultSingletonBeanRegistry.getSingleton(DefaultSingletonBeanRegistry.java:234)
	at org.springframework.beans.factory.support.AbstractBeanFactory.doGetBean(AbstractBeanFactory.java:324)
	at org.springframework.beans.factory.support.AbstractBeanFactory.getBean(AbstractBeanFactory.java:200)
	at org.springframework.beans.factory.support.DefaultListableBeanFactory.preInstantiateSingletons(DefaultListableBeanFactory.java:961)
	at org.springframework.context.support.AbstractApplicationContext.finishBeanFactoryInitialization(AbstractApplicationContext.java:915)
	at org.springframework.context.support.AbstractApplicationContext.refresh(AbstractApplicationContext.java:584)
	at org.springframework.boot.web.servlet.context.ServletWebServerApplicationContext.refresh(ServletWebServerApplicationContext.java:146)
	at org.springframework.boot.SpringApplication.refresh(SpringApplication.java:730)
	at org.springframework.boot.SpringApplication.refreshContext(SpringApplication.java:432)
	at org.springframework.boot.SpringApplication.run(SpringApplication.java:308)
	at org.springframework.boot.SpringApplication.run(SpringApplication.java:1302)
	at org.springframework.boot.SpringApplication.run(SpringApplication.java:1291)
	at com.dyc.xiaohashu.user.XiaohashuUserBizApplication.main(XiaohashuUserBizApplication.java:19)
Caused by: org.springframework.beans.factory.BeanCreationException: Error creating bean with name 'userServiceImpl': Injection of resource dependencies failed
	at org.springframework.context.annotation.CommonAnnotationBeanPostProcessor.postProcessProperties(CommonAnnotationBeanPostProcessor.java:303)
	at org.springframework.beans.factory.support.AbstractAutowireCapableBeanFactory.populateBean(AbstractAutowireCapableBeanFactory.java:1397)
	at org.springframework.beans.factory.support.AbstractAutowireCapableBeanFactory.doCreateBean(AbstractAutowireCapableBeanFactory.java:598)
	at org.springframework.beans.factory.support.AbstractAutowireCapableBeanFactory.createBean(AbstractAutowireCapableBeanFactory.java:521)
	at org.springframework.beans.factory.support.AbstractBeanFactory.lambda$doGetBean$0(AbstractBeanFactory.java:326)
	at org.springframework.beans.factory.support.DefaultSingletonBeanRegistry.getSingleton(DefaultSingletonBeanRegistry.java:234)
	at org.springframework.beans.factory.support.AbstractBeanFactory.doGetBean(AbstractBeanFactory.java:324)
	at org.springframework.beans.factory.support.AbstractBeanFactory.getBean(AbstractBeanFactory.java:200)
	at org.springframework.beans.factory.config.DependencyDescriptor.resolveCandidate(DependencyDescriptor.java:254)
	at org.springframework.beans.factory.support.DefaultListableBeanFactory.doResolveDependency(DefaultListableBeanFactory.java:1405)
	at org.springframework.beans.factory.support.DefaultListableBeanFactory.resolveDependency(DefaultListableBeanFactory.java:1325)
	at org.springframework.context.annotation.CommonAnnotationBeanPostProcessor.autowireResource(CommonAnnotationBeanPostProcessor.java:490)
	at org.springframework.context.annotation.CommonAnnotationBeanPostProcessor.getResource(CommonAnnotationBeanPostProcessor.java:467)
	at org.springframework.context.annotation.CommonAnnotationBeanPostProcessor$ResourceElement.getResourceToInject(CommonAnnotationBeanPostProcessor.java:618)
	at org.springframework.beans.factory.annotation.InjectionMetadata$InjectedElement.inject(InjectionMetadata.java:242)
	at org.springframework.beans.factory.annotation.InjectionMetadata.inject(InjectionMetadata.java:133)
	at org.springframework.context.annotation.CommonAnnotationBeanPostProcessor.postProcessProperties(CommonAnnotationBeanPostProcessor.java:300)
	... 17 common frames omitted
Caused by: org.springframework.beans.factory.UnsatisfiedDependencyException: Error creating bean with name 'userDOMapper' defined in file [E:\CodeDir\xiaohashu\xiaohashu-user\xiaohashu-user-biz\target\classes\com\dyc\xiaohashu\user\domain\mapper\UserDOMapper.class]: Unsatisfied dependency expressed through bean property 'sqlSessionFactory': Error creating bean with name 'sqlSessionFactory' defined in class path resource [org/mybatis/spring/boot/autoconfigure/MybatisAutoConfiguration.class]: Unsatisfied dependency expressed through method 'sqlSessionFactory' parameter 0: Error creating bean with name 'dataSource' defined in class path resource [com/alibaba/druid/spring/boot3/autoconfigure/DruidDataSourceAutoConfigure.class]: Could not create connection to database server. Attempted reconnect 3 times. Giving up.
	at org.springframework.beans.factory.support.AbstractAutowireCapableBeanFactory.autowireByType(AbstractAutowireCapableBeanFactory.java:1494)
	at org.springframework.beans.factory.support.AbstractAutowireCapableBeanFactory.populateBean(AbstractAutowireCapableBeanFactory.java:1388)
	at org.springframework.beans.factory.support.AbstractAutowireCapableBeanFactory.doCreateBean(AbstractAutowireCapableBeanFactory.java:598)
	at org.springframework.beans.factory.support.AbstractAutowireCapableBeanFactory.createBean(AbstractAutowireCapableBeanFactory.java:521)
	at org.springframework.beans.factory.support.AbstractBeanFactory.lambda$doGetBean$0(AbstractBeanFactory.java:326)
	at org.springframework.beans.factory.support.DefaultSingletonBeanRegistry.getSingleton(DefaultSingletonBeanRegistry.java:234)
	at org.springframework.beans.factory.support.AbstractBeanFactory.doGetBean(AbstractBeanFactory.java:324)
	at org.springframework.beans.factory.support.AbstractBeanFactory.getBean(AbstractBeanFactory.java:205)
	at org.springframework.beans.factory.support.AbstractAutowireCapableBeanFactory.resolveBeanByName(AbstractAutowireCapableBeanFactory.java:458)
	at org.springframework.context.annotation.CommonAnnotationBeanPostProcessor.autowireResource(CommonAnnotationBeanPostProcessor.java:496)
	at org.springframework.context.annotation.CommonAnnotationBeanPostProcessor.getResource(CommonAnnotationBeanPostProcessor.java:467)
	at org.springframework.context.annotation.CommonAnnotationBeanPostProcessor$ResourceElement.getResourceToInject(CommonAnnotationBeanPostProcessor.java:618)
	at org.springframework.beans.factory.annotation.InjectionMetadata$InjectedElement.inject(InjectionMetadata.java:242)
	at org.springframework.beans.factory.annotation.InjectionMetadata.inject(InjectionMetadata.java:133)
	at org.springframework.context.annotation.CommonAnnotationBeanPostProcessor.postProcessProperties(CommonAnnotationBeanPostProcessor.java:300)
	... 33 common frames omitted
Caused by: org.springframework.beans.factory.UnsatisfiedDependencyException: Error creating bean with name 'sqlSessionFactory' defined in class path resource [org/mybatis/spring/boot/autoconfigure/MybatisAutoConfiguration.class]: Unsatisfied dependency expressed through method 'sqlSessionFactory' parameter 0: Error creating bean with name 'dataSource' defined in class path resource [com/alibaba/druid/spring/boot3/autoconfigure/DruidDataSourceAutoConfigure.class]: Could not create connection to database server. Attempted reconnect 3 times. Giving up.
	at org.springframework.beans.factory.support.ConstructorResolver.createArgumentArray(ConstructorResolver.java:798)
	at org.springframework.beans.factory.support.ConstructorResolver.instantiateUsingFactoryMethod(ConstructorResolver.java:548)
	at org.springframework.beans.factory.support.AbstractAutowireCapableBeanFactory.instantiateUsingFactoryMethod(AbstractAutowireCapableBeanFactory.java:1324)
	at org.springframework.beans.factory.support.AbstractAutowireCapableBeanFactory.createBeanInstance(AbstractAutowireCapableBeanFactory.java:1161)
	at org.springframework.beans.factory.support.AbstractAutowireCapableBeanFactory.doCreateBean(AbstractAutowireCapableBeanFactory.java:561)
	at org.springframework.beans.factory.support.AbstractAutowireCapableBeanFactory.createBean(AbstractAutowireCapableBeanFactory.java:521)
	at org.springframework.beans.factory.support.AbstractBeanFactory.lambda$doGetBean$0(AbstractBeanFactory.java:326)
	at org.springframework.beans.factory.support.DefaultSingletonBeanRegistry.getSingleton(DefaultSingletonBeanRegistry.java:234)
	at org.springframework.beans.factory.support.AbstractBeanFactory.doGetBean(AbstractBeanFactory.java:324)
	at org.springframework.beans.factory.support.AbstractBeanFactory.getBean(AbstractBeanFactory.java:200)
	at org.springframework.beans.factory.config.DependencyDescriptor.resolveCandidate(DependencyDescriptor.java:254)
	at org.springframework.beans.factory.support.DefaultListableBeanFactory.doResolveDependency(DefaultListableBeanFactory.java:1405)
	at org.springframework.beans.factory.support.DefaultListableBeanFactory.resolveDependency(DefaultListableBeanFactory.java:1325)
	at org.springframework.beans.factory.support.AbstractAutowireCapableBeanFactory.autowireByType(AbstractAutowireCapableBeanFactory.java:1479)
	... 47 common frames omitted
Caused by: org.springframework.beans.factory.BeanCreationException: Error creating bean with name 'dataSource' defined in class path resource [com/alibaba/druid/spring/boot3/autoconfigure/DruidDataSourceAutoConfigure.class]: Could not create connection to database server. Attempted reconnect 3 times. Giving up.
	at org.springframework.beans.factory.support.AbstractAutowireCapableBeanFactory.initializeBean(AbstractAutowireCapableBeanFactory.java:1751)
	at org.springframework.beans.factory.support.AbstractAutowireCapableBeanFactory.doCreateBean(AbstractAutowireCapableBeanFactory.java:599)
	at org.springframework.beans.factory.support.AbstractAutowireCapableBeanFactory.createBean(AbstractAutowireCapableBeanFactory.java:521)
	at org.springframework.beans.factory.support.AbstractBeanFactory.lambda$doGetBean$0(AbstractBeanFactory.java:326)
	at org.springframework.beans.factory.support.DefaultSingletonBeanRegistry.getSingleton(DefaultSingletonBeanRegistry.java:234)
	at org.springframework.beans.factory.support.AbstractBeanFactory.doGetBean(AbstractBeanFactory.java:324)
	at org.springframework.beans.factory.support.AbstractBeanFactory.getBean(AbstractBeanFactory.java:200)
	at org.springframework.beans.factory.config.DependencyDescriptor.resolveCandidate(DependencyDescriptor.java:254)
	at org.springframework.beans.factory.support.DefaultListableBeanFactory.doResolveDependency(DefaultListableBeanFactory.java:1405)
	at org.springframework.beans.factory.support.DefaultListableBeanFactory.resolveDependency(DefaultListableBeanFactory.java:1325)
	at org.springframework.beans.factory.support.ConstructorResolver.resolveAutowiredArgument(ConstructorResolver.java:885)
	at org.springframework.beans.factory.support.ConstructorResolver.createArgumentArray(ConstructorResolver.java:789)
	... 60 common frames omitted
Caused by: java.sql.SQLNonTransientConnectionException: Could not create connection to database server. Attempted reconnect 3 times. Giving up.
	at com.mysql.cj.jdbc.exceptions.SQLError.createSQLException(SQLError.java:111)
	at com.mysql.cj.jdbc.exceptions.SQLError.createSQLException(SQLError.java:98)
	at com.mysql.cj.jdbc.exceptions.SQLError.createSQLException(SQLError.java:90)
	at com.mysql.cj.jdbc.exceptions.SQLError.createSQLException(SQLError.java:64)
	at com.mysql.cj.jdbc.exceptions.SQLError.createSQLException(SQLError.java:74)
	at com.mysql.cj.jdbc.ConnectionImpl.connectWithRetries(ConnectionImpl.java:895)
	at com.mysql.cj.jdbc.ConnectionImpl.createNewIO(ConnectionImpl.java:820)
	at com.mysql.cj.jdbc.ConnectionImpl.<init>(ConnectionImpl.java:446)
	at com.mysql.cj.jdbc.ConnectionImpl.getInstance(ConnectionImpl.java:239)
	at com.mysql.cj.jdbc.NonRegisteringDriver.connect(NonRegisteringDriver.java:188)
	at com.alibaba.druid.filter.FilterChainImpl.connection_connect(FilterChainImpl.java:132)
	at com.alibaba.druid.filter.stat.StatFilter.connection_connect(StatFilter.java:244)
	at com.alibaba.druid.filter.FilterChainImpl.connection_connect(FilterChainImpl.java:126)
	at com.alibaba.druid.pool.DruidAbstractDataSource.createPhysicalConnection(DruidAbstractDataSource.java:1699)
	at com.alibaba.druid.pool.DruidAbstractDataSource.createPhysicalConnection(DruidAbstractDataSource.java:1794)
	at com.alibaba.druid.pool.DruidDataSource.init(DruidDataSource.java:936)
	at com.alibaba.druid.spring.boot3.autoconfigure.DruidDataSourceWrapper.afterPropertiesSet(DruidDataSourceWrapper.java:52)
	at org.springframework.beans.factory.support.AbstractAutowireCapableBeanFactory.invokeInitMethods(AbstractAutowireCapableBeanFactory.java:1797)
	at org.springframework.beans.factory.support.AbstractAutowireCapableBeanFactory.initializeBean(AbstractAutowireCapableBeanFactory.java:1747)
	... 71 common frames omitted
Caused by: com.mysql.cj.exceptions.CJException: Access denied for user 'root'@'localhost' (using password: YES)
	at java.base/jdk.internal.reflect.NativeConstructorAccessorImpl.newInstance0(Native Method)
	at java.base/jdk.internal.reflect.NativeConstructorAccessorImpl.newInstance(NativeConstructorAccessorImpl.java:77)
	at java.base/jdk.internal.reflect.DelegatingConstructorAccessorImpl.newInstance(DelegatingConstructorAccessorImpl.java:45)
	at java.base/java.lang.reflect.Constructor.newInstanceWithCaller(Constructor.java:499)
	at java.base/java.lang.reflect.Constructor.newInstance(Constructor.java:480)
	at com.mysql.cj.exceptions.ExceptionFactory.createException(ExceptionFactory.java:62)
	at com.mysql.cj.exceptions.ExceptionFactory.createException(ExceptionFactory.java:105)
	at com.mysql.cj.exceptions.ExceptionFactory.createException(ExceptionFactory.java:150)
	at com.mysql.cj.exceptions.ExceptionFactory.createException(ExceptionFactory.java:128)
	at com.mysql.cj.protocol.a.NativeProtocol.checkErrorMessage(NativeProtocol.java:849)
	at com.mysql.cj.protocol.a.NativeProtocol.checkErrorMessage(NativeProtocol.java:771)
	at com.mysql.cj.protocol.a.NativeProtocol.checkErrorMessage(NativeProtocol.java:739)
	at com.mysql.cj.protocol.a.NativeProtocol.checkErrorMessage(NativeProtocol.java:156)
	at com.mysql.cj.protocol.a.NativeAuthenticationProvider.proceedHandshakeWithPluggableAuthentication(NativeAuthenticationProvider.java:468)
	at com.mysql.cj.protocol.a.NativeAuthenticationProvider.connect(NativeAuthenticationProvider.java:213)
	at com.mysql.cj.protocol.a.NativeProtocol.connect(NativeProtocol.java:1430)
	at com.mysql.cj.NativeSession.connect(NativeSession.java:134)
	at com.mysql.cj.jdbc.ConnectionImpl.connectWithRetries(ConnectionImpl.java:839)
	... 84 common frames omitted
2026-08-24 11:24:23.983 [main] WARN  com.alibaba.nacos.client.logging.NacosLogging - Load Logback Configuration of Nacos fail, message: Could not initialize Logback Nacos logging from classpath:nacos-logback.xml
2026-08-24 11:24:24.033 [main] WARN  com.alibaba.nacos.client.logging.NacosLogging - Load Logback Configuration of Nacos fail, message: Could not initialize Logback Nacos logging from classpath:nacos-logback.xml
2026-08-24 11:24:24.039 [main] INFO  c.dyc.xiaohashu.user.XiaohashuUserBizApplication - Starting XiaohashuUserBizApplication using Java 17.0.12 with PID 28736 (E:\CodeDir\xiaohashu\xiaohashu-user\xiaohashu-user-biz\target\classes started by DYC in E:\CodeDir\xiaohashu)
2026-08-24 11:24:24.040 [main] INFO  c.dyc.xiaohashu.user.XiaohashuUserBizApplication - The following 1 profile is active: "dev"
2026-08-24 11:24:24.560 [main] INFO  o.s.d.r.config.RepositoryConfigurationDelegate - Multiple Spring Data modules found, entering strict repository configuration mode
2026-08-24 11:24:24.562 [main] INFO  o.s.d.r.config.RepositoryConfigurationDelegate - Bootstrapping Spring Data Redis repositories in DEFAULT mode.
2026-08-24 11:24:24.583 [main] INFO  o.s.d.r.config.RepositoryConfigurationDelegate - Finished Spring Data repository scanning in 11 ms. Found 0 Redis repository interfaces.
2026-08-24 11:24:24.722 [main] INFO  o.springframework.cloud.context.scope.GenericScope - BeanFactory id=1aabda62-10a2-38c1-8492-febb319e5ef9
2026-08-24 11:24:24.749 [main] INFO  o.s.c.s.PostProcessorRegistrationDelegate$BeanPostProcessorChecker - Bean 'com.dyc.xiaohashu.oss.api.FileFeignApi' of type [org.springframework.cloud.openfeign.FeignClientFactoryBean] is not eligible for getting processed by all BeanPostProcessors (for example: not eligible for auto-proxying)
2026-08-24 11:24:24.964 [main] INFO  o.s.boot.web.embedded.tomcat.TomcatWebServer - Tomcat initialized with port(s): 8082 (http)
2026-08-24 11:24:24.970 [main] INFO  org.apache.catalina.core.StandardService - Starting service [Tomcat]
2026-08-24 11:24:24.971 [main] INFO  org.apache.catalina.core.StandardEngine - Starting Servlet engine: [Apache Tomcat/10.1.5]
2026-08-24 11:24:25.024 [main] INFO  o.a.c.core.ContainerBase.[Tomcat].[localhost].[/] - Initializing Spring embedded WebApplicationContext
2026-08-24 11:24:25.024 [main] INFO  o.s.b.w.s.c.ServletWebServerApplicationContext - Root WebApplicationContext: initialization completed in 949 ms
2026-08-24 11:24:25.085 [main] INFO  c.a.d.s.b.a.DruidDataSourceAutoConfigure - Init DruidDataSource
2026-08-24 11:24:25.280 [main] INFO  com.alibaba.druid.pool.DruidDataSource - {dataSource-1} inited
2026-08-24 11:24:25.530 [main] INFO  o.s.cloud.openfeign.FeignClientFactoryBean - For 'xiaohashu-oss' URL not provided. Will try picking an instance via load-balancing.
2026-08-24 11:24:38.486 [main] WARN  o.s.c.l.c.LoadBalancerCacheAutoConfiguration$LoadBalancerCaffeineWarnLogger - Spring Cloud LoadBalancer is currently working with the default cache. While this cache implementation is useful for development and tests, it's recommended to use Caffeine cache in production.You can switch to using Caffeine cache, by adding it and org.springframework.cache.caffeine.CaffeineCacheManager to the classpath.
2026-08-24 11:24:38.528 [main] INFO  o.s.boot.web.embedded.tomcat.TomcatWebServer - Tomcat started on port(s): 8082 (http) with context path ''
2026-08-24 11:24:38.533 [main] WARN  com.alibaba.nacos.client.logging.NacosLogging - Load Logback Configuration of Nacos fail, message: Could not initialize Logback Nacos logging from classpath:nacos-logback.xml
2026-08-24 11:24:38.533 [main] INFO  com.alibaba.nacos.client.naming - initializer namespace from ans.namespace attribute : null
2026-08-24 11:24:38.534 [main] INFO  com.alibaba.nacos.client.naming - initializer namespace from ALIBABA_ALIWARE_NAMESPACE attribute :null
2026-08-24 11:24:38.534 [main] INFO  com.alibaba.nacos.client.naming - initializer namespace from namespace attribute :null
2026-08-24 11:24:38.549 [main] INFO  com.alibaba.nacos.client.utils.ParamUtil - [settings] [req-serv] nacos-server port:8848
2026-08-24 11:24:38.550 [main] INFO  com.alibaba.nacos.client.utils.ParamUtil - [settings] [http-client] connect timeout:1000
2026-08-24 11:24:38.550 [main] INFO  com.alibaba.nacos.client.utils.ParamUtil - PER_TASK_CONFIG_SIZE: 3000.0
2026-08-24 11:24:38.553 [main] INFO  c.a.n.p.auth.spi.client.ClientAuthPluginManager - [ClientAuthPluginManager] Load ClientAuthService com.alibaba.nacos.client.auth.impl.NacosClientAuthServiceImpl success.
2026-08-24 11:24:38.553 [main] INFO  c.a.n.p.auth.spi.client.ClientAuthPluginManager - [ClientAuthPluginManager] Load ClientAuthService com.alibaba.nacos.client.auth.ram.RamClientAuthServiceImpl success.
2026-08-24 11:24:38.554 [main] INFO  c.a.n.client.auth.ram.identify.CredentialWatcher - null No credential found
2026-08-24 11:24:38.561 [main] INFO  com.alibaba.nacos.common.remote.client - [RpcClientFactory] create a new rpc client of f69f774d-cb47-48de-8383-4fac6e9792ab
2026-08-24 11:24:38.577 [main] INFO  com.alibaba.nacos.common.remote.client - [f69f774d-cb47-48de-8383-4fac6e9792ab] RpcClient init, ServerListFactory = com.alibaba.nacos.client.naming.core.ServerListManager
2026-08-24 11:24:38.577 [main] INFO  com.alibaba.nacos.common.remote.client - [f69f774d-cb47-48de-8383-4fac6e9792ab] Registry connection listener to current client:com.alibaba.nacos.client.naming.remote.gprc.redo.NamingGrpcRedoService
2026-08-24 11:24:38.577 [main] INFO  com.alibaba.nacos.common.remote.client - [f69f774d-cb47-48de-8383-4fac6e9792ab] Register server push request handler:com.alibaba.nacos.client.naming.remote.gprc.NamingPushRequestHandler
2026-08-24 11:24:38.578 [main] INFO  com.alibaba.nacos.common.remote.client - [f69f774d-cb47-48de-8383-4fac6e9792ab] Try to connect to server on start up, server: {serverIp = '127.0.0.1', server main port = 8848}
2026-08-24 11:24:38.595 [main] INFO  c.a.nacos.common.remote.client.grpc.GrpcClient - grpc client connection server:127.0.0.1 ip,serverPort:9848,grpcTslConfig:{"sslProvider":"OPENSSL","enableTls":false,"mutualAuthEnable":false,"trustAll":false}
2026-08-24 11:24:39.450 [main] INFO  com.alibaba.nacos.common.remote.client - [f69f774d-cb47-48de-8383-4fac6e9792ab] Success to connect to server [127.0.0.1:8848] on start up, connectionId = 1787541879272_127.0.0.1_57303
2026-08-24 11:24:39.452 [com.alibaba.nacos.client.remote.worker] INFO  com.alibaba.nacos.common.remote.client - [f69f774d-cb47-48de-8383-4fac6e9792ab] Notify connected event to listeners.
2026-08-24 11:24:39.452 [com.alibaba.nacos.client.remote.worker] INFO  com.alibaba.nacos.client.naming - Grpc connection connect
2026-08-24 11:24:39.452 [main] INFO  com.alibaba.nacos.common.remote.client - [f69f774d-cb47-48de-8383-4fac6e9792ab] Register server push request handler:com.alibaba.nacos.common.remote.client.RpcClient$ConnectResetRequestHandler
2026-08-24 11:24:39.452 [main] INFO  com.alibaba.nacos.common.remote.client - [f69f774d-cb47-48de-8383-4fac6e9792ab] Register server push request handler:com.alibaba.nacos.common.remote.client.RpcClient$$Lambda$1234/0x0000027e01882510
2026-08-24 11:24:39.453 [main] INFO  com.alibaba.nacos.client.naming - [REGISTER-SERVICE] public registering service xiaohashu-user with instance Instance{instanceId='null', ip='172.31.111.1', port=8082, weight=1.0, healthy=true, enabled=true, ephemeral=true, clusterName='DEFAULT', serviceName='null', metadata={IPv6=[240c:c981:3000:0:86ee:d472:e60d:74fc], preserved.register.source=SPRING_CLOUD}}
2026-08-24 11:24:39.465 [main] INFO  c.a.cloud.nacos.registry.NacosServiceRegistry - nacos registry, DEFAULT_GROUP xiaohashu-user 172.31.111.1:8082 register finished
2026-08-24 11:24:39.555 [main] INFO  c.dyc.xiaohashu.user.XiaohashuUserBizApplication - Started XiaohashuUserBizApplication in 15.998 seconds (process running for 16.311)
2026-08-24 11:24:44.810 [main] ERROR c.d.x.user.runner.PushRolePermissions2RedisRunner - 同步角色权限到 Redis 失败
org.springframework.data.redis.RedisConnectionFailureException: Unable to connect to Redis
	at org.springframework.data.redis.connection.lettuce.LettuceConnectionFactory$ExceptionTranslatingConnectionProvider.translateException(LettuceConnectionFactory.java:1602)
	at org.springframework.data.redis.connection.lettuce.LettuceConnectionFactory$ExceptionTranslatingConnectionProvider.getConnection(LettuceConnectionFactory.java:1533)
	at org.springframework.data.redis.connection.lettuce.LettuceConnectionFactory$SharedConnection.getNativeConnection(LettuceConnectionFactory.java:1358)
	at org.springframework.data.redis.connection.lettuce.LettuceConnectionFactory$SharedConnection.getConnection(LettuceConnectionFactory.java:1341)
	at org.springframework.data.redis.connection.lettuce.LettuceConnectionFactory.getSharedConnection(LettuceConnectionFactory.java:1059)
	at org.springframework.data.redis.connection.lettuce.LettuceConnectionFactory.getConnection(LettuceConnectionFactory.java:398)
	at org.springframework.data.redis.core.RedisConnectionUtils.fetchConnection(RedisConnectionUtils.java:193)
	at org.springframework.data.redis.core.RedisConnectionUtils.doGetConnection(RedisConnectionUtils.java:144)
	at org.springframework.data.redis.core.RedisConnectionUtils.getConnection(RedisConnectionUtils.java:105)
	at org.springframework.data.redis.core.RedisTemplate.execute(RedisTemplate.java:393)
	at org.springframework.data.redis.core.RedisTemplate.execute(RedisTemplate.java:373)
	at org.springframework.data.redis.core.AbstractOperations.execute(AbstractOperations.java:97)
	at org.springframework.data.redis.core.DefaultValueOperations.setIfAbsent(DefaultValueOperations.java:299)
	at com.dyc.xiaohashu.user.runner.PushRolePermissions2RedisRunner.run(PushRolePermissions2RedisRunner.java:47)
	at org.springframework.boot.SpringApplication.callRunner(SpringApplication.java:758)
	at org.springframework.boot.SpringApplication.callRunners(SpringApplication.java:748)
	at org.springframework.boot.SpringApplication.run(SpringApplication.java:315)
	at org.springframework.boot.SpringApplication.run(SpringApplication.java:1302)
	at org.springframework.boot.SpringApplication.run(SpringApplication.java:1291)
	at com.dyc.xiaohashu.user.XiaohashuUserBizApplication.main(XiaohashuUserBizApplication.java:19)
Caused by: io.lettuce.core.RedisConnectionException: Unable to connect to 192.168.0.106/<unresolved>:6379
	at io.lettuce.core.RedisConnectionException.create(RedisConnectionException.java:78)
	at io.lettuce.core.RedisConnectionException.create(RedisConnectionException.java:56)
	at io.lettuce.core.AbstractRedisClient.getConnection(AbstractRedisClient.java:350)
	at io.lettuce.core.RedisClient.connect(RedisClient.java:216)
	at org.springframework.data.redis.connection.lettuce.StandaloneConnectionProvider.lambda$getConnection$1(StandaloneConnectionProvider.java:111)
	at java.base/java.util.Optional.orElseGet(Optional.java:364)
	at org.springframework.data.redis.connection.lettuce.StandaloneConnectionProvider.getConnection(StandaloneConnectionProvider.java:111)
	at org.springframework.data.redis.connection.lettuce.LettuceConnectionFactory$ExceptionTranslatingConnectionProvider.getConnection(LettuceConnectionFactory.java:1531)
	... 18 common frames omitted
Caused by: java.nio.channels.ClosedChannelException: null
	at io.netty.channel.nio.AbstractNioChannel.doClose(AbstractNioChannel.java:502)
	at io.netty.channel.socket.nio.NioSocketChannel.doClose(NioSocketChannel.java:349)
	at io.netty.channel.AbstractChannel$AbstractUnsafe.doClose0(AbstractChannel.java:754)
	at io.netty.channel.AbstractChannel$AbstractUnsafe.close(AbstractChannel.java:731)
	at io.netty.channel.AbstractChannel$AbstractUnsafe.close(AbstractChannel.java:620)
	at io.netty.channel.DefaultChannelPipeline$HeadContext.close(DefaultChannelPipeline.java:1352)
	at io.netty.channel.AbstractChannelHandlerContext.invokeClose(AbstractChannelHandlerContext.java:749)
	at io.netty.channel.AbstractChannelHandlerContext.access$1200(AbstractChannelHandlerContext.java:61)
	at io.netty.channel.AbstractChannelHandlerContext$11.run(AbstractChannelHandlerContext.java:732)
	at io.netty.util.concurrent.AbstractEventExecutor.runTask(AbstractEventExecutor.java:174)
	at io.netty.util.concurrent.AbstractEventExecutor.safeExecute(AbstractEventExecutor.java:167)
	at io.netty.util.concurrent.SingleThreadEventExecutor.runAllTasks(SingleThreadEventExecutor.java:470)
	at io.netty.channel.nio.NioEventLoop.run(NioEventLoop.java:569)
	at io.netty.util.concurrent.SingleThreadEventExecutor$4.run(SingleThreadEventExecutor.java:997)
	at io.netty.util.internal.ThreadExecutorMap$2.run(ThreadExecutorMap.java:74)
	at io.netty.util.concurrent.FastThreadLocalRunnable.run(FastThreadLocalRunnable.java:30)
	at java.base/java.lang.Thread.run(Thread.java:842)
2026-08-24 11:25:15.858 [Thread-8] WARN  c.alibaba.nacos.common.http.HttpClientBeanHolder - [HttpClientBeanHolder] Start destroying common HttpClient
2026-08-24 11:25:15.858 [Thread-5] WARN  com.alibaba.nacos.common.notify.NotifyCenter - [NotifyCenter] Start destroying Publisher
2026-08-24 11:25:15.858 [Thread-5] WARN  com.alibaba.nacos.common.notify.NotifyCenter - [NotifyCenter] Destruction of the end
2026-08-24 11:25:15.858 [Thread-8] WARN  c.alibaba.nacos.common.http.HttpClientBeanHolder - [HttpClientBeanHolder] Destruction of the end
2026-08-24 11:25:15.883 [SpringApplicationShutdownHook] INFO  c.a.cloud.nacos.registry.NacosServiceRegistry - De-registering from Nacos Server now...
2026-08-24 11:25:15.883 [SpringApplicationShutdownHook] INFO  com.alibaba.nacos.client.naming - [DEREGISTER-SERVICE] public deregistering service xiaohashu-user with instance: Instance{instanceId='null', ip='172.31.111.1', port=8082, weight=1.0, healthy=true, enabled=true, ephemeral=true, clusterName='DEFAULT', serviceName='null', metadata={}}
2026-08-24 11:25:15.891 [SpringApplicationShutdownHook] INFO  c.a.cloud.nacos.registry.NacosServiceRegistry - De-registration finished.
2026-08-24 11:25:15.892 [SpringApplicationShutdownHook] INFO  com.alibaba.nacos.client.naming - com.alibaba.nacos.client.naming.cache.ServiceInfoHolder do shutdown begin
2026-08-24 11:25:15.892 [SpringApplicationShutdownHook] INFO  com.alibaba.nacos.client.naming - com.alibaba.nacos.client.naming.backups.FailoverReactor do shutdown begin
2026-08-24 11:25:15.892 [SpringApplicationShutdownHook] INFO  com.alibaba.nacos.client.naming - com.alibaba.nacos.client.naming.backups.FailoverReactor do shutdown stop
2026-08-24 11:25:15.892 [SpringApplicationShutdownHook] INFO  com.alibaba.nacos.client.naming - com.alibaba.nacos.client.naming.cache.ServiceInfoHolder do shutdown stop
2026-08-24 11:25:15.892 [SpringApplicationShutdownHook] INFO  com.alibaba.nacos.client.naming - com.alibaba.nacos.client.naming.remote.NamingClientProxyDelegate do shutdown begin
2026-08-24 11:25:15.892 [SpringApplicationShutdownHook] INFO  com.alibaba.nacos.client.naming - com.alibaba.nacos.client.naming.core.ServiceInfoUpdateService do shutdown begin
2026-08-24 11:25:15.892 [SpringApplicationShutdownHook] INFO  com.alibaba.nacos.client.naming - com.alibaba.nacos.client.naming.core.ServiceInfoUpdateService do shutdown stop
2026-08-24 11:25:15.892 [SpringApplicationShutdownHook] INFO  com.alibaba.nacos.client.naming - com.alibaba.nacos.client.naming.core.ServerListManager do shutdown begin
2026-08-24 11:25:15.892 [SpringApplicationShutdownHook] WARN  com.alibaba.nacos.client.naming - [NamingHttpClientManager] Start destroying NacosRestTemplate
2026-08-24 11:25:15.892 [SpringApplicationShutdownHook] WARN  com.alibaba.nacos.client.naming - [NamingHttpClientManager] Destruction of the end
2026-08-24 11:25:15.892 [SpringApplicationShutdownHook] INFO  com.alibaba.nacos.client.naming - com.alibaba.nacos.client.naming.core.ServerListManager do shutdown stop
2026-08-24 11:25:15.893 [SpringApplicationShutdownHook] INFO  com.alibaba.nacos.client.naming - com.alibaba.nacos.client.naming.remote.http.NamingHttpClientProxy do shutdown begin
2026-08-24 11:25:15.893 [SpringApplicationShutdownHook] WARN  com.alibaba.nacos.client.naming - [NamingHttpClientManager] Start destroying NacosRestTemplate
2026-08-24 11:25:15.893 [SpringApplicationShutdownHook] WARN  com.alibaba.nacos.client.naming - [NamingHttpClientManager] Destruction of the end
2026-08-24 11:25:15.893 [SpringApplicationShutdownHook] INFO  com.alibaba.nacos.client.naming - com.alibaba.nacos.client.naming.remote.http.NamingHttpClientProxy do shutdown stop
2026-08-24 11:25:15.893 [SpringApplicationShutdownHook] INFO  com.alibaba.nacos.common.remote.client - Shutdown rpc client, set status to shutdown
2026-08-24 11:25:15.893 [SpringApplicationShutdownHook] INFO  com.alibaba.nacos.common.remote.client - Shutdown client event executor java.util.concurrent.ScheduledThreadPoolExecutor@44c44384[Running, pool size = 2, active threads = 2, queued tasks = 0, completed tasks = 0]
2026-08-24 11:25:15.893 [SpringApplicationShutdownHook] INFO  com.alibaba.nacos.common.remote.client - Close current connection 1787541879272_127.0.0.1_57303
2026-08-24 11:25:15.895 [nacos-grpc-client-executor-127.0.0.1-21] INFO  c.a.nacos.common.remote.client.grpc.GrpcClient - [1787541879272_127.0.0.1_57303]Ignore complete event,isRunning:false,isAbandon=false
2026-08-24 11:25:15.896 [SpringApplicationShutdownHook] INFO  c.a.nacos.common.remote.client.grpc.GrpcClient - Shutdown grpc executor java.util.concurrent.ThreadPoolExecutor@2e3ac017[Running, pool size = 6, active threads = 0, queued tasks = 0, completed tasks = 22]
2026-08-24 11:25:15.896 [SpringApplicationShutdownHook] INFO  com.alibaba.nacos.client.naming - Shutdown grpc redo service executor java.util.concurrent.ScheduledThreadPoolExecutor@735162fa[Running, pool size = 1, active threads = 0, queued tasks = 1, completed tasks = 12]
2026-08-24 11:25:15.896 [SpringApplicationShutdownHook] INFO  c.a.n.client.auth.ram.identify.CredentialWatcher - [null] CredentialWatcher is stopped
2026-08-24 11:25:15.896 [SpringApplicationShutdownHook] INFO  c.a.n.client.auth.ram.identify.CredentialService - [null] CredentialService is freed
2026-08-24 11:25:15.896 [SpringApplicationShutdownHook] INFO  com.alibaba.nacos.client.naming - com.alibaba.nacos.client.naming.remote.NamingClientProxyDelegate do shutdown stop
2026-08-24 11:25:16.012 [SpringApplicationShutdownHook] INFO  com.alibaba.druid.pool.DruidDataSource - {dataSource-1} closing ...
2026-08-24 11:25:16.016 [SpringApplicationShutdownHook] INFO  com.alibaba.druid.pool.DruidDataSource - {dataSource-1} closed
2026-08-24 11:25:18.126 [main] WARN  com.alibaba.nacos.client.logging.NacosLogging - Load Logback Configuration of Nacos fail, message: Could not initialize Logback Nacos logging from classpath:nacos-logback.xml
2026-08-24 11:25:18.170 [main] WARN  com.alibaba.nacos.client.logging.NacosLogging - Load Logback Configuration of Nacos fail, message: Could not initialize Logback Nacos logging from classpath:nacos-logback.xml
2026-08-24 11:25:18.175 [main] INFO  c.dyc.xiaohashu.user.XiaohashuUserBizApplication - Starting XiaohashuUserBizApplication using Java 17.0.12 with PID 58212 (E:\CodeDir\xiaohashu\xiaohashu-user\xiaohashu-user-biz\target\classes started by DYC in E:\CodeDir\xiaohashu)
2026-08-24 11:25:18.176 [main] INFO  c.dyc.xiaohashu.user.XiaohashuUserBizApplication - The following 1 profile is active: "dev"
2026-08-24 11:25:18.614 [main] INFO  o.s.d.r.config.RepositoryConfigurationDelegate - Multiple Spring Data modules found, entering strict repository configuration mode
2026-08-24 11:25:18.614 [main] INFO  o.s.d.r.config.RepositoryConfigurationDelegate - Bootstrapping Spring Data Redis repositories in DEFAULT mode.
2026-08-24 11:25:18.635 [main] INFO  o.s.d.r.config.RepositoryConfigurationDelegate - Finished Spring Data repository scanning in 9 ms. Found 0 Redis repository interfaces.
2026-08-24 11:25:18.759 [main] INFO  o.springframework.cloud.context.scope.GenericScope - BeanFactory id=1aabda62-10a2-38c1-8492-febb319e5ef9
2026-08-24 11:25:18.787 [main] INFO  o.s.c.s.PostProcessorRegistrationDelegate$BeanPostProcessorChecker - Bean 'com.dyc.xiaohashu.oss.api.FileFeignApi' of type [org.springframework.cloud.openfeign.FeignClientFactoryBean] is not eligible for getting processed by all BeanPostProcessors (for example: not eligible for auto-proxying)
2026-08-24 11:25:18.980 [main] INFO  o.s.boot.web.embedded.tomcat.TomcatWebServer - Tomcat initialized with port(s): 8082 (http)
2026-08-24 11:25:18.987 [main] INFO  org.apache.catalina.core.StandardService - Starting service [Tomcat]
2026-08-24 11:25:18.987 [main] INFO  org.apache.catalina.core.StandardEngine - Starting Servlet engine: [Apache Tomcat/10.1.5]
2026-08-24 11:25:19.035 [main] INFO  o.a.c.core.ContainerBase.[Tomcat].[localhost].[/] - Initializing Spring embedded WebApplicationContext
2026-08-24 11:25:19.036 [main] INFO  o.s.b.w.s.c.ServletWebServerApplicationContext - Root WebApplicationContext: initialization completed in 829 ms
2026-08-24 11:25:19.099 [main] INFO  c.a.d.s.b.a.DruidDataSourceAutoConfigure - Init DruidDataSource
2026-08-24 11:25:19.272 [main] INFO  com.alibaba.druid.pool.DruidDataSource - {dataSource-1} inited
2026-08-24 11:25:19.459 [main] INFO  o.s.cloud.openfeign.FeignClientFactoryBean - For 'xiaohashu-oss' URL not provided. Will try picking an instance via load-balancing.
2026-08-24 11:25:32.379 [main] WARN  o.s.c.l.c.LoadBalancerCacheAutoConfiguration$LoadBalancerCaffeineWarnLogger - Spring Cloud LoadBalancer is currently working with the default cache. While this cache implementation is useful for development and tests, it's recommended to use Caffeine cache in production.You can switch to using Caffeine cache, by adding it and org.springframework.cache.caffeine.CaffeineCacheManager to the classpath.
2026-08-24 11:25:32.419 [main] INFO  o.s.boot.web.embedded.tomcat.TomcatWebServer - Tomcat started on port(s): 8082 (http) with context path ''
2026-08-24 11:25:32.423 [main] WARN  com.alibaba.nacos.client.logging.NacosLogging - Load Logback Configuration of Nacos fail, message: Could not initialize Logback Nacos logging from classpath:nacos-logback.xml
2026-08-24 11:25:32.423 [main] INFO  com.alibaba.nacos.client.naming - initializer namespace from ans.namespace attribute : null
2026-08-24 11:25:32.424 [main] INFO  com.alibaba.nacos.client.naming - initializer namespace from ALIBABA_ALIWARE_NAMESPACE attribute :null
2026-08-24 11:25:32.424 [main] INFO  com.alibaba.nacos.client.naming - initializer namespace from namespace attribute :null
2026-08-24 11:25:32.438 [main] INFO  com.alibaba.nacos.client.utils.ParamUtil - [settings] [req-serv] nacos-server port:8848
2026-08-24 11:25:32.438 [main] INFO  com.alibaba.nacos.client.utils.ParamUtil - [settings] [http-client] connect timeout:1000
2026-08-24 11:25:32.439 [main] INFO  com.alibaba.nacos.client.utils.ParamUtil - PER_TASK_CONFIG_SIZE: 3000.0
2026-08-24 11:25:32.441 [main] INFO  c.a.n.p.auth.spi.client.ClientAuthPluginManager - [ClientAuthPluginManager] Load ClientAuthService com.alibaba.nacos.client.auth.impl.NacosClientAuthServiceImpl success.
2026-08-24 11:25:32.441 [main] INFO  c.a.n.p.auth.spi.client.ClientAuthPluginManager - [ClientAuthPluginManager] Load ClientAuthService com.alibaba.nacos.client.auth.ram.RamClientAuthServiceImpl success.
2026-08-24 11:25:32.442 [main] INFO  c.a.n.client.auth.ram.identify.CredentialWatcher - null No credential found
2026-08-24 11:25:32.448 [main] INFO  com.alibaba.nacos.common.remote.client - [RpcClientFactory] create a new rpc client of c0c4c2a1-8190-4a49-b3df-9894823254d6
2026-08-24 11:25:32.459 [main] INFO  com.alibaba.nacos.common.remote.client - [c0c4c2a1-8190-4a49-b3df-9894823254d6] RpcClient init, ServerListFactory = com.alibaba.nacos.client.naming.core.ServerListManager
2026-08-24 11:25:32.459 [main] INFO  com.alibaba.nacos.common.remote.client - [c0c4c2a1-8190-4a49-b3df-9894823254d6] Registry connection listener to current client:com.alibaba.nacos.client.naming.remote.gprc.redo.NamingGrpcRedoService
2026-08-24 11:25:32.459 [main] INFO  com.alibaba.nacos.common.remote.client - [c0c4c2a1-8190-4a49-b3df-9894823254d6] Register server push request handler:com.alibaba.nacos.client.naming.remote.gprc.NamingPushRequestHandler
2026-08-24 11:25:32.461 [main] INFO  com.alibaba.nacos.common.remote.client - [c0c4c2a1-8190-4a49-b3df-9894823254d6] Try to connect to server on start up, server: {serverIp = '127.0.0.1', server main port = 8848}
2026-08-24 11:25:32.478 [main] INFO  c.a.nacos.common.remote.client.grpc.GrpcClient - grpc client connection server:127.0.0.1 ip,serverPort:9848,grpcTslConfig:{"sslProvider":"OPENSSL","enableTls":false,"mutualAuthEnable":false,"trustAll":false}
2026-08-24 11:25:33.063 [main] INFO  com.alibaba.nacos.common.remote.client - [c0c4c2a1-8190-4a49-b3df-9894823254d6] Success to connect to server [127.0.0.1:8848] on start up, connectionId = 1787541932904_127.0.0.1_65299
2026-08-24 11:25:33.063 [com.alibaba.nacos.client.remote.worker] INFO  com.alibaba.nacos.common.remote.client - [c0c4c2a1-8190-4a49-b3df-9894823254d6] Notify connected event to listeners.
2026-08-24 11:25:33.063 [com.alibaba.nacos.client.remote.worker] INFO  com.alibaba.nacos.client.naming - Grpc connection connect
2026-08-24 11:25:33.064 [main] INFO  com.alibaba.nacos.common.remote.client - [c0c4c2a1-8190-4a49-b3df-9894823254d6] Register server push request handler:com.alibaba.nacos.common.remote.client.RpcClient$ConnectResetRequestHandler
2026-08-24 11:25:33.064 [main] INFO  com.alibaba.nacos.common.remote.client - [c0c4c2a1-8190-4a49-b3df-9894823254d6] Register server push request handler:com.alibaba.nacos.common.remote.client.RpcClient$$Lambda$1234/0x000001ff63880890
2026-08-24 11:25:33.065 [main] INFO  com.alibaba.nacos.client.naming - [REGISTER-SERVICE] public registering service xiaohashu-user with instance Instance{instanceId='null', ip='172.31.111.1', port=8082, weight=1.0, healthy=true, enabled=true, ephemeral=true, clusterName='DEFAULT', serviceName='null', metadata={IPv6=[240c:c981:3000:0:86ee:d472:e60d:74fc], preserved.register.source=SPRING_CLOUD}}
2026-08-24 11:25:33.075 [main] INFO  c.a.cloud.nacos.registry.NacosServiceRegistry - nacos registry, DEFAULT_GROUP xiaohashu-user 172.31.111.1:8082 register finished
2026-08-24 11:25:33.164 [main] INFO  c.dyc.xiaohashu.user.XiaohashuUserBizApplication - Started XiaohashuUserBizApplication in 15.536 seconds (process running for 16.057)
2026-08-24 11:25:33.470 [main] DEBUG c.d.x.u.d.mapper.RoleDOMapper.selectEnabledList - ==>  Preparing: select id, role_key, role_name from t_role where `status` = 0 and is_deleted = 0
2026-08-24 11:25:33.629 [main] DEBUG c.d.x.u.d.mapper.RoleDOMapper.selectEnabledList - ==> Parameters: 
2026-08-24 11:25:33.647 [main] DEBUG c.d.x.u.d.mapper.RoleDOMapper.selectEnabledList - <==      Total: 1
2026-08-24 11:25:33.660 [main] DEBUG c.d.x.u.d.m.RolePermissionDOMapper.selectByRoleIds - ==>  Preparing: select role_id, permission_id from t_role_permission_rel where role_id in ( ? )
2026-08-24 11:25:33.661 [main] DEBUG c.d.x.u.d.m.RolePermissionDOMapper.selectByRoleIds - ==> Parameters: 1(Long)
2026-08-24 11:25:33.664 [main] DEBUG c.d.x.u.d.m.RolePermissionDOMapper.selectByRoleIds - <==      Total: 2
2026-08-24 11:25:33.664 [main] DEBUG c.d.x.u.d.m.P.selectAppEnabledList - ==>  Preparing: select id, `name`, permission_key from t_permission where `status` = 0 and `type` = 3 and is_deleted = 0
2026-08-24 11:25:33.665 [main] DEBUG c.d.x.u.d.m.P.selectAppEnabledList - ==> Parameters: 
2026-08-24 11:25:33.668 [main] DEBUG c.d.x.u.d.m.P.selectAppEnabledList - <==      Total: 3
2026-08-24 12:02:48.412 [Thread-5] WARN  com.alibaba.nacos.common.notify.NotifyCenter - [NotifyCenter] Start destroying Publisher
2026-08-24 12:02:48.412 [Thread-8] WARN  c.alibaba.nacos.common.http.HttpClientBeanHolder - [HttpClientBeanHolder] Start destroying common HttpClient
2026-08-24 12:02:48.412 [Thread-5] WARN  com.alibaba.nacos.common.notify.NotifyCenter - [NotifyCenter] Destruction of the end
2026-08-24 12:02:48.413 [Thread-8] WARN  c.alibaba.nacos.common.http.HttpClientBeanHolder - [HttpClientBeanHolder] Destruction of the end
2026-08-24 12:02:48.442 [SpringApplicationShutdownHook] INFO  c.a.cloud.nacos.registry.NacosServiceRegistry - De-registering from Nacos Server now...
2026-08-24 12:02:48.442 [SpringApplicationShutdownHook] INFO  com.alibaba.nacos.client.naming - [DEREGISTER-SERVICE] public deregistering service xiaohashu-user with instance: Instance{instanceId='null', ip='172.31.111.1', port=8082, weight=1.0, healthy=true, enabled=true, ephemeral=true, clusterName='DEFAULT', serviceName='null', metadata={}}
2026-08-24 12:02:48.446 [SpringApplicationShutdownHook] INFO  c.a.cloud.nacos.registry.NacosServiceRegistry - De-registration finished.
2026-08-24 12:02:48.447 [SpringApplicationShutdownHook] INFO  com.alibaba.nacos.client.naming - com.alibaba.nacos.client.naming.cache.ServiceInfoHolder do shutdown begin
2026-08-24 12:02:48.447 [SpringApplicationShutdownHook] INFO  com.alibaba.nacos.client.naming - com.alibaba.nacos.client.naming.backups.FailoverReactor do shutdown begin
2026-08-24 12:02:48.447 [SpringApplicationShutdownHook] INFO  com.alibaba.nacos.client.naming - com.alibaba.nacos.client.naming.backups.FailoverReactor do shutdown stop
2026-08-24 12:02:48.447 [SpringApplicationShutdownHook] INFO  com.alibaba.nacos.client.naming - com.alibaba.nacos.client.naming.cache.ServiceInfoHolder do shutdown stop
2026-08-24 12:02:48.447 [SpringApplicationShutdownHook] INFO  com.alibaba.nacos.client.naming - com.alibaba.nacos.client.naming.remote.NamingClientProxyDelegate do shutdown begin
2026-08-24 12:02:48.447 [SpringApplicationShutdownHook] INFO  com.alibaba.nacos.client.naming - com.alibaba.nacos.client.naming.core.ServiceInfoUpdateService do shutdown begin
2026-08-24 12:02:48.447 [SpringApplicationShutdownHook] INFO  com.alibaba.nacos.client.naming - com.alibaba.nacos.client.naming.core.ServiceInfoUpdateService do shutdown stop
2026-08-24 12:02:48.447 [SpringApplicationShutdownHook] INFO  com.alibaba.nacos.client.naming - com.alibaba.nacos.client.naming.core.ServerListManager do shutdown begin
2026-08-24 12:02:48.447 [SpringApplicationShutdownHook] WARN  com.alibaba.nacos.client.naming - [NamingHttpClientManager] Start destroying NacosRestTemplate
2026-08-24 12:02:48.447 [SpringApplicationShutdownHook] WARN  com.alibaba.nacos.client.naming - [NamingHttpClientManager] Destruction of the end
2026-08-24 12:02:48.447 [SpringApplicationShutdownHook] INFO  com.alibaba.nacos.client.naming - com.alibaba.nacos.client.naming.core.ServerListManager do shutdown stop
2026-08-24 12:02:48.447 [SpringApplicationShutdownHook] INFO  com.alibaba.nacos.client.naming - com.alibaba.nacos.client.naming.remote.http.NamingHttpClientProxy do shutdown begin
2026-08-24 12:02:48.447 [SpringApplicationShutdownHook] WARN  com.alibaba.nacos.client.naming - [NamingHttpClientManager] Start destroying NacosRestTemplate
2026-08-24 12:02:48.447 [SpringApplicationShutdownHook] WARN  com.alibaba.nacos.client.naming - [NamingHttpClientManager] Destruction of the end
2026-08-24 12:02:48.447 [SpringApplicationShutdownHook] INFO  com.alibaba.nacos.client.naming - com.alibaba.nacos.client.naming.remote.http.NamingHttpClientProxy do shutdown stop
2026-08-24 12:02:48.447 [SpringApplicationShutdownHook] INFO  com.alibaba.nacos.common.remote.client - Shutdown rpc client, set status to shutdown
2026-08-24 12:02:48.447 [SpringApplicationShutdownHook] INFO  com.alibaba.nacos.common.remote.client - Shutdown client event executor java.util.concurrent.ScheduledThreadPoolExecutor@5ab6d9fa[Running, pool size = 2, active threads = 2, queued tasks = 0, completed tasks = 0]
2026-08-24 12:02:48.447 [SpringApplicationShutdownHook] INFO  com.alibaba.nacos.common.remote.client - Close current connection 1787541932904_127.0.0.1_65299
2026-08-24 12:02:48.449 [nacos-grpc-client-executor-127.0.0.1-465] INFO  c.a.nacos.common.remote.client.grpc.GrpcClient - [1787541932904_127.0.0.1_65299]Ignore complete event,isRunning:false,isAbandon=false
2026-08-24 12:02:48.450 [SpringApplicationShutdownHook] INFO  c.a.nacos.common.remote.client.grpc.GrpcClient - Shutdown grpc executor java.util.concurrent.ThreadPoolExecutor@3abf7efc[Running, pool size = 4, active threads = 0, queued tasks = 0, completed tasks = 466]
2026-08-24 12:02:48.450 [SpringApplicationShutdownHook] INFO  com.alibaba.nacos.client.naming - Shutdown grpc redo service executor java.util.concurrent.ScheduledThreadPoolExecutor@290e78fb[Running, pool size = 1, active threads = 0, queued tasks = 1, completed tasks = 743]
2026-08-24 12:02:48.450 [SpringApplicationShutdownHook] INFO  c.a.n.client.auth.ram.identify.CredentialWatcher - [null] CredentialWatcher is stopped
2026-08-24 12:02:48.450 [SpringApplicationShutdownHook] INFO  c.a.n.client.auth.ram.identify.CredentialService - [null] CredentialService is freed
2026-08-24 12:02:48.450 [SpringApplicationShutdownHook] INFO  com.alibaba.nacos.client.naming - com.alibaba.nacos.client.naming.remote.NamingClientProxyDelegate do shutdown stop
2026-08-24 12:02:48.565 [SpringApplicationShutdownHook] INFO  com.alibaba.druid.pool.DruidDataSource - {dataSource-1} closing ...
2026-08-24 12:02:48.565 [SpringApplicationShutdownHook] INFO  com.alibaba.druid.pool.DruidDataSource - {dataSource-1} closed
2026-08-24 12:03:01.488 [main] WARN  com.alibaba.nacos.client.logging.NacosLogging - Load Logback Configuration of Nacos fail, message: Could not initialize Logback Nacos logging from classpath:nacos-logback.xml
2026-08-24 12:03:01.538 [main] WARN  com.alibaba.nacos.client.logging.NacosLogging - Load Logback Configuration of Nacos fail, message: Could not initialize Logback Nacos logging from classpath:nacos-logback.xml
2026-08-24 12:03:01.544 [main] INFO  c.dyc.xiaohashu.user.XiaohashuUserBizApplication - Starting XiaohashuUserBizApplication using Java 17.0.12 with PID 49820 (E:\CodeDir\xiaohashu\xiaohashu-user\xiaohashu-user-biz\target\classes started by DYC in E:\CodeDir\xiaohashu)
2026-08-24 12:03:01.545 [main] INFO  c.dyc.xiaohashu.user.XiaohashuUserBizApplication - The following 1 profile is active: "dev"
2026-08-24 12:03:02.153 [main] INFO  o.s.d.r.config.RepositoryConfigurationDelegate - Multiple Spring Data modules found, entering strict repository configuration mode
2026-08-24 12:03:02.156 [main] INFO  o.s.d.r.config.RepositoryConfigurationDelegate - Bootstrapping Spring Data Redis repositories in DEFAULT mode.
2026-08-24 12:03:02.181 [main] INFO  o.s.d.r.config.RepositoryConfigurationDelegate - Finished Spring Data repository scanning in 14 ms. Found 0 Redis repository interfaces.
2026-08-24 12:03:02.352 [main] INFO  o.springframework.cloud.context.scope.GenericScope - BeanFactory id=73fb80dc-6010-3da0-9ebd-1615e5a1c261
2026-08-24 12:03:02.387 [main] INFO  o.s.c.s.PostProcessorRegistrationDelegate$BeanPostProcessorChecker - Bean 'com.dyc.xiaohashu.oss.api.FileFeignApi' of type [org.springframework.cloud.openfeign.FeignClientFactoryBean] is not eligible for getting processed by all BeanPostProcessors (for example: not eligible for auto-proxying)
2026-08-24 12:03:02.664 [main] INFO  o.s.boot.web.embedded.tomcat.TomcatWebServer - Tomcat initialized with port(s): 8082 (http)
2026-08-24 12:03:02.671 [main] INFO  org.apache.catalina.core.StandardService - Starting service [Tomcat]
2026-08-24 12:03:02.671 [main] INFO  org.apache.catalina.core.StandardEngine - Starting Servlet engine: [Apache Tomcat/10.1.5]
2026-08-24 12:03:02.738 [main] INFO  o.a.c.core.ContainerBase.[Tomcat].[localhost].[/] - Initializing Spring embedded WebApplicationContext
2026-08-24 12:03:02.738 [main] INFO  o.s.b.w.s.c.ServletWebServerApplicationContext - Root WebApplicationContext: initialization completed in 1153 ms
2026-08-24 12:03:02.817 [main] INFO  c.a.d.s.b.a.DruidDataSourceAutoConfigure - Init DruidDataSource
2026-08-24 12:03:03.037 [main] INFO  com.alibaba.druid.pool.DruidDataSource - {dataSource-1} inited
2026-08-24 12:03:03.312 [main] INFO  o.s.cloud.openfeign.FeignClientFactoryBean - For 'xiaohashu-oss' URL not provided. Will try picking an instance via load-balancing.
2026-08-24 12:03:16.427 [main] WARN  o.s.c.l.c.LoadBalancerCacheAutoConfiguration$LoadBalancerCaffeineWarnLogger - Spring Cloud LoadBalancer is currently working with the default cache. While this cache implementation is useful for development and tests, it's recommended to use Caffeine cache in production.You can switch to using Caffeine cache, by adding it and org.springframework.cache.caffeine.CaffeineCacheManager to the classpath.
2026-08-24 12:03:16.471 [main] INFO  o.s.boot.web.embedded.tomcat.TomcatWebServer - Tomcat started on port(s): 8082 (http) with context path ''
2026-08-24 12:03:16.476 [main] WARN  com.alibaba.nacos.client.logging.NacosLogging - Load Logback Configuration of Nacos fail, message: Could not initialize Logback Nacos logging from classpath:nacos-logback.xml
2026-08-24 12:03:16.476 [main] INFO  com.alibaba.nacos.client.naming - initializer namespace from ans.namespace attribute : null
2026-08-24 12:03:16.476 [main] INFO  com.alibaba.nacos.client.naming - initializer namespace from ALIBABA_ALIWARE_NAMESPACE attribute :null
2026-08-24 12:03:16.476 [main] INFO  com.alibaba.nacos.client.naming - initializer namespace from namespace attribute :null
2026-08-24 12:03:16.490 [main] INFO  com.alibaba.nacos.client.utils.ParamUtil - [settings] [req-serv] nacos-server port:8848
2026-08-24 12:03:16.491 [main] INFO  com.alibaba.nacos.client.utils.ParamUtil - [settings] [http-client] connect timeout:1000
2026-08-24 12:03:16.492 [main] INFO  com.alibaba.nacos.client.utils.ParamUtil - PER_TASK_CONFIG_SIZE: 3000.0
2026-08-24 12:03:16.494 [main] INFO  c.a.n.p.auth.spi.client.ClientAuthPluginManager - [ClientAuthPluginManager] Load ClientAuthService com.alibaba.nacos.client.auth.impl.NacosClientAuthServiceImpl success.
2026-08-24 12:03:16.494 [main] INFO  c.a.n.p.auth.spi.client.ClientAuthPluginManager - [ClientAuthPluginManager] Load ClientAuthService com.alibaba.nacos.client.auth.ram.RamClientAuthServiceImpl success.
2026-08-24 12:03:16.496 [main] INFO  c.a.n.client.auth.ram.identify.CredentialWatcher - null No credential found
2026-08-24 12:03:16.503 [main] INFO  com.alibaba.nacos.common.remote.client - [RpcClientFactory] create a new rpc client of a5bba52d-3565-422a-9942-8e5c60a7b7ce
2026-08-24 12:03:16.514 [main] INFO  com.alibaba.nacos.common.remote.client - [a5bba52d-3565-422a-9942-8e5c60a7b7ce] RpcClient init, ServerListFactory = com.alibaba.nacos.client.naming.core.ServerListManager
2026-08-24 12:03:16.514 [main] INFO  com.alibaba.nacos.common.remote.client - [a5bba52d-3565-422a-9942-8e5c60a7b7ce] Registry connection listener to current client:com.alibaba.nacos.client.naming.remote.gprc.redo.NamingGrpcRedoService
2026-08-24 12:03:16.514 [main] INFO  com.alibaba.nacos.common.remote.client - [a5bba52d-3565-422a-9942-8e5c60a7b7ce] Register server push request handler:com.alibaba.nacos.client.naming.remote.gprc.NamingPushRequestHandler
2026-08-24 12:03:16.516 [main] INFO  com.alibaba.nacos.common.remote.client - [a5bba52d-3565-422a-9942-8e5c60a7b7ce] Try to connect to server on start up, server: {serverIp = '127.0.0.1', server main port = 8848}
2026-08-24 12:03:16.535 [main] INFO  c.a.nacos.common.remote.client.grpc.GrpcClient - grpc client connection server:127.0.0.1 ip,serverPort:9848,grpcTslConfig:{"sslProvider":"OPENSSL","enableTls":false,"mutualAuthEnable":false,"trustAll":false}
2026-08-24 12:03:17.173 [main] INFO  com.alibaba.nacos.common.remote.client - [a5bba52d-3565-422a-9942-8e5c60a7b7ce] Success to connect to server [127.0.0.1:8848] on start up, connectionId = 1787544197009_127.0.0.1_56138
2026-08-24 12:03:17.173 [com.alibaba.nacos.client.remote.worker] INFO  com.alibaba.nacos.common.remote.client - [a5bba52d-3565-422a-9942-8e5c60a7b7ce] Notify connected event to listeners.
2026-08-24 12:03:17.173 [com.alibaba.nacos.client.remote.worker] INFO  com.alibaba.nacos.client.naming - Grpc connection connect
2026-08-24 12:03:17.174 [main] INFO  com.alibaba.nacos.common.remote.client - [a5bba52d-3565-422a-9942-8e5c60a7b7ce] Register server push request handler:com.alibaba.nacos.common.remote.client.RpcClient$ConnectResetRequestHandler
2026-08-24 12:03:17.174 [main] INFO  com.alibaba.nacos.common.remote.client - [a5bba52d-3565-422a-9942-8e5c60a7b7ce] Register server push request handler:com.alibaba.nacos.common.remote.client.RpcClient$$Lambda$1234/0x0000025d5d8818c0
2026-08-24 12:03:17.175 [main] INFO  com.alibaba.nacos.client.naming - [REGISTER-SERVICE] public registering service xiaohashu-user with instance Instance{instanceId='null', ip='172.31.111.1', port=8082, weight=1.0, healthy=true, enabled=true, ephemeral=true, clusterName='DEFAULT', serviceName='null', metadata={IPv6=[240c:c981:3000:0:86ee:d472:e60d:74fc], preserved.register.source=SPRING_CLOUD}}
2026-08-24 12:03:17.185 [main] INFO  c.a.cloud.nacos.registry.NacosServiceRegistry - nacos registry, DEFAULT_GROUP xiaohashu-user 172.31.111.1:8082 register finished
2026-08-24 12:03:17.279 [main] INFO  c.dyc.xiaohashu.user.XiaohashuUserBizApplication - Started XiaohashuUserBizApplication in 16.293 seconds (process running for 16.674)
2026-08-24 12:22:08.967 [http-nio-8082-exec-2] INFO  o.a.c.core.ContainerBase.[Tomcat].[localhost].[/] - Initializing Spring DispatcherServlet 'dispatcherServlet'
2026-08-24 12:22:08.967 [http-nio-8082-exec-2] INFO  org.springframework.web.servlet.DispatcherServlet - Initializing Servlet 'dispatcherServlet'
2026-08-24 12:22:08.970 [http-nio-8082-exec-2] INFO  org.springframework.web.servlet.DispatcherServlet - Completed initialization in 3 ms
2026-08-24 12:22:09.361 [http-nio-8082-exec-2] DEBUG c.d.x.u.domain.mapper.UserDOMapper.selectByPhone - ==>  Preparing: select id, `password` from t_user where phone = ? limit 1
2026-08-24 12:22:10.026 [http-nio-8082-exec-2] DEBUG c.d.x.u.domain.mapper.UserDOMapper.selectByPhone - ==> Parameters: 19862172631(String)
2026-08-24 12:22:10.098 [http-nio-8082-exec-2] DEBUG c.d.x.u.domain.mapper.UserDOMapper.selectByPhone - <==      Total: 0
2026-08-24 12:22:10.105 [http-nio-8082-exec-2] DEBUG c.d.x.user.domain.mapper.UserDOMapper.insert - ==>  Preparing: insert into t_user (id, xiaohashu_id, `password`, nickname, avatar, birthday, background_img, phone, sex, `status`, introduction, create_time, update_time, is_deleted) values (?, ?, ?, ?, ?, ?, ?, ?, ?, ?, ?, ?, ?, ?)
2026-08-24 12:22:10.531 [http-nio-8082-exec-2] DEBUG c.d.x.user.domain.mapper.UserDOMapper.insert - ==> Parameters: 1787545330104002(Long), HLMQZKHNTL(String), null, 小哈薯HLMQZKHNTL(String), null, null, null, 19862172631(String), null, 0(Integer), null, 2026-08-24T12:22:10.104006300(LocalDateTime), 2026-08-24T12:22:10.104006300(LocalDateTime), false(Boolean)
2026-08-24 12:22:10.561 [http-nio-8082-exec-2] DEBUG c.d.x.user.domain.mapper.UserDOMapper.insert - <==    Updates: 1
2026-08-24 12:22:10.566 [http-nio-8082-exec-2] DEBUG c.d.x.user.domain.mapper.UserRoleDOMapper.insert - ==>  Preparing: insert into t_user_role_rel (id, user_id, role_id, create_time, update_time, is_deleted) values (?, ?, ?, ?, ?, ?)
2026-08-24 12:22:10.569 [http-nio-8082-exec-2] DEBUG c.d.x.user.domain.mapper.UserRoleDOMapper.insert - ==> Parameters: null, 1787545330104002(Long), 1(Long), 2026-08-24T12:22:10.104006300(LocalDateTime), 2026-08-24T12:22:10.104006300(LocalDateTime), false(Boolean)
2026-08-24 12:22:10.578 [http-nio-8082-exec-2] DEBUG c.d.x.user.domain.mapper.UserRoleDOMapper.insert - <==    Updates: 1
2026-08-24 12:22:10.579 [http-nio-8082-exec-2] DEBUG c.d.x.u.d.mapper.RoleDOMapper.selectByPrimaryKey - ==>  Preparing: select id, role_name, role_key, `status`, sort, remark, create_time, update_time, is_deleted from t_role where id = ?
2026-08-24 12:22:10.579 [http-nio-8082-exec-2] DEBUG c.d.x.u.d.mapper.RoleDOMapper.selectByPrimaryKey - ==> Parameters: 1(Long)
2026-08-24 12:22:10.591 [http-nio-8082-exec-2] DEBUG c.d.x.u.d.mapper.RoleDOMapper.selectByPrimaryKey - <==      Total: 1
2026-08-24 12:22:10.606 [http-nio-8082-exec-2] DEBUG c.d.x.user.domain.mapper.UserCountDOMapper.insert - ==>  Preparing: insert into t_user_count (user_id, fans_total, following_total, note_total, like_total, collect_total) values (?, 0, 0, 0, 0, 0)
2026-08-24 12:22:10.608 [http-nio-8082-exec-2] DEBUG c.d.x.user.domain.mapper.UserCountDOMapper.insert - ==> Parameters: 1787545330104002(Long)
2026-08-24 12:22:10.629 [http-nio-8082-exec-2] DEBUG c.d.x.user.domain.mapper.UserCountDOMapper.insert - <==    Updates: 1
2026-08-24 12:22:11.019 [http-nio-8082-exec-3] WARN  c.d.x.user.exception.GlobalExceptionHandler - /user/profile request fail, errorCode: USER-20008, errorMessage: 当前登录用户不存在
2026-08-24 12:22:20.616 [http-nio-8082-exec-4] WARN  c.d.x.user.exception.GlobalExceptionHandler - /user/profile request fail, errorCode: USER-20008, errorMessage: 当前登录用户不存在
2026-08-24 12:22:20.621 [http-nio-8082-exec-5] WARN  c.d.x.user.exception.GlobalExceptionHandler - /user/profile request fail, errorCode: USER-20008, errorMessage: 当前登录用户不存在
2026-08-24 12:59:06.752 [http-nio-8082-exec-8] WARN  c.d.x.user.exception.GlobalExceptionHandler - /user/profile request fail, errorCode: USER-20008, errorMessage: 当前登录用户不存在
2026-08-24 12:59:06.753 [http-nio-8082-exec-9] WARN  c.d.x.user.exception.GlobalExceptionHandler - /user/profile request fail, errorCode: USER-20008, errorMessage: 当前登录用户不存在
2026-08-24 15:19:31.772 [Thread-5] WARN  com.alibaba.nacos.common.notify.NotifyCenter - [NotifyCenter] Start destroying Publisher
2026-08-24 15:19:31.772 [Thread-8] WARN  c.alibaba.nacos.common.http.HttpClientBeanHolder - [HttpClientBeanHolder] Start destroying common HttpClient
2026-08-24 15:19:31.775 [Thread-5] WARN  com.alibaba.nacos.common.notify.NotifyCenter - [NotifyCenter] Destruction of the end
2026-08-24 15:19:31.778 [Thread-8] WARN  c.alibaba.nacos.common.http.HttpClientBeanHolder - [HttpClientBeanHolder] Destruction of the end
2026-08-24 15:19:31.867 [SpringApplicationShutdownHook] INFO  c.a.cloud.nacos.registry.NacosServiceRegistry - De-registering from Nacos Server now...
2026-08-24 15:19:31.867 [SpringApplicationShutdownHook] INFO  com.alibaba.nacos.client.naming - [DEREGISTER-SERVICE] public deregistering service xiaohashu-user with instance: Instance{instanceId='null', ip='172.31.111.1', port=8082, weight=1.0, healthy=true, enabled=true, ephemeral=true, clusterName='DEFAULT', serviceName='null', metadata={}}
2026-08-24 15:19:31.875 [SpringApplicationShutdownHook] INFO  c.a.cloud.nacos.registry.NacosServiceRegistry - De-registration finished.
2026-08-24 15:19:31.876 [SpringApplicationShutdownHook] INFO  com.alibaba.nacos.client.naming - com.alibaba.nacos.client.naming.cache.ServiceInfoHolder do shutdown begin
2026-08-24 15:19:31.876 [SpringApplicationShutdownHook] INFO  com.alibaba.nacos.client.naming - com.alibaba.nacos.client.naming.backups.FailoverReactor do shutdown begin
2026-08-24 15:19:31.876 [SpringApplicationShutdownHook] INFO  com.alibaba.nacos.client.naming - com.alibaba.nacos.client.naming.backups.FailoverReactor do shutdown stop
2026-08-24 15:19:31.876 [SpringApplicationShutdownHook] INFO  com.alibaba.nacos.client.naming - com.alibaba.nacos.client.naming.cache.ServiceInfoHolder do shutdown stop
2026-08-24 15:19:31.876 [SpringApplicationShutdownHook] INFO  com.alibaba.nacos.client.naming - com.alibaba.nacos.client.naming.remote.NamingClientProxyDelegate do shutdown begin
2026-08-24 15:19:31.876 [SpringApplicationShutdownHook] INFO  com.alibaba.nacos.client.naming - com.alibaba.nacos.client.naming.core.ServiceInfoUpdateService do shutdown begin
2026-08-24 15:19:31.876 [SpringApplicationShutdownHook] INFO  com.alibaba.nacos.client.naming - com.alibaba.nacos.client.naming.core.ServiceInfoUpdateService do shutdown stop
2026-08-24 15:19:31.876 [SpringApplicationShutdownHook] INFO  com.alibaba.nacos.client.naming - com.alibaba.nacos.client.naming.core.ServerListManager do shutdown begin
2026-08-24 15:19:31.876 [SpringApplicationShutdownHook] WARN  com.alibaba.nacos.client.naming - [NamingHttpClientManager] Start destroying NacosRestTemplate
2026-08-24 15:19:31.876 [SpringApplicationShutdownHook] WARN  com.alibaba.nacos.client.naming - [NamingHttpClientManager] Destruction of the end
2026-08-24 15:19:31.876 [SpringApplicationShutdownHook] INFO  com.alibaba.nacos.client.naming - com.alibaba.nacos.client.naming.core.ServerListManager do shutdown stop
2026-08-24 15:19:31.876 [SpringApplicationShutdownHook] INFO  com.alibaba.nacos.client.naming - com.alibaba.nacos.client.naming.remote.http.NamingHttpClientProxy do shutdown begin
2026-08-24 15:19:31.876 [SpringApplicationShutdownHook] WARN  com.alibaba.nacos.client.naming - [NamingHttpClientManager] Start destroying NacosRestTemplate
2026-08-24 15:19:31.876 [SpringApplicationShutdownHook] WARN  com.alibaba.nacos.client.naming - [NamingHttpClientManager] Destruction of the end
2026-08-24 15:19:31.877 [SpringApplicationShutdownHook] INFO  com.alibaba.nacos.client.naming - com.alibaba.nacos.client.naming.remote.http.NamingHttpClientProxy do shutdown stop
2026-08-24 15:19:31.877 [SpringApplicationShutdownHook] INFO  com.alibaba.nacos.common.remote.client - Shutdown rpc client, set status to shutdown
2026-08-24 15:19:31.877 [SpringApplicationShutdownHook] INFO  com.alibaba.nacos.common.remote.client - Shutdown client event executor java.util.concurrent.ScheduledThreadPoolExecutor@596141c4[Running, pool size = 2, active threads = 2, queued tasks = 0, completed tasks = 0]
2026-08-24 15:19:31.877 [SpringApplicationShutdownHook] INFO  com.alibaba.nacos.common.remote.client - Close current connection 1787544197009_127.0.0.1_56138
2026-08-24 15:19:31.879 [nacos-grpc-client-executor-127.0.0.1-2366] INFO  c.a.nacos.common.remote.client.grpc.GrpcClient - [1787544197009_127.0.0.1_56138]Ignore complete event,isRunning:false,isAbandon=false
2026-08-24 15:19:31.882 [SpringApplicationShutdownHook] INFO  c.a.nacos.common.remote.client.grpc.GrpcClient - Shutdown grpc executor java.util.concurrent.ThreadPoolExecutor@213b0f50[Running, pool size = 5, active threads = 0, queued tasks = 0, completed tasks = 2367]
2026-08-24 15:19:31.882 [SpringApplicationShutdownHook] INFO  com.alibaba.nacos.client.naming - Shutdown grpc redo service executor java.util.concurrent.ScheduledThreadPoolExecutor@62dbe02b[Running, pool size = 1, active threads = 0, queued tasks = 1, completed tasks = 3914]
2026-08-24 15:19:31.883 [SpringApplicationShutdownHook] INFO  c.a.n.client.auth.ram.identify.CredentialWatcher - [null] CredentialWatcher is stopped
2026-08-24 15:19:31.883 [SpringApplicationShutdownHook] INFO  c.a.n.client.auth.ram.identify.CredentialService - [null] CredentialService is freed
2026-08-24 15:19:31.884 [SpringApplicationShutdownHook] INFO  com.alibaba.nacos.client.naming - com.alibaba.nacos.client.naming.remote.NamingClientProxyDelegate do shutdown stop
2026-08-24 15:19:32.054 [SpringApplicationShutdownHook] INFO  com.alibaba.druid.pool.DruidDataSource - {dataSource-1} closing ...
2026-08-24 15:19:32.056 [SpringApplicationShutdownHook] INFO  com.alibaba.druid.pool.DruidDataSource - {dataSource-1} closed
2026-08-24 15:45:38.397 [main] WARN  com.alibaba.nacos.client.logging.NacosLogging - Load Logback Configuration of Nacos fail, message: Could not initialize Logback Nacos logging from classpath:nacos-logback.xml
2026-08-24 15:45:38.447 [main] WARN  com.alibaba.nacos.client.logging.NacosLogging - Load Logback Configuration of Nacos fail, message: Could not initialize Logback Nacos logging from classpath:nacos-logback.xml
2026-08-24 15:45:38.453 [main] INFO  c.dyc.xiaohashu.user.XiaohashuUserBizApplication - Starting XiaohashuUserBizApplication using Java 17.0.12 with PID 28892 (E:\CodeDir\xiaohashu\xiaohashu-user\xiaohashu-user-biz\target\classes started by DYC in E:\CodeDir\xiaohashu)
2026-08-24 15:45:38.454 [main] INFO  c.dyc.xiaohashu.user.XiaohashuUserBizApplication - The following 1 profile is active: "dev"
2026-08-24 15:45:38.906 [main] INFO  o.s.d.r.config.RepositoryConfigurationDelegate - Multiple Spring Data modules found, entering strict repository configuration mode
2026-08-24 15:45:38.909 [main] INFO  o.s.d.r.config.RepositoryConfigurationDelegate - Bootstrapping Spring Data Redis repositories in DEFAULT mode.
2026-08-24 15:45:38.926 [main] INFO  o.s.d.r.config.RepositoryConfigurationDelegate - Finished Spring Data repository scanning in 8 ms. Found 0 Redis repository interfaces.
2026-08-24 15:45:39.051 [main] INFO  o.springframework.cloud.context.scope.GenericScope - BeanFactory id=3e207388-fbfc-381c-998c-a7c26d7c7622
2026-08-24 15:45:39.078 [main] INFO  o.s.c.s.PostProcessorRegistrationDelegate$BeanPostProcessorChecker - Bean 'com.dyc.xiaohashu.oss.api.FileFeignApi' of type [org.springframework.cloud.openfeign.FeignClientFactoryBean] is not eligible for getting processed by all BeanPostProcessors (for example: not eligible for auto-proxying)
2026-08-24 15:45:39.301 [main] INFO  o.s.boot.web.embedded.tomcat.TomcatWebServer - Tomcat initialized with port(s): 8082 (http)
2026-08-24 15:45:39.307 [main] INFO  org.apache.catalina.core.StandardService - Starting service [Tomcat]
2026-08-24 15:45:39.307 [main] INFO  org.apache.catalina.core.StandardEngine - Starting Servlet engine: [Apache Tomcat/10.1.5]
2026-08-24 15:45:39.360 [main] INFO  o.a.c.core.ContainerBase.[Tomcat].[localhost].[/] - Initializing Spring embedded WebApplicationContext
2026-08-24 15:45:39.361 [main] INFO  o.s.b.w.s.c.ServletWebServerApplicationContext - Root WebApplicationContext: initialization completed in 876 ms
2026-08-24 15:45:39.423 [main] INFO  c.a.d.s.b.a.DruidDataSourceAutoConfigure - Init DruidDataSource
2026-08-24 15:45:39.607 [main] INFO  com.alibaba.druid.pool.DruidDataSource - {dataSource-1} inited
2026-08-24 15:45:39.872 [main] INFO  o.s.cloud.openfeign.FeignClientFactoryBean - For 'xiaohashu-oss' URL not provided. Will try picking an instance via load-balancing.
2026-08-24 15:45:52.787 [main] WARN  o.s.c.l.c.LoadBalancerCacheAutoConfiguration$LoadBalancerCaffeineWarnLogger - Spring Cloud LoadBalancer is currently working with the default cache. While this cache implementation is useful for development and tests, it's recommended to use Caffeine cache in production.You can switch to using Caffeine cache, by adding it and org.springframework.cache.caffeine.CaffeineCacheManager to the classpath.
2026-08-24 15:45:52.825 [main] INFO  o.s.boot.web.embedded.tomcat.TomcatWebServer - Tomcat started on port(s): 8082 (http) with context path ''
2026-08-24 15:45:52.829 [main] WARN  com.alibaba.nacos.client.logging.NacosLogging - Load Logback Configuration of Nacos fail, message: Could not initialize Logback Nacos logging from classpath:nacos-logback.xml
2026-08-24 15:45:52.829 [main] INFO  com.alibaba.nacos.client.naming - initializer namespace from ans.namespace attribute : null
2026-08-24 15:45:52.830 [main] INFO  com.alibaba.nacos.client.naming - initializer namespace from ALIBABA_ALIWARE_NAMESPACE attribute :null
2026-08-24 15:45:52.830 [main] INFO  com.alibaba.nacos.client.naming - initializer namespace from namespace attribute :null
2026-08-24 15:45:52.845 [main] INFO  com.alibaba.nacos.client.utils.ParamUtil - [settings] [req-serv] nacos-server port:8848
2026-08-24 15:45:52.845 [main] INFO  com.alibaba.nacos.client.utils.ParamUtil - [settings] [http-client] connect timeout:1000
2026-08-24 15:45:52.845 [main] INFO  com.alibaba.nacos.client.utils.ParamUtil - PER_TASK_CONFIG_SIZE: 3000.0
2026-08-24 15:45:52.848 [main] INFO  c.a.n.p.auth.spi.client.ClientAuthPluginManager - [ClientAuthPluginManager] Load ClientAuthService com.alibaba.nacos.client.auth.impl.NacosClientAuthServiceImpl success.
2026-08-24 15:45:52.848 [main] INFO  c.a.n.p.auth.spi.client.ClientAuthPluginManager - [ClientAuthPluginManager] Load ClientAuthService com.alibaba.nacos.client.auth.ram.RamClientAuthServiceImpl success.
2026-08-24 15:45:52.849 [main] INFO  c.a.n.client.auth.ram.identify.CredentialWatcher - null No credential found
2026-08-24 15:45:52.856 [main] INFO  com.alibaba.nacos.common.remote.client - [RpcClientFactory] create a new rpc client of 6f891c65-7867-435f-a84e-8735e2d10119
2026-08-24 15:45:52.868 [main] INFO  com.alibaba.nacos.common.remote.client - [6f891c65-7867-435f-a84e-8735e2d10119] RpcClient init, ServerListFactory = com.alibaba.nacos.client.naming.core.ServerListManager
2026-08-24 15:45:52.868 [main] INFO  com.alibaba.nacos.common.remote.client - [6f891c65-7867-435f-a84e-8735e2d10119] Registry connection listener to current client:com.alibaba.nacos.client.naming.remote.gprc.redo.NamingGrpcRedoService
2026-08-24 15:45:52.869 [main] INFO  com.alibaba.nacos.common.remote.client - [6f891c65-7867-435f-a84e-8735e2d10119] Register server push request handler:com.alibaba.nacos.client.naming.remote.gprc.NamingPushRequestHandler
2026-08-24 15:45:52.870 [main] INFO  com.alibaba.nacos.common.remote.client - [6f891c65-7867-435f-a84e-8735e2d10119] Try to connect to server on start up, server: {serverIp = '127.0.0.1', server main port = 8848}
2026-08-24 15:45:52.887 [main] INFO  c.a.nacos.common.remote.client.grpc.GrpcClient - grpc client connection server:127.0.0.1 ip,serverPort:9848,grpcTslConfig:{"sslProvider":"OPENSSL","enableTls":false,"mutualAuthEnable":false,"trustAll":false}
2026-08-24 15:45:53.486 [main] INFO  com.alibaba.nacos.common.remote.client - [6f891c65-7867-435f-a84e-8735e2d10119] Success to connect to server [127.0.0.1:8848] on start up, connectionId = 1787557553321_127.0.0.1_64611
2026-08-24 15:45:53.486 [com.alibaba.nacos.client.remote.worker] INFO  com.alibaba.nacos.common.remote.client - [6f891c65-7867-435f-a84e-8735e2d10119] Notify connected event to listeners.
2026-08-24 15:45:53.486 [com.alibaba.nacos.client.remote.worker] INFO  com.alibaba.nacos.client.naming - Grpc connection connect
2026-08-24 15:45:53.487 [main] INFO  com.alibaba.nacos.common.remote.client - [6f891c65-7867-435f-a84e-8735e2d10119] Register server push request handler:com.alibaba.nacos.common.remote.client.RpcClient$ConnectResetRequestHandler
2026-08-24 15:45:53.487 [main] INFO  com.alibaba.nacos.common.remote.client - [6f891c65-7867-435f-a84e-8735e2d10119] Register server push request handler:com.alibaba.nacos.common.remote.client.RpcClient$$Lambda$1234/0x00000239d78827b8
2026-08-24 15:45:53.488 [main] INFO  com.alibaba.nacos.client.naming - [REGISTER-SERVICE] public registering service xiaohashu-user with instance Instance{instanceId='null', ip='172.31.111.1', port=8082, weight=1.0, healthy=true, enabled=true, ephemeral=true, clusterName='DEFAULT', serviceName='null', metadata={IPv6=[240c:c981:3000:0:86ee:d472:e60d:74fc], preserved.register.source=SPRING_CLOUD}}
2026-08-24 15:45:53.502 [main] INFO  c.a.cloud.nacos.registry.NacosServiceRegistry - nacos registry, DEFAULT_GROUP xiaohashu-user 172.31.111.1:8082 register finished
2026-08-24 15:45:53.591 [main] INFO  c.dyc.xiaohashu.user.XiaohashuUserBizApplication - Started XiaohashuUserBizApplication in 15.644 seconds (process running for 15.98)
2026-08-24 15:55:45.450 [http-nio-8082-exec-1] INFO  o.a.c.core.ContainerBase.[Tomcat].[localhost].[/] - Initializing Spring DispatcherServlet 'dispatcherServlet'
2026-08-24 15:55:45.455 [http-nio-8082-exec-1] INFO  org.springframework.web.servlet.DispatcherServlet - Initializing Servlet 'dispatcherServlet'
2026-08-24 15:55:45.455 [http-nio-8082-exec-1] INFO  org.springframework.web.servlet.DispatcherServlet - Completed initialization in 0 ms
2026-08-24 15:55:45.903 [http-nio-8082-exec-1] DEBUG c.d.x.u.domain.mapper.UserDOMapper.selectByPhone - ==>  Preparing: select id, `password` from t_user where phone = ? limit 1
2026-08-24 15:55:46.641 [http-nio-8082-exec-1] DEBUG c.d.x.u.domain.mapper.UserDOMapper.selectByPhone - ==> Parameters: 19862172631(String)
2026-08-24 15:55:46.706 [http-nio-8082-exec-1] DEBUG c.d.x.u.domain.mapper.UserDOMapper.selectByPhone - <==      Total: 1
2026-08-24 15:55:47.108 [http-nio-8082-exec-2] WARN  c.d.x.user.exception.GlobalExceptionHandler - /user/profile request fail, errorCode: USER-20008, errorMessage: 当前登录用户不存在
2026-08-24 15:59:13.480 [http-nio-8082-exec-10] DEBUG c.d.x.u.domain.mapper.UserDOMapper.selectByPhone - ==>  Preparing: select id, `password` from t_user where phone = ? limit 1
2026-08-24 15:59:13.481 [http-nio-8082-exec-10] DEBUG c.d.x.u.domain.mapper.UserDOMapper.selectByPhone - ==> Parameters: 15662091328(String)
2026-08-24 15:59:13.484 [http-nio-8082-exec-10] DEBUG c.d.x.u.domain.mapper.UserDOMapper.selectByPhone - <==      Total: 0
2026-08-24 15:59:13.487 [http-nio-8082-exec-10] DEBUG c.d.x.user.domain.mapper.UserDOMapper.insert - ==>  Preparing: insert into t_user (id, xiaohashu_id, `password`, nickname, avatar, birthday, background_img, phone, sex, `status`, introduction, create_time, update_time, is_deleted) values (?, ?, ?, ?, ?, ?, ?, ?, ?, ?, ?, ?, ?, ?)
2026-08-24 15:59:13.933 [http-nio-8082-exec-10] DEBUG c.d.x.user.domain.mapper.UserDOMapper.insert - ==> Parameters: 1787558353486002(Long), HLMWYY9XOP(String), null, 小哈薯HLMWYY9XOP(String), null, null, null, 15662091328(String), null, 0(Integer), null, 2026-08-24T15:59:13.486155100(LocalDateTime), 2026-08-24T15:59:13.486155100(LocalDateTime), false(Boolean)
2026-08-24 15:59:13.959 [http-nio-8082-exec-10] DEBUG c.d.x.user.domain.mapper.UserDOMapper.insert - <==    Updates: 1
2026-08-24 15:59:13.961 [http-nio-8082-exec-10] DEBUG c.d.x.user.domain.mapper.UserRoleDOMapper.insert - ==>  Preparing: insert into t_user_role_rel (id, user_id, role_id, create_time, update_time, is_deleted) values (?, ?, ?, ?, ?, ?)
2026-08-24 15:59:13.964 [http-nio-8082-exec-10] DEBUG c.d.x.user.domain.mapper.UserRoleDOMapper.insert - ==> Parameters: null, 1787558353486002(Long), 1(Long), 2026-08-24T15:59:13.486155100(LocalDateTime), 2026-08-24T15:59:13.486155100(LocalDateTime), false(Boolean)
2026-08-24 15:59:13.969 [http-nio-8082-exec-10] DEBUG c.d.x.user.domain.mapper.UserRoleDOMapper.insert - <==    Updates: 1
2026-08-24 15:59:13.970 [http-nio-8082-exec-10] DEBUG c.d.x.u.d.mapper.RoleDOMapper.selectByPrimaryKey - ==>  Preparing: select id, role_name, role_key, `status`, sort, remark, create_time, update_time, is_deleted from t_role where id = ?
2026-08-24 15:59:13.972 [http-nio-8082-exec-10] DEBUG c.d.x.u.d.mapper.RoleDOMapper.selectByPrimaryKey - ==> Parameters: 1(Long)
2026-08-24 15:59:13.984 [http-nio-8082-exec-10] DEBUG c.d.x.u.d.mapper.RoleDOMapper.selectByPrimaryKey - <==      Total: 1
2026-08-24 15:59:14.002 [http-nio-8082-exec-10] DEBUG c.d.x.user.domain.mapper.UserCountDOMapper.insert - ==>  Preparing: insert into t_user_count (user_id, fans_total, following_total, note_total, like_total, collect_total) values (?, 0, 0, 0, 0, 0)
2026-08-24 15:59:14.005 [http-nio-8082-exec-10] DEBUG c.d.x.user.domain.mapper.UserCountDOMapper.insert - ==> Parameters: 1787558353486002(Long)
2026-08-24 15:59:14.012 [http-nio-8082-exec-10] DEBUG c.d.x.user.domain.mapper.UserCountDOMapper.insert - <==    Updates: 1
2026-08-24 15:59:14.091 [http-nio-8082-exec-3] WARN  c.d.x.user.exception.GlobalExceptionHandler - /user/profile request fail, errorCode: USER-20008, errorMessage: 当前登录用户不存在
2026-08-24 16:07:55.148 [http-nio-8082-exec-9] INFO  c.d.f.b.context.filter.HeaderUserId2ContextFilter - ===== 设置 userId 到 ThreadLocal 中， 用户 ID: 1787558353486002
2026-08-24 16:07:55.148 [http-nio-8082-exec-5] INFO  c.d.f.b.context.filter.HeaderUserId2ContextFilter - ===== 设置 userId 到 ThreadLocal 中， 用户 ID: 1787558353486002
2026-08-24 16:07:55.154 [http-nio-8082-exec-9] DEBUG c.d.x.u.d.mapper.UserDOMapper.selectByPrimaryKey - ==>  Preparing: select id, xiaohashu_id, `password`, nickname, avatar, birthday, background_img, phone, sex, `status`, introduction, create_time, update_time, is_deleted from t_user where id = ?
2026-08-24 16:07:55.156 [http-nio-8082-exec-9] DEBUG c.d.x.u.d.mapper.UserDOMapper.selectByPrimaryKey - ==> Parameters: 1787558353486002(Long)
2026-08-24 16:07:55.160 [http-nio-8082-exec-9] DEBUG c.d.x.u.d.mapper.UserDOMapper.selectByPrimaryKey - <==      Total: 1
2026-08-24 16:07:55.161 [http-nio-8082-exec-5] DEBUG c.d.x.u.d.mapper.UserDOMapper.selectByPrimaryKey - ==>  Preparing: select id, xiaohashu_id, `password`, nickname, avatar, birthday, background_img, phone, sex, `status`, introduction, create_time, update_time, is_deleted from t_user where id = ?
2026-08-24 16:07:55.162 [http-nio-8082-exec-5] DEBUG c.d.x.u.d.mapper.UserDOMapper.selectByPrimaryKey - ==> Parameters: 1787558353486002(Long)
2026-08-24 16:07:55.167 [http-nio-8082-exec-5] DEBUG c.d.x.u.d.mapper.UserDOMapper.selectByPrimaryKey - <==      Total: 1
2026-08-24 16:07:55.168 [http-nio-8082-exec-9] DEBUG c.d.x.u.d.mapper.UserCountDOMapper.selectByUserId - ==>  Preparing: select id, user_id, fans_total, following_total, note_total, like_total, collect_total from t_user_count where user_id = ? limit 1
2026-08-24 16:07:55.168 [http-nio-8082-exec-5] DEBUG c.d.x.u.d.mapper.UserCountDOMapper.selectByUserId - ==>  Preparing: select id, user_id, fans_total, following_total, note_total, like_total, collect_total from t_user_count where user_id = ? limit 1
2026-08-24 16:07:55.170 [http-nio-8082-exec-9] DEBUG c.d.x.u.d.mapper.UserCountDOMapper.selectByUserId - ==> Parameters: 1787558353486002(Long)
2026-08-24 16:07:55.171 [http-nio-8082-exec-5] DEBUG c.d.x.u.d.mapper.UserCountDOMapper.selectByUserId - ==> Parameters: 1787558353486002(Long)
2026-08-24 16:07:55.176 [http-nio-8082-exec-9] DEBUG c.d.x.u.d.mapper.UserCountDOMapper.selectByUserId - <==      Total: 1
2026-08-24 16:07:55.176 [http-nio-8082-exec-5] DEBUG c.d.x.u.d.mapper.UserCountDOMapper.selectByUserId - <==      Total: 1
2026-08-24 16:07:55.187 [http-nio-8082-exec-9] INFO  c.d.f.b.context.filter.HeaderUserId2ContextFilter - ===== 删除 ThreadLocal， userId: 1787558353486002
2026-08-24 16:07:55.187 [http-nio-8082-exec-5] INFO  c.d.f.b.context.filter.HeaderUserId2ContextFilter - ===== 删除 ThreadLocal， userId: 1787558353486002
2026-08-24 16:09:11.426 [http-nio-8082-exec-6] DEBUG c.d.x.u.domain.mapper.UserDOMapper.selectByPhone - ==>  Preparing: select id, `password` from t_user where phone = ? limit 1
2026-08-24 16:09:11.427 [http-nio-8082-exec-6] DEBUG c.d.x.u.domain.mapper.UserDOMapper.selectByPhone - ==> Parameters: 19862172631(String)
2026-08-24 16:09:11.429 [http-nio-8082-exec-6] DEBUG c.d.x.u.domain.mapper.UserDOMapper.selectByPhone - <==      Total: 1
2026-08-24 16:09:11.506 [http-nio-8082-exec-4] WARN  c.d.x.user.exception.GlobalExceptionHandler - /user/profile request fail, errorCode: USER-20008, errorMessage: 当前登录用户不存在
2026-08-24 16:09:17.722 [http-nio-8082-exec-10] INFO  c.d.f.b.context.filter.HeaderUserId2ContextFilter - ===== 设置 userId 到 ThreadLocal 中， 用户 ID: 1787545330104002
2026-08-24 16:09:17.726 [http-nio-8082-exec-3] INFO  c.d.f.b.context.filter.HeaderUserId2ContextFilter - ===== 设置 userId 到 ThreadLocal 中， 用户 ID: 1787545330104002
2026-08-24 16:09:17.726 [http-nio-8082-exec-10] DEBUG c.d.x.u.d.mapper.UserDOMapper.selectByPrimaryKey - ==>  Preparing: select id, xiaohashu_id, `password`, nickname, avatar, birthday, background_img, phone, sex, `status`, introduction, create_time, update_time, is_deleted from t_user where id = ?
2026-08-24 16:09:17.728 [http-nio-8082-exec-10] DEBUG c.d.x.u.d.mapper.UserDOMapper.selectByPrimaryKey - ==> Parameters: 1787545330104002(Long)
2026-08-24 16:09:17.729 [http-nio-8082-exec-3] DEBUG c.d.x.u.d.mapper.UserDOMapper.selectByPrimaryKey - ==>  Preparing: select id, xiaohashu_id, `password`, nickname, avatar, birthday, background_img, phone, sex, `status`, introduction, create_time, update_time, is_deleted from t_user where id = ?
2026-08-24 16:09:17.730 [http-nio-8082-exec-3] DEBUG c.d.x.u.d.mapper.UserDOMapper.selectByPrimaryKey - ==> Parameters: 1787545330104002(Long)
2026-08-24 16:09:17.732 [http-nio-8082-exec-10] DEBUG c.d.x.u.d.mapper.UserDOMapper.selectByPrimaryKey - <==      Total: 1
2026-08-24 16:09:17.733 [http-nio-8082-exec-10] DEBUG c.d.x.u.d.mapper.UserCountDOMapper.selectByUserId - ==>  Preparing: select id, user_id, fans_total, following_total, note_total, like_total, collect_total from t_user_count where user_id = ? limit 1
2026-08-24 16:09:17.734 [http-nio-8082-exec-10] DEBUG c.d.x.u.d.mapper.UserCountDOMapper.selectByUserId - ==> Parameters: 1787545330104002(Long)
2026-08-24 16:09:17.736 [http-nio-8082-exec-3] DEBUG c.d.x.u.d.mapper.UserDOMapper.selectByPrimaryKey - <==      Total: 1
2026-08-24 16:09:17.736 [http-nio-8082-exec-10] DEBUG c.d.x.u.d.mapper.UserCountDOMapper.selectByUserId - <==      Total: 1
2026-08-24 16:09:17.737 [http-nio-8082-exec-3] DEBUG c.d.x.u.d.mapper.UserCountDOMapper.selectByUserId - ==>  Preparing: select id, user_id, fans_total, following_total, note_total, like_total, collect_total from t_user_count where user_id = ? limit 1
2026-08-24 16:09:17.739 [http-nio-8082-exec-3] DEBUG c.d.x.u.d.mapper.UserCountDOMapper.selectByUserId - ==> Parameters: 1787545330104002(Long)
2026-08-24 16:09:17.739 [http-nio-8082-exec-10] INFO  c.d.f.b.context.filter.HeaderUserId2ContextFilter - ===== 删除 ThreadLocal， userId: 1787545330104002
2026-08-24 16:09:17.743 [http-nio-8082-exec-3] DEBUG c.d.x.u.d.mapper.UserCountDOMapper.selectByUserId - <==      Total: 1
2026-08-24 16:09:17.745 [http-nio-8082-exec-3] INFO  c.d.f.b.context.filter.HeaderUserId2ContextFilter - ===== 删除 ThreadLocal， userId: 1787545330104002
2026-08-24 16:11:24.112 [http-nio-8082-exec-5] INFO  c.d.f.b.context.filter.HeaderUserId2ContextFilter - ===== 设置 userId 到 ThreadLocal 中， 用户 ID: 1787545330104002
2026-08-24 16:11:24.112 [http-nio-8082-exec-1] INFO  c.d.f.b.context.filter.HeaderUserId2ContextFilter - ===== 设置 userId 到 ThreadLocal 中， 用户 ID: 1787545330104002
2026-08-24 16:11:24.115 [http-nio-8082-exec-1] DEBUG c.d.x.u.d.mapper.UserDOMapper.selectByPrimaryKey - ==>  Preparing: select id, xiaohashu_id, `password`, nickname, avatar, birthday, background_img, phone, sex, `status`, introduction, create_time, update_time, is_deleted from t_user where id = ?
2026-08-24 16:11:24.116 [http-nio-8082-exec-5] DEBUG c.d.x.u.d.mapper.UserDOMapper.selectByPrimaryKey - ==>  Preparing: select id, xiaohashu_id, `password`, nickname, avatar, birthday, background_img, phone, sex, `status`, introduction, create_time, update_time, is_deleted from t_user where id = ?
2026-08-24 16:11:24.117 [http-nio-8082-exec-1] DEBUG c.d.x.u.d.mapper.UserDOMapper.selectByPrimaryKey - ==> Parameters: 1787545330104002(Long)
2026-08-24 16:11:24.117 [http-nio-8082-exec-5] DEBUG c.d.x.u.d.mapper.UserDOMapper.selectByPrimaryKey - ==> Parameters: 1787545330104002(Long)
2026-08-24 16:11:24.122 [http-nio-8082-exec-5] DEBUG c.d.x.u.d.mapper.UserDOMapper.selectByPrimaryKey - <==      Total: 1
2026-08-24 16:11:24.122 [http-nio-8082-exec-1] DEBUG c.d.x.u.d.mapper.UserDOMapper.selectByPrimaryKey - <==      Total: 1
2026-08-24 16:11:24.124 [http-nio-8082-exec-1] DEBUG c.d.x.u.d.mapper.UserCountDOMapper.selectByUserId - ==>  Preparing: select id, user_id, fans_total, following_total, note_total, like_total, collect_total from t_user_count where user_id = ? limit 1
2026-08-24 16:11:24.125 [http-nio-8082-exec-5] DEBUG c.d.x.u.d.mapper.UserCountDOMapper.selectByUserId - ==>  Preparing: select id, user_id, fans_total, following_total, note_total, like_total, collect_total from t_user_count where user_id = ? limit 1
2026-08-24 16:11:24.126 [http-nio-8082-exec-5] DEBUG c.d.x.u.d.mapper.UserCountDOMapper.selectByUserId - ==> Parameters: 1787545330104002(Long)
2026-08-24 16:11:24.127 [http-nio-8082-exec-1] DEBUG c.d.x.u.d.mapper.UserCountDOMapper.selectByUserId - ==> Parameters: 1787545330104002(Long)
2026-08-24 16:11:24.129 [http-nio-8082-exec-1] DEBUG c.d.x.u.d.mapper.UserCountDOMapper.selectByUserId - <==      Total: 1
2026-08-24 16:11:24.131 [http-nio-8082-exec-5] DEBUG c.d.x.u.d.mapper.UserCountDOMapper.selectByUserId - <==      Total: 1
2026-08-24 16:11:24.131 [http-nio-8082-exec-1] INFO  c.d.f.b.context.filter.HeaderUserId2ContextFilter - ===== 删除 ThreadLocal， userId: 1787545330104002
2026-08-24 16:11:24.136 [http-nio-8082-exec-5] INFO  c.d.f.b.context.filter.HeaderUserId2ContextFilter - ===== 删除 ThreadLocal， userId: 1787545330104002
2026-08-24 16:13:24.841 [http-nio-8082-exec-10] INFO  c.d.f.b.context.filter.HeaderUserId2ContextFilter - ===== 设置 userId 到 ThreadLocal 中， 用户 ID: 1787545330104002
2026-08-24 16:13:24.841 [http-nio-8082-exec-4] INFO  c.d.f.b.context.filter.HeaderUserId2ContextFilter - ===== 设置 userId 到 ThreadLocal 中， 用户 ID: 1787545330104002
2026-08-24 16:13:24.858 [http-nio-8082-exec-4] DEBUG c.d.x.u.d.mapper.UserDOMapper.selectByPrimaryKey - ==>  Preparing: select id, xiaohashu_id, `password`, nickname, avatar, birthday, background_img, phone, sex, `status`, introduction, create_time, update_time, is_deleted from t_user where id = ?
2026-08-24 16:13:24.858 [http-nio-8082-exec-10] DEBUG c.d.x.u.d.mapper.UserDOMapper.selectByPrimaryKey - ==>  Preparing: select id, xiaohashu_id, `password`, nickname, avatar, birthday, background_img, phone, sex, `status`, introduction, create_time, update_time, is_deleted from t_user where id = ?
2026-08-24 16:13:24.860 [http-nio-8082-exec-4] DEBUG c.d.x.u.d.mapper.UserDOMapper.selectByPrimaryKey - ==> Parameters: 1787545330104002(Long)
2026-08-24 16:13:24.860 [http-nio-8082-exec-10] DEBUG c.d.x.u.d.mapper.UserDOMapper.selectByPrimaryKey - ==> Parameters: 1787545330104002(Long)
2026-08-24 16:13:24.863 [http-nio-8082-exec-10] DEBUG c.d.x.u.d.mapper.UserDOMapper.selectByPrimaryKey - <==      Total: 1
2026-08-24 16:13:24.863 [http-nio-8082-exec-4] DEBUG c.d.x.u.d.mapper.UserDOMapper.selectByPrimaryKey - <==      Total: 1
2026-08-24 16:13:24.864 [http-nio-8082-exec-10] DEBUG c.d.x.u.d.mapper.UserCountDOMapper.selectByUserId - ==>  Preparing: select id, user_id, fans_total, following_total, note_total, like_total, collect_total from t_user_count where user_id = ? limit 1
2026-08-24 16:13:24.864 [http-nio-8082-exec-4] DEBUG c.d.x.u.d.mapper.UserCountDOMapper.selectByUserId - ==>  Preparing: select id, user_id, fans_total, following_total, note_total, like_total, collect_total from t_user_count where user_id = ? limit 1
2026-08-24 16:13:24.866 [http-nio-8082-exec-4] DEBUG c.d.x.u.d.mapper.UserCountDOMapper.selectByUserId - ==> Parameters: 1787545330104002(Long)
2026-08-24 16:13:24.866 [http-nio-8082-exec-10] DEBUG c.d.x.u.d.mapper.UserCountDOMapper.selectByUserId - ==> Parameters: 1787545330104002(Long)
2026-08-24 16:13:24.868 [http-nio-8082-exec-4] DEBUG c.d.x.u.d.mapper.UserCountDOMapper.selectByUserId - <==      Total: 1
2026-08-24 16:13:24.869 [http-nio-8082-exec-10] DEBUG c.d.x.u.d.mapper.UserCountDOMapper.selectByUserId - <==      Total: 1
2026-08-24 16:13:24.871 [http-nio-8082-exec-10] INFO  c.d.f.b.context.filter.HeaderUserId2ContextFilter - ===== 删除 ThreadLocal， userId: 1787545330104002
2026-08-24 16:13:24.871 [http-nio-8082-exec-4] INFO  c.d.f.b.context.filter.HeaderUserId2ContextFilter - ===== 删除 ThreadLocal， userId: 1787545330104002
2026-08-24 16:15:19.621 [http-nio-8082-exec-9] INFO  c.d.f.b.context.filter.HeaderUserId2ContextFilter - ===== 设置 userId 到 ThreadLocal 中， 用户 ID: 1787545330104002
2026-08-24 16:15:19.624 [http-nio-8082-exec-8] INFO  c.d.f.b.context.filter.HeaderUserId2ContextFilter - ===== 设置 userId 到 ThreadLocal 中， 用户 ID: 1787545330104002
2026-08-24 16:15:19.626 [http-nio-8082-exec-9] DEBUG c.d.x.u.d.mapper.UserDOMapper.selectByPrimaryKey - ==>  Preparing: select id, xiaohashu_id, `password`, nickname, avatar, birthday, background_img, phone, sex, `status`, introduction, create_time, update_time, is_deleted from t_user where id = ?
2026-08-24 16:15:19.626 [http-nio-8082-exec-8] DEBUG c.d.x.u.d.mapper.UserDOMapper.selectByPrimaryKey - ==>  Preparing: select id, xiaohashu_id, `password`, nickname, avatar, birthday, background_img, phone, sex, `status`, introduction, create_time, update_time, is_deleted from t_user where id = ?
2026-08-24 16:15:19.628 [http-nio-8082-exec-8] DEBUG c.d.x.u.d.mapper.UserDOMapper.selectByPrimaryKey - ==> Parameters: 1787545330104002(Long)
2026-08-24 16:15:19.628 [http-nio-8082-exec-9] DEBUG c.d.x.u.d.mapper.UserDOMapper.selectByPrimaryKey - ==> Parameters: 1787545330104002(Long)
2026-08-24 16:15:19.631 [http-nio-8082-exec-8] DEBUG c.d.x.u.d.mapper.UserDOMapper.selectByPrimaryKey - <==      Total: 1
2026-08-24 16:15:19.631 [http-nio-8082-exec-9] DEBUG c.d.x.u.d.mapper.UserDOMapper.selectByPrimaryKey - <==      Total: 1
2026-08-24 16:15:19.632 [http-nio-8082-exec-8] DEBUG c.d.x.u.d.mapper.UserCountDOMapper.selectByUserId - ==>  Preparing: select id, user_id, fans_total, following_total, note_total, like_total, collect_total from t_user_count where user_id = ? limit 1
2026-08-24 16:15:19.632 [http-nio-8082-exec-9] DEBUG c.d.x.u.d.mapper.UserCountDOMapper.selectByUserId - ==>  Preparing: select id, user_id, fans_total, following_total, note_total, like_total, collect_total from t_user_count where user_id = ? limit 1
2026-08-24 16:15:19.633 [http-nio-8082-exec-8] DEBUG c.d.x.u.d.mapper.UserCountDOMapper.selectByUserId - ==> Parameters: 1787545330104002(Long)
2026-08-24 16:15:19.633 [http-nio-8082-exec-9] DEBUG c.d.x.u.d.mapper.UserCountDOMapper.selectByUserId - ==> Parameters: 1787545330104002(Long)
2026-08-24 16:15:19.635 [http-nio-8082-exec-9] DEBUG c.d.x.u.d.mapper.UserCountDOMapper.selectByUserId - <==      Total: 1
2026-08-24 16:15:19.635 [http-nio-8082-exec-8] DEBUG c.d.x.u.d.mapper.UserCountDOMapper.selectByUserId - <==      Total: 1
2026-08-24 16:15:19.639 [http-nio-8082-exec-8] INFO  c.d.f.b.context.filter.HeaderUserId2ContextFilter - ===== 删除 ThreadLocal， userId: 1787545330104002
2026-08-24 16:15:19.641 [http-nio-8082-exec-9] INFO  c.d.f.b.context.filter.HeaderUserId2ContextFilter - ===== 删除 ThreadLocal， userId: 1787545330104002
2026-08-24 16:19:23.523 [http-nio-8082-exec-2] DEBUG c.d.x.u.domain.mapper.UserDOMapper.selectByPhone - ==>  Preparing: select id, `password` from t_user where phone = ? limit 1
2026-08-24 16:19:23.524 [http-nio-8082-exec-2] DEBUG c.d.x.u.domain.mapper.UserDOMapper.selectByPhone - ==> Parameters: 19862172631(String)
2026-08-24 16:19:23.526 [http-nio-8082-exec-2] DEBUG c.d.x.u.domain.mapper.UserDOMapper.selectByPhone - <==      Total: 1
2026-08-24 16:19:23.589 [http-nio-8082-exec-6] WARN  c.d.x.user.exception.GlobalExceptionHandler - /user/profile request fail, errorCode: USER-20008, errorMessage: 当前登录用户不存在
2026-08-24 16:19:36.576 [http-nio-8082-exec-10] INFO  c.d.f.b.context.filter.HeaderUserId2ContextFilter - ===== 设置 userId 到 ThreadLocal 中， 用户 ID: 1787545330104002
2026-08-24 16:19:36.578 [http-nio-8082-exec-10] DEBUG c.d.x.u.d.mapper.UserDOMapper.selectByPrimaryKey - ==>  Preparing: select id, xiaohashu_id, `password`, nickname, avatar, birthday, background_img, phone, sex, `status`, introduction, create_time, update_time, is_deleted from t_user where id = ?
2026-08-24 16:19:36.580 [http-nio-8082-exec-10] DEBUG c.d.x.u.d.mapper.UserDOMapper.selectByPrimaryKey - ==> Parameters: 1787545330104002(Long)
2026-08-24 16:19:36.581 [http-nio-8082-exec-4] INFO  c.d.f.b.context.filter.HeaderUserId2ContextFilter - ===== 设置 userId 到 ThreadLocal 中， 用户 ID: 1787545330104002
2026-08-24 16:19:36.582 [http-nio-8082-exec-10] DEBUG c.d.x.u.d.mapper.UserDOMapper.selectByPrimaryKey - <==      Total: 1
2026-08-24 16:19:36.584 [http-nio-8082-exec-10] DEBUG c.d.x.u.d.mapper.UserCountDOMapper.selectByUserId - ==>  Preparing: select id, user_id, fans_total, following_total, note_total, like_total, collect_total from t_user_count where user_id = ? limit 1
2026-08-24 16:19:36.585 [http-nio-8082-exec-10] DEBUG c.d.x.u.d.mapper.UserCountDOMapper.selectByUserId - ==> Parameters: 1787545330104002(Long)
2026-08-24 16:19:36.587 [http-nio-8082-exec-10] DEBUG c.d.x.u.d.mapper.UserCountDOMapper.selectByUserId - <==      Total: 1
2026-08-24 16:19:36.589 [http-nio-8082-exec-4] DEBUG c.d.x.u.d.mapper.UserDOMapper.selectByPrimaryKey - ==>  Preparing: select id, xiaohashu_id, `password`, nickname, avatar, birthday, background_img, phone, sex, `status`, introduction, create_time, update_time, is_deleted from t_user where id = ?
2026-08-24 16:19:36.590 [http-nio-8082-exec-10] INFO  c.d.f.b.context.filter.HeaderUserId2ContextFilter - ===== 删除 ThreadLocal， userId: 1787545330104002
2026-08-24 16:19:36.590 [http-nio-8082-exec-4] DEBUG c.d.x.u.d.mapper.UserDOMapper.selectByPrimaryKey - ==> Parameters: 1787545330104002(Long)
2026-08-24 16:19:36.592 [http-nio-8082-exec-4] DEBUG c.d.x.u.d.mapper.UserDOMapper.selectByPrimaryKey - <==      Total: 1
2026-08-24 16:19:36.594 [http-nio-8082-exec-4] DEBUG c.d.x.u.d.mapper.UserCountDOMapper.selectByUserId - ==>  Preparing: select id, user_id, fans_total, following_total, note_total, like_total, collect_total from t_user_count where user_id = ? limit 1
2026-08-24 16:19:36.595 [http-nio-8082-exec-4] DEBUG c.d.x.u.d.mapper.UserCountDOMapper.selectByUserId - ==> Parameters: 1787545330104002(Long)
2026-08-24 16:19:36.598 [http-nio-8082-exec-4] DEBUG c.d.x.u.d.mapper.UserCountDOMapper.selectByUserId - <==      Total: 1
2026-08-24 16:19:36.600 [http-nio-8082-exec-4] INFO  c.d.f.b.context.filter.HeaderUserId2ContextFilter - ===== 删除 ThreadLocal， userId: 1787545330104002
2026-08-24 16:28:14.215 [http-nio-8082-exec-9] INFO  c.d.f.b.context.filter.HeaderUserId2ContextFilter - ===== 设置 userId 到 ThreadLocal 中， 用户 ID: 1787545330104002
2026-08-24 16:28:14.217 [http-nio-8082-exec-9] DEBUG c.d.x.u.d.mapper.UserDOMapper.selectByPrimaryKey - ==>  Preparing: select id, xiaohashu_id, `password`, nickname, avatar, birthday, background_img, phone, sex, `status`, introduction, create_time, update_time, is_deleted from t_user where id = ?
2026-08-24 16:28:14.219 [http-nio-8082-exec-9] DEBUG c.d.x.u.d.mapper.UserDOMapper.selectByPrimaryKey - ==> Parameters: 1787545330104002(Long)
2026-08-24 16:28:14.222 [http-nio-8082-exec-9] DEBUG c.d.x.u.d.mapper.UserDOMapper.selectByPrimaryKey - <==      Total: 1
2026-08-24 16:28:14.223 [http-nio-8082-exec-9] DEBUG c.d.x.u.d.mapper.UserCountDOMapper.selectByUserId - ==>  Preparing: select id, user_id, fans_total, following_total, note_total, like_total, collect_total from t_user_count where user_id = ? limit 1
2026-08-24 16:28:14.224 [http-nio-8082-exec-9] DEBUG c.d.x.u.d.mapper.UserCountDOMapper.selectByUserId - ==> Parameters: 1787545330104002(Long)
2026-08-24 16:28:14.226 [http-nio-8082-exec-9] DEBUG c.d.x.u.d.mapper.UserCountDOMapper.selectByUserId - <==      Total: 1
2026-08-24 16:28:14.229 [http-nio-8082-exec-9] INFO  c.d.f.b.context.filter.HeaderUserId2ContextFilter - ===== 删除 ThreadLocal， userId: 1787545330104002
2026-08-24 16:28:14.269 [http-nio-8082-exec-1] INFO  c.d.f.b.context.filter.HeaderUserId2ContextFilter - ===== 设置 userId 到 ThreadLocal 中， 用户 ID: 1787545330104002
2026-08-24 16:28:14.271 [http-nio-8082-exec-5] INFO  c.d.f.b.context.filter.HeaderUserId2ContextFilter - ===== 设置 userId 到 ThreadLocal 中， 用户 ID: 1787545330104002
2026-08-24 16:28:14.273 [http-nio-8082-exec-1] DEBUG c.d.x.u.d.mapper.UserDOMapper.selectByPrimaryKey - ==>  Preparing: select id, xiaohashu_id, `password`, nickname, avatar, birthday, background_img, phone, sex, `status`, introduction, create_time, update_time, is_deleted from t_user where id = ?
2026-08-24 16:28:14.274 [http-nio-8082-exec-5] DEBUG c.d.x.u.d.mapper.UserDOMapper.selectByPrimaryKey - ==>  Preparing: select id, xiaohashu_id, `password`, nickname, avatar, birthday, background_img, phone, sex, `status`, introduction, create_time, update_time, is_deleted from t_user where id = ?
2026-08-24 16:28:14.274 [http-nio-8082-exec-1] DEBUG c.d.x.u.d.mapper.UserDOMapper.selectByPrimaryKey - ==> Parameters: 1787545330104002(Long)
2026-08-24 16:28:14.275 [http-nio-8082-exec-5] DEBUG c.d.x.u.d.mapper.UserDOMapper.selectByPrimaryKey - ==> Parameters: 1787545330104002(Long)
2026-08-24 16:28:14.276 [http-nio-8082-exec-1] DEBUG c.d.x.u.d.mapper.UserDOMapper.selectByPrimaryKey - <==      Total: 1
2026-08-24 16:28:14.277 [http-nio-8082-exec-1] DEBUG c.d.x.u.d.mapper.UserCountDOMapper.selectByUserId - ==>  Preparing: select id, user_id, fans_total, following_total, note_total, like_total, collect_total from t_user_count where user_id = ? limit 1
2026-08-24 16:28:14.278 [http-nio-8082-exec-1] DEBUG c.d.x.u.d.mapper.UserCountDOMapper.selectByUserId - ==> Parameters: 1787545330104002(Long)
2026-08-24 16:28:14.278 [http-nio-8082-exec-5] DEBUG c.d.x.u.d.mapper.UserDOMapper.selectByPrimaryKey - <==      Total: 1
2026-08-24 16:28:14.279 [http-nio-8082-exec-5] DEBUG c.d.x.u.d.mapper.UserCountDOMapper.selectByUserId - ==>  Preparing: select id, user_id, fans_total, following_total, note_total, like_total, collect_total from t_user_count where user_id = ? limit 1
2026-08-24 16:28:14.279 [http-nio-8082-exec-5] DEBUG c.d.x.u.d.mapper.UserCountDOMapper.selectByUserId - ==> Parameters: 1787545330104002(Long)
2026-08-24 16:28:14.279 [http-nio-8082-exec-1] DEBUG c.d.x.u.d.mapper.UserCountDOMapper.selectByUserId - <==      Total: 1
2026-08-24 16:28:14.282 [http-nio-8082-exec-5] DEBUG c.d.x.u.d.mapper.UserCountDOMapper.selectByUserId - <==      Total: 1
2026-08-24 16:28:14.282 [http-nio-8082-exec-1] INFO  c.d.f.b.context.filter.HeaderUserId2ContextFilter - ===== 删除 ThreadLocal， userId: 1787545330104002
2026-08-24 16:28:14.284 [http-nio-8082-exec-5] INFO  c.d.f.b.context.filter.HeaderUserId2ContextFilter - ===== 删除 ThreadLocal， userId: 1787545330104002
2026-08-24 16:28:22.437 [http-nio-8082-exec-2] INFO  c.d.f.b.context.filter.HeaderUserId2ContextFilter - ===== 设置 userId 到 ThreadLocal 中， 用户 ID: 1787545330104002
2026-08-24 16:28:22.799 [http-nio-8082-exec-2] DEBUG c.d.x.u.d.m.U.updateByPrimaryKeySelective - ==>  Preparing: update t_user SET xiaohashu_id = ?, nickname = ?, birthday = ?, sex = ?, introduction = ?, update_time = ? where id = ?
2026-08-24 16:28:22.803 [http-nio-8082-exec-2] DEBUG c.d.x.u.d.m.U.updateByPrimaryKeySelective - ==> Parameters: HLMQZKHNTL(String), 小哈薯HLMQZKHNTL(String), 2001-08-24(LocalDate), 0(Integer), 大大大大大大(String), 2026-08-24T16:28:22.694793400(LocalDateTime), 1787545330104002(Long)
2026-08-24 16:28:22.821 [http-nio-8082-exec-2] DEBUG c.d.x.u.d.m.U.updateByPrimaryKeySelective - <==    Updates: 1
2026-08-24 16:28:22.837 [http-nio-8082-exec-2] INFO  c.d.f.b.context.filter.HeaderUserId2ContextFilter - ===== 删除 ThreadLocal， userId: 1787545330104002
2026-08-24 16:28:22.861 [http-nio-8082-exec-6] INFO  c.d.f.b.context.filter.HeaderUserId2ContextFilter - ===== 设置 userId 到 ThreadLocal 中， 用户 ID: 1787545330104002
2026-08-24 16:28:22.862 [http-nio-8082-exec-10] INFO  c.d.f.b.context.filter.HeaderUserId2ContextFilter - ===== 设置 userId 到 ThreadLocal 中， 用户 ID: 1787545330104002
2026-08-24 16:28:22.864 [http-nio-8082-exec-10] DEBUG c.d.x.u.d.mapper.UserDOMapper.selectByPrimaryKey - ==>  Preparing: select id, xiaohashu_id, `password`, nickname, avatar, birthday, background_img, phone, sex, `status`, introduction, create_time, update_time, is_deleted from t_user where id = ?
2026-08-24 16:28:22.864 [http-nio-8082-exec-6] DEBUG c.d.x.u.d.mapper.UserDOMapper.selectByPrimaryKey - ==>  Preparing: select id, xiaohashu_id, `password`, nickname, avatar, birthday, background_img, phone, sex, `status`, introduction, create_time, update_time, is_deleted from t_user where id = ?
2026-08-24 16:28:22.865 [http-nio-8082-exec-10] DEBUG c.d.x.u.d.mapper.UserDOMapper.selectByPrimaryKey - ==> Parameters: 1787545330104002(Long)
2026-08-24 16:28:22.865 [http-nio-8082-exec-6] DEBUG c.d.x.u.d.mapper.UserDOMapper.selectByPrimaryKey - ==> Parameters: 1787545330104002(Long)
2026-08-24 16:28:22.871 [http-nio-8082-exec-6] DEBUG c.d.x.u.d.mapper.UserDOMapper.selectByPrimaryKey - <==      Total: 1
2026-08-24 16:28:22.871 [http-nio-8082-exec-10] DEBUG c.d.x.u.d.mapper.UserDOMapper.selectByPrimaryKey - <==      Total: 1
2026-08-24 16:28:22.871 [http-nio-8082-exec-6] DEBUG c.d.x.u.d.mapper.UserCountDOMapper.selectByUserId - ==>  Preparing: select id, user_id, fans_total, following_total, note_total, like_total, collect_total from t_user_count where user_id = ? limit 1
2026-08-24 16:28:22.871 [http-nio-8082-exec-10] DEBUG c.d.x.u.d.mapper.UserCountDOMapper.selectByUserId - ==>  Preparing: select id, user_id, fans_total, following_total, note_total, like_total, collect_total from t_user_count where user_id = ? limit 1
2026-08-24 16:28:22.871 [http-nio-8082-exec-6] DEBUG c.d.x.u.d.mapper.UserCountDOMapper.selectByUserId - ==> Parameters: 1787545330104002(Long)
2026-08-24 16:28:22.871 [http-nio-8082-exec-10] DEBUG c.d.x.u.d.mapper.UserCountDOMapper.selectByUserId - ==> Parameters: 1787545330104002(Long)
2026-08-24 16:28:22.878 [http-nio-8082-exec-6] DEBUG c.d.x.u.d.mapper.UserCountDOMapper.selectByUserId - <==      Total: 1
2026-08-24 16:28:22.878 [http-nio-8082-exec-10] DEBUG c.d.x.u.d.mapper.UserCountDOMapper.selectByUserId - <==      Total: 1
2026-08-24 16:28:22.881 [http-nio-8082-exec-10] INFO  c.d.f.b.context.filter.HeaderUserId2ContextFilter - ===== 删除 ThreadLocal， userId: 1787545330104002
2026-08-24 16:28:22.881 [http-nio-8082-exec-6] INFO  c.d.f.b.context.filter.HeaderUserId2ContextFilter - ===== 删除 ThreadLocal， userId: 1787545330104002
2026-08-24 16:28:32.583 [http-nio-8082-exec-4] INFO  c.d.f.b.context.filter.HeaderUserId2ContextFilter - ===== 设置 userId 到 ThreadLocal 中， 用户 ID: 1787545330104002
2026-08-24 16:28:32.632 [http-nio-8082-exec-4] ERROR c.d.x.user.exception.GlobalExceptionHandler - /user/update request error, 
org.springframework.web.multipart.MaxUploadSizeExceededException: Maximum upload size exceeded
	at org.springframework.web.multipart.support.StandardMultipartHttpServletRequest.handleParseFailure(StandardMultipartHttpServletRequest.java:119)
	at org.springframework.web.multipart.support.StandardMultipartHttpServletRequest.parseRequest(StandardMultipartHttpServletRequest.java:110)
	at org.springframework.web.multipart.support.StandardMultipartHttpServletRequest.<init>(StandardMultipartHttpServletRequest.java:86)
	at org.springframework.web.multipart.support.StandardServletMultipartResolver.resolveMultipart(StandardServletMultipartResolver.java:112)
	at org.springframework.web.servlet.DispatcherServlet.checkMultipart(DispatcherServlet.java:1218)
	at org.springframework.web.servlet.DispatcherServlet.doDispatch(DispatcherServlet.java:1052)
	at org.springframework.web.servlet.DispatcherServlet.doService(DispatcherServlet.java:973)
	at org.springframework.web.servlet.FrameworkServlet.processRequest(FrameworkServlet.java:1011)
	at org.springframework.web.servlet.FrameworkServlet.doPost(FrameworkServlet.java:914)
	at jakarta.servlet.http.HttpServlet.service(HttpServlet.java:731)
	at org.springframework.web.servlet.FrameworkServlet.service(FrameworkServlet.java:885)
	at jakarta.servlet.http.HttpServlet.service(HttpServlet.java:814)
	at org.apache.catalina.core.ApplicationFilterChain.internalDoFilter(ApplicationFilterChain.java:223)
	at org.apache.catalina.core.ApplicationFilterChain.doFilter(ApplicationFilterChain.java:158)
	at org.apache.tomcat.websocket.server.WsFilter.doFilter(WsFilter.java:53)
	at org.apache.catalina.core.ApplicationFilterChain.internalDoFilter(ApplicationFilterChain.java:185)
	at org.apache.catalina.core.ApplicationFilterChain.doFilter(ApplicationFilterChain.java:158)
	at com.dyc.framework.biz.context.filter.HeaderUserId2ContextFilter.doFilterInternal(HeaderUserId2ContextFilter.java:37)
	at org.springframework.web.filter.OncePerRequestFilter.doFilter(OncePerRequestFilter.java:116)
	at org.apache.catalina.core.ApplicationFilterChain.internalDoFilter(ApplicationFilterChain.java:185)
	at org.apache.catalina.core.ApplicationFilterChain.doFilter(ApplicationFilterChain.java:158)
	at com.alibaba.druid.support.jakarta.WebStatFilter.doFilter(WebStatFilter.java:113)
	at org.apache.catalina.core.ApplicationFilterChain.internalDoFilter(ApplicationFilterChain.java:185)
	at org.apache.catalina.core.ApplicationFilterChain.doFilter(ApplicationFilterChain.java:158)
	at org.springframework.web.filter.RequestContextFilter.doFilterInternal(RequestContextFilter.java:100)
	at org.springframework.web.filter.OncePerRequestFilter.doFilter(OncePerRequestFilter.java:116)
	at org.apache.catalina.core.ApplicationFilterChain.internalDoFilter(ApplicationFilterChain.java:185)
	at org.apache.catalina.core.ApplicationFilterChain.doFilter(ApplicationFilterChain.java:158)
	at org.springframework.web.filter.FormContentFilter.doFilterInternal(FormContentFilter.java:93)
	at org.springframework.web.filter.OncePerRequestFilter.doFilter(OncePerRequestFilter.java:116)
	at org.apache.catalina.core.ApplicationFilterChain.internalDoFilter(ApplicationFilterChain.java:185)
	at org.apache.catalina.core.ApplicationFilterChain.doFilter(ApplicationFilterChain.java:158)
	at org.springframework.web.filter.CharacterEncodingFilter.doFilterInternal(CharacterEncodingFilter.java:201)
	at org.springframework.web.filter.OncePerRequestFilter.doFilter(OncePerRequestFilter.java:116)
	at org.apache.catalina.core.ApplicationFilterChain.internalDoFilter(ApplicationFilterChain.java:185)
	at org.apache.catalina.core.ApplicationFilterChain.doFilter(ApplicationFilterChain.java:158)
	at org.apache.catalina.core.StandardWrapperValve.invoke(StandardWrapperValve.java:177)
	at org.apache.catalina.core.StandardContextValve.invoke(StandardContextValve.java:97)
	at org.apache.catalina.authenticator.AuthenticatorBase.invoke(AuthenticatorBase.java:542)
	at org.apache.catalina.core.StandardHostValve.invoke(StandardHostValve.java:119)
	at org.apache.catalina.valves.ErrorReportValve.invoke(ErrorReportValve.java:92)
	at org.apache.catalina.core.StandardEngineValve.invoke(StandardEngineValve.java:78)
	at org.apache.catalina.connector.CoyoteAdapter.service(CoyoteAdapter.java:357)
	at org.apache.coyote.http11.Http11Processor.service(Http11Processor.java:400)
	at org.apache.coyote.AbstractProcessorLight.process(AbstractProcessorLight.java:65)
	at org.apache.coyote.AbstractProtocol$ConnectionHandler.process(AbstractProtocol.java:859)
	at org.apache.tomcat.util.net.NioEndpoint$SocketProcessor.doRun(NioEndpoint.java:1734)
	at org.apache.tomcat.util.net.SocketProcessorBase.run(SocketProcessorBase.java:52)
	at org.apache.tomcat.util.threads.ThreadPoolExecutor.runWorker(ThreadPoolExecutor.java:1191)
	at org.apache.tomcat.util.threads.ThreadPoolExecutor$Worker.run(ThreadPoolExecutor.java:659)
	at org.apache.tomcat.util.threads.TaskThread$WrappingRunnable.run(TaskThread.java:61)
	at java.base/java.lang.Thread.run(Thread.java:842)
Caused by: java.lang.IllegalStateException: org.apache.tomcat.util.http.fileupload.impl.FileSizeLimitExceededException: The field avatar exceeds its maximum permitted size of 1048576 bytes.
	at org.apache.catalina.connector.Request.parseParts(Request.java:2926)
	at org.apache.catalina.connector.Request.getParts(Request.java:2778)
	at org.apache.catalina.connector.RequestFacade.getParts(RequestFacade.java:1074)
	at org.springframework.web.multipart.support.StandardMultipartHttpServletRequest.parseRequest(StandardMultipartHttpServletRequest.java:93)
	... 50 common frames omitted
Caused by: org.apache.tomcat.util.http.fileupload.impl.FileSizeLimitExceededException: The field avatar exceeds its maximum permitted size of 1048576 bytes.
	at org.apache.tomcat.util.http.fileupload.impl.FileItemStreamImpl$1.raiseError(FileItemStreamImpl.java:117)
	at org.apache.tomcat.util.http.fileupload.util.LimitedInputStream.checkLimit(LimitedInputStream.java:76)
	at org.apache.tomcat.util.http.fileupload.util.LimitedInputStream.read(LimitedInputStream.java:135)
	at java.base/java.io.FilterInputStream.read(FilterInputStream.java:106)
	at org.apache.tomcat.util.http.fileupload.util.Streams.copy(Streams.java:96)
	at org.apache.tomcat.util.http.fileupload.FileUploadBase.parseRequest(FileUploadBase.java:292)
	at org.apache.catalina.connector.Request.parseParts(Request.java:2884)
	... 53 common frames omitted
2026-08-24 16:28:32.642 [http-nio-8082-exec-4] INFO  c.d.f.b.context.filter.HeaderUserId2ContextFilter - ===== 删除 ThreadLocal， userId: 1787545330104002
2026-08-24 16:28:33.676 [http-nio-8082-exec-3] INFO  c.d.f.b.context.filter.HeaderUserId2ContextFilter - ===== 设置 userId 到 ThreadLocal 中， 用户 ID: 1787545330104002
2026-08-24 16:28:33.708 [http-nio-8082-exec-3] ERROR c.d.x.user.exception.GlobalExceptionHandler - /user/update request error, 
org.springframework.web.multipart.MaxUploadSizeExceededException: Maximum upload size exceeded
	at org.springframework.web.multipart.support.StandardMultipartHttpServletRequest.handleParseFailure(StandardMultipartHttpServletRequest.java:119)
	at org.springframework.web.multipart.support.StandardMultipartHttpServletRequest.parseRequest(StandardMultipartHttpServletRequest.java:110)
	at org.springframework.web.multipart.support.StandardMultipartHttpServletRequest.<init>(StandardMultipartHttpServletRequest.java:86)
	at org.springframework.web.multipart.support.StandardServletMultipartResolver.resolveMultipart(StandardServletMultipartResolver.java:112)
	at org.springframework.web.servlet.DispatcherServlet.checkMultipart(DispatcherServlet.java:1218)
	at org.springframework.web.servlet.DispatcherServlet.doDispatch(DispatcherServlet.java:1052)
	at org.springframework.web.servlet.DispatcherServlet.doService(DispatcherServlet.java:973)
	at org.springframework.web.servlet.FrameworkServlet.processRequest(FrameworkServlet.java:1011)
	at org.springframework.web.servlet.FrameworkServlet.doPost(FrameworkServlet.java:914)
	at jakarta.servlet.http.HttpServlet.service(HttpServlet.java:731)
	at org.springframework.web.servlet.FrameworkServlet.service(FrameworkServlet.java:885)
	at jakarta.servlet.http.HttpServlet.service(HttpServlet.java:814)
	at org.apache.catalina.core.ApplicationFilterChain.internalDoFilter(ApplicationFilterChain.java:223)
	at org.apache.catalina.core.ApplicationFilterChain.doFilter(ApplicationFilterChain.java:158)
	at org.apache.tomcat.websocket.server.WsFilter.doFilter(WsFilter.java:53)
	at org.apache.catalina.core.ApplicationFilterChain.internalDoFilter(ApplicationFilterChain.java:185)
	at org.apache.catalina.core.ApplicationFilterChain.doFilter(ApplicationFilterChain.java:158)
	at com.dyc.framework.biz.context.filter.HeaderUserId2ContextFilter.doFilterInternal(HeaderUserId2ContextFilter.java:37)
	at org.springframework.web.filter.OncePerRequestFilter.doFilter(OncePerRequestFilter.java:116)
	at org.apache.catalina.core.ApplicationFilterChain.internalDoFilter(ApplicationFilterChain.java:185)
	at org.apache.catalina.core.ApplicationFilterChain.doFilter(ApplicationFilterChain.java:158)
	at com.alibaba.druid.support.jakarta.WebStatFilter.doFilter(WebStatFilter.java:113)
	at org.apache.catalina.core.ApplicationFilterChain.internalDoFilter(ApplicationFilterChain.java:185)
	at org.apache.catalina.core.ApplicationFilterChain.doFilter(ApplicationFilterChain.java:158)
	at org.springframework.web.filter.RequestContextFilter.doFilterInternal(RequestContextFilter.java:100)
	at org.springframework.web.filter.OncePerRequestFilter.doFilter(OncePerRequestFilter.java:116)
	at org.apache.catalina.core.ApplicationFilterChain.internalDoFilter(ApplicationFilterChain.java:185)
	at org.apache.catalina.core.ApplicationFilterChain.doFilter(ApplicationFilterChain.java:158)
	at org.springframework.web.filter.FormContentFilter.doFilterInternal(FormContentFilter.java:93)
	at org.springframework.web.filter.OncePerRequestFilter.doFilter(OncePerRequestFilter.java:116)
	at org.apache.catalina.core.ApplicationFilterChain.internalDoFilter(ApplicationFilterChain.java:185)
	at org.apache.catalina.core.ApplicationFilterChain.doFilter(ApplicationFilterChain.java:158)
	at org.springframework.web.filter.CharacterEncodingFilter.doFilterInternal(CharacterEncodingFilter.java:201)
	at org.springframework.web.filter.OncePerRequestFilter.doFilter(OncePerRequestFilter.java:116)
	at org.apache.catalina.core.ApplicationFilterChain.internalDoFilter(ApplicationFilterChain.java:185)
	at org.apache.catalina.core.ApplicationFilterChain.doFilter(ApplicationFilterChain.java:158)
	at org.apache.catalina.core.StandardWrapperValve.invoke(StandardWrapperValve.java:177)
	at org.apache.catalina.core.StandardContextValve.invoke(StandardContextValve.java:97)
	at org.apache.catalina.authenticator.AuthenticatorBase.invoke(AuthenticatorBase.java:542)
	at org.apache.catalina.core.StandardHostValve.invoke(StandardHostValve.java:119)
	at org.apache.catalina.valves.ErrorReportValve.invoke(ErrorReportValve.java:92)
	at org.apache.catalina.core.StandardEngineValve.invoke(StandardEngineValve.java:78)
	at org.apache.catalina.connector.CoyoteAdapter.service(CoyoteAdapter.java:357)
	at org.apache.coyote.http11.Http11Processor.service(Http11Processor.java:400)
	at org.apache.coyote.AbstractProcessorLight.process(AbstractProcessorLight.java:65)
	at org.apache.coyote.AbstractProtocol$ConnectionHandler.process(AbstractProtocol.java:859)
	at org.apache.tomcat.util.net.NioEndpoint$SocketProcessor.doRun(NioEndpoint.java:1734)
	at org.apache.tomcat.util.net.SocketProcessorBase.run(SocketProcessorBase.java:52)
	at org.apache.tomcat.util.threads.ThreadPoolExecutor.runWorker(ThreadPoolExecutor.java:1191)
	at org.apache.tomcat.util.threads.ThreadPoolExecutor$Worker.run(ThreadPoolExecutor.java:659)
	at org.apache.tomcat.util.threads.TaskThread$WrappingRunnable.run(TaskThread.java:61)
	at java.base/java.lang.Thread.run(Thread.java:842)
Caused by: java.lang.IllegalStateException: org.apache.tomcat.util.http.fileupload.impl.FileSizeLimitExceededException: The field avatar exceeds its maximum permitted size of 1048576 bytes.
	at org.apache.catalina.connector.Request.parseParts(Request.java:2926)
	at org.apache.catalina.connector.Request.getParts(Request.java:2778)
	at org.apache.catalina.connector.RequestFacade.getParts(RequestFacade.java:1074)
	at org.springframework.web.multipart.support.StandardMultipartHttpServletRequest.parseRequest(StandardMultipartHttpServletRequest.java:93)
	... 50 common frames omitted
Caused by: org.apache.tomcat.util.http.fileupload.impl.FileSizeLimitExceededException: The field avatar exceeds its maximum permitted size of 1048576 bytes.
	at org.apache.tomcat.util.http.fileupload.impl.FileItemStreamImpl$1.raiseError(FileItemStreamImpl.java:117)
	at org.apache.tomcat.util.http.fileupload.util.LimitedInputStream.checkLimit(LimitedInputStream.java:76)
	at org.apache.tomcat.util.http.fileupload.util.LimitedInputStream.read(LimitedInputStream.java:135)
	at java.base/java.io.FilterInputStream.read(FilterInputStream.java:106)
	at org.apache.tomcat.util.http.fileupload.util.Streams.copy(Streams.java:96)
	at org.apache.tomcat.util.http.fileupload.FileUploadBase.parseRequest(FileUploadBase.java:292)
	at org.apache.catalina.connector.Request.parseParts(Request.java:2884)
	... 53 common frames omitted
2026-08-24 16:28:33.712 [http-nio-8082-exec-3] INFO  c.d.f.b.context.filter.HeaderUserId2ContextFilter - ===== 删除 ThreadLocal， userId: 1787545330104002
2026-08-24 16:28:33.882 [http-nio-8082-exec-7] INFO  c.d.f.b.context.filter.HeaderUserId2ContextFilter - ===== 设置 userId 到 ThreadLocal 中， 用户 ID: 1787545330104002
2026-08-24 16:28:33.925 [http-nio-8082-exec-7] ERROR c.d.x.user.exception.GlobalExceptionHandler - /user/update request error, 
org.springframework.web.multipart.MaxUploadSizeExceededException: Maximum upload size exceeded
	at org.springframework.web.multipart.support.StandardMultipartHttpServletRequest.handleParseFailure(StandardMultipartHttpServletRequest.java:119)
	at org.springframework.web.multipart.support.StandardMultipartHttpServletRequest.parseRequest(StandardMultipartHttpServletRequest.java:110)
	at org.springframework.web.multipart.support.StandardMultipartHttpServletRequest.<init>(StandardMultipartHttpServletRequest.java:86)
	at org.springframework.web.multipart.support.StandardServletMultipartResolver.resolveMultipart(StandardServletMultipartResolver.java:112)
	at org.springframework.web.servlet.DispatcherServlet.checkMultipart(DispatcherServlet.java:1218)
	at org.springframework.web.servlet.DispatcherServlet.doDispatch(DispatcherServlet.java:1052)
	at org.springframework.web.servlet.DispatcherServlet.doService(DispatcherServlet.java:973)
	at org.springframework.web.servlet.FrameworkServlet.processRequest(FrameworkServlet.java:1011)
	at org.springframework.web.servlet.FrameworkServlet.doPost(FrameworkServlet.java:914)
	at jakarta.servlet.http.HttpServlet.service(HttpServlet.java:731)
	at org.springframework.web.servlet.FrameworkServlet.service(FrameworkServlet.java:885)
	at jakarta.servlet.http.HttpServlet.service(HttpServlet.java:814)
	at org.apache.catalina.core.ApplicationFilterChain.internalDoFilter(ApplicationFilterChain.java:223)
	at org.apache.catalina.core.ApplicationFilterChain.doFilter(ApplicationFilterChain.java:158)
	at org.apache.tomcat.websocket.server.WsFilter.doFilter(WsFilter.java:53)
	at org.apache.catalina.core.ApplicationFilterChain.internalDoFilter(ApplicationFilterChain.java:185)
	at org.apache.catalina.core.ApplicationFilterChain.doFilter(ApplicationFilterChain.java:158)
	at com.dyc.framework.biz.context.filter.HeaderUserId2ContextFilter.doFilterInternal(HeaderUserId2ContextFilter.java:37)
	at org.springframework.web.filter.OncePerRequestFilter.doFilter(OncePerRequestFilter.java:116)
	at org.apache.catalina.core.ApplicationFilterChain.internalDoFilter(ApplicationFilterChain.java:185)
	at org.apache.catalina.core.ApplicationFilterChain.doFilter(ApplicationFilterChain.java:158)
	at com.alibaba.druid.support.jakarta.WebStatFilter.doFilter(WebStatFilter.java:113)
	at org.apache.catalina.core.ApplicationFilterChain.internalDoFilter(ApplicationFilterChain.java:185)
	at org.apache.catalina.core.ApplicationFilterChain.doFilter(ApplicationFilterChain.java:158)
	at org.springframework.web.filter.RequestContextFilter.doFilterInternal(RequestContextFilter.java:100)
	at org.springframework.web.filter.OncePerRequestFilter.doFilter(OncePerRequestFilter.java:116)
	at org.apache.catalina.core.ApplicationFilterChain.internalDoFilter(ApplicationFilterChain.java:185)
	at org.apache.catalina.core.ApplicationFilterChain.doFilter(ApplicationFilterChain.java:158)
	at org.springframework.web.filter.FormContentFilter.doFilterInternal(FormContentFilter.java:93)
	at org.springframework.web.filter.OncePerRequestFilter.doFilter(OncePerRequestFilter.java:116)
	at org.apache.catalina.core.ApplicationFilterChain.internalDoFilter(ApplicationFilterChain.java:185)
	at org.apache.catalina.core.ApplicationFilterChain.doFilter(ApplicationFilterChain.java:158)
	at org.springframework.web.filter.CharacterEncodingFilter.doFilterInternal(CharacterEncodingFilter.java:201)
	at org.springframework.web.filter.OncePerRequestFilter.doFilter(OncePerRequestFilter.java:116)
	at org.apache.catalina.core.ApplicationFilterChain.internalDoFilter(ApplicationFilterChain.java:185)
	at org.apache.catalina.core.ApplicationFilterChain.doFilter(ApplicationFilterChain.java:158)
	at org.apache.catalina.core.StandardWrapperValve.invoke(StandardWrapperValve.java:177)
	at org.apache.catalina.core.StandardContextValve.invoke(StandardContextValve.java:97)
	at org.apache.catalina.authenticator.AuthenticatorBase.invoke(AuthenticatorBase.java:542)
	at org.apache.catalina.core.StandardHostValve.invoke(StandardHostValve.java:119)
	at org.apache.catalina.valves.ErrorReportValve.invoke(ErrorReportValve.java:92)
	at org.apache.catalina.core.StandardEngineValve.invoke(StandardEngineValve.java:78)
	at org.apache.catalina.connector.CoyoteAdapter.service(CoyoteAdapter.java:357)
	at org.apache.coyote.http11.Http11Processor.service(Http11Processor.java:400)
	at org.apache.coyote.AbstractProcessorLight.process(AbstractProcessorLight.java:65)
	at org.apache.coyote.AbstractProtocol$ConnectionHandler.process(AbstractProtocol.java:859)
	at org.apache.tomcat.util.net.NioEndpoint$SocketProcessor.doRun(NioEndpoint.java:1734)
	at org.apache.tomcat.util.net.SocketProcessorBase.run(SocketProcessorBase.java:52)
	at org.apache.tomcat.util.threads.ThreadPoolExecutor.runWorker(ThreadPoolExecutor.java:1191)
	at org.apache.tomcat.util.threads.ThreadPoolExecutor$Worker.run(ThreadPoolExecutor.java:659)
	at org.apache.tomcat.util.threads.TaskThread$WrappingRunnable.run(TaskThread.java:61)
	at java.base/java.lang.Thread.run(Thread.java:842)
Caused by: java.lang.IllegalStateException: org.apache.tomcat.util.http.fileupload.impl.FileSizeLimitExceededException: The field avatar exceeds its maximum permitted size of 1048576 bytes.
	at org.apache.catalina.connector.Request.parseParts(Request.java:2926)
	at org.apache.catalina.connector.Request.getParts(Request.java:2778)
	at org.apache.catalina.connector.RequestFacade.getParts(RequestFacade.java:1074)
	at org.springframework.web.multipart.support.StandardMultipartHttpServletRequest.parseRequest(StandardMultipartHttpServletRequest.java:93)
	... 50 common frames omitted
Caused by: org.apache.tomcat.util.http.fileupload.impl.FileSizeLimitExceededException: The field avatar exceeds its maximum permitted size of 1048576 bytes.
	at org.apache.tomcat.util.http.fileupload.impl.FileItemStreamImpl$1.raiseError(FileItemStreamImpl.java:117)
	at org.apache.tomcat.util.http.fileupload.util.LimitedInputStream.checkLimit(LimitedInputStream.java:76)
	at org.apache.tomcat.util.http.fileupload.util.LimitedInputStream.read(LimitedInputStream.java:135)
	at java.base/java.io.FilterInputStream.read(FilterInputStream.java:106)
	at org.apache.tomcat.util.http.fileupload.util.Streams.copy(Streams.java:96)
	at org.apache.tomcat.util.http.fileupload.FileUploadBase.parseRequest(FileUploadBase.java:292)
	at org.apache.catalina.connector.Request.parseParts(Request.java:2884)
	... 53 common frames omitted
2026-08-24 16:28:33.929 [http-nio-8082-exec-7] INFO  c.d.f.b.context.filter.HeaderUserId2ContextFilter - ===== 删除 ThreadLocal， userId: 1787545330104002
2026-08-24 16:28:34.063 [http-nio-8082-exec-8] INFO  c.d.f.b.context.filter.HeaderUserId2ContextFilter - ===== 设置 userId 到 ThreadLocal 中， 用户 ID: 1787545330104002
2026-08-24 16:28:34.099 [http-nio-8082-exec-8] ERROR c.d.x.user.exception.GlobalExceptionHandler - /user/update request error, 
org.springframework.web.multipart.MaxUploadSizeExceededException: Maximum upload size exceeded
	at org.springframework.web.multipart.support.StandardMultipartHttpServletRequest.handleParseFailure(StandardMultipartHttpServletRequest.java:119)
	at org.springframework.web.multipart.support.StandardMultipartHttpServletRequest.parseRequest(StandardMultipartHttpServletRequest.java:110)
	at org.springframework.web.multipart.support.StandardMultipartHttpServletRequest.<init>(StandardMultipartHttpServletRequest.java:86)
	at org.springframework.web.multipart.support.StandardServletMultipartResolver.resolveMultipart(StandardServletMultipartResolver.java:112)
	at org.springframework.web.servlet.DispatcherServlet.checkMultipart(DispatcherServlet.java:1218)
	at org.springframework.web.servlet.DispatcherServlet.doDispatch(DispatcherServlet.java:1052)
	at org.springframework.web.servlet.DispatcherServlet.doService(DispatcherServlet.java:973)
	at org.springframework.web.servlet.FrameworkServlet.processRequest(FrameworkServlet.java:1011)
	at org.springframework.web.servlet.FrameworkServlet.doPost(FrameworkServlet.java:914)
	at jakarta.servlet.http.HttpServlet.service(HttpServlet.java:731)
	at org.springframework.web.servlet.FrameworkServlet.service(FrameworkServlet.java:885)
	at jakarta.servlet.http.HttpServlet.service(HttpServlet.java:814)
	at org.apache.catalina.core.ApplicationFilterChain.internalDoFilter(ApplicationFilterChain.java:223)
	at org.apache.catalina.core.ApplicationFilterChain.doFilter(ApplicationFilterChain.java:158)
	at org.apache.tomcat.websocket.server.WsFilter.doFilter(WsFilter.java:53)
	at org.apache.catalina.core.ApplicationFilterChain.internalDoFilter(ApplicationFilterChain.java:185)
	at org.apache.catalina.core.ApplicationFilterChain.doFilter(ApplicationFilterChain.java:158)
	at com.dyc.framework.biz.context.filter.HeaderUserId2ContextFilter.doFilterInternal(HeaderUserId2ContextFilter.java:37)
	at org.springframework.web.filter.OncePerRequestFilter.doFilter(OncePerRequestFilter.java:116)
	at org.apache.catalina.core.ApplicationFilterChain.internalDoFilter(ApplicationFilterChain.java:185)
	at org.apache.catalina.core.ApplicationFilterChain.doFilter(ApplicationFilterChain.java:158)
	at com.alibaba.druid.support.jakarta.WebStatFilter.doFilter(WebStatFilter.java:113)
	at org.apache.catalina.core.ApplicationFilterChain.internalDoFilter(ApplicationFilterChain.java:185)
	at org.apache.catalina.core.ApplicationFilterChain.doFilter(ApplicationFilterChain.java:158)
	at org.springframework.web.filter.RequestContextFilter.doFilterInternal(RequestContextFilter.java:100)
	at org.springframework.web.filter.OncePerRequestFilter.doFilter(OncePerRequestFilter.java:116)
	at org.apache.catalina.core.ApplicationFilterChain.internalDoFilter(ApplicationFilterChain.java:185)
	at org.apache.catalina.core.ApplicationFilterChain.doFilter(ApplicationFilterChain.java:158)
	at org.springframework.web.filter.FormContentFilter.doFilterInternal(FormContentFilter.java:93)
	at org.springframework.web.filter.OncePerRequestFilter.doFilter(OncePerRequestFilter.java:116)
	at org.apache.catalina.core.ApplicationFilterChain.internalDoFilter(ApplicationFilterChain.java:185)
	at org.apache.catalina.core.ApplicationFilterChain.doFilter(ApplicationFilterChain.java:158)
	at org.springframework.web.filter.CharacterEncodingFilter.doFilterInternal(CharacterEncodingFilter.java:201)
	at org.springframework.web.filter.OncePerRequestFilter.doFilter(OncePerRequestFilter.java:116)
	at org.apache.catalina.core.ApplicationFilterChain.internalDoFilter(ApplicationFilterChain.java:185)
	at org.apache.catalina.core.ApplicationFilterChain.doFilter(ApplicationFilterChain.java:158)
	at org.apache.catalina.core.StandardWrapperValve.invoke(StandardWrapperValve.java:177)
	at org.apache.catalina.core.StandardContextValve.invoke(StandardContextValve.java:97)
	at org.apache.catalina.authenticator.AuthenticatorBase.invoke(AuthenticatorBase.java:542)
	at org.apache.catalina.core.StandardHostValve.invoke(StandardHostValve.java:119)
	at org.apache.catalina.valves.ErrorReportValve.invoke(ErrorReportValve.java:92)
	at org.apache.catalina.core.StandardEngineValve.invoke(StandardEngineValve.java:78)
	at org.apache.catalina.connector.CoyoteAdapter.service(CoyoteAdapter.java:357)
	at org.apache.coyote.http11.Http11Processor.service(Http11Processor.java:400)
	at org.apache.coyote.AbstractProcessorLight.process(AbstractProcessorLight.java:65)
	at org.apache.coyote.AbstractProtocol$ConnectionHandler.process(AbstractProtocol.java:859)
	at org.apache.tomcat.util.net.NioEndpoint$SocketProcessor.doRun(NioEndpoint.java:1734)
	at org.apache.tomcat.util.net.SocketProcessorBase.run(SocketProcessorBase.java:52)
	at org.apache.tomcat.util.threads.ThreadPoolExecutor.runWorker(ThreadPoolExecutor.java:1191)
	at org.apache.tomcat.util.threads.ThreadPoolExecutor$Worker.run(ThreadPoolExecutor.java:659)
	at org.apache.tomcat.util.threads.TaskThread$WrappingRunnable.run(TaskThread.java:61)
	at java.base/java.lang.Thread.run(Thread.java:842)
Caused by: java.lang.IllegalStateException: org.apache.tomcat.util.http.fileupload.impl.FileSizeLimitExceededException: The field avatar exceeds its maximum permitted size of 1048576 bytes.
	at org.apache.catalina.connector.Request.parseParts(Request.java:2926)
	at org.apache.catalina.connector.Request.getParts(Request.java:2778)
	at org.apache.catalina.connector.RequestFacade.getParts(RequestFacade.java:1074)
	at org.springframework.web.multipart.support.StandardMultipartHttpServletRequest.parseRequest(StandardMultipartHttpServletRequest.java:93)
	... 50 common frames omitted
Caused by: org.apache.tomcat.util.http.fileupload.impl.FileSizeLimitExceededException: The field avatar exceeds its maximum permitted size of 1048576 bytes.
	at org.apache.tomcat.util.http.fileupload.impl.FileItemStreamImpl$1.raiseError(FileItemStreamImpl.java:117)
	at org.apache.tomcat.util.http.fileupload.util.LimitedInputStream.checkLimit(LimitedInputStream.java:76)
	at org.apache.tomcat.util.http.fileupload.util.LimitedInputStream.read(LimitedInputStream.java:135)
	at java.base/java.io.FilterInputStream.read(FilterInputStream.java:106)
	at org.apache.tomcat.util.http.fileupload.util.Streams.copy(Streams.java:96)
	at org.apache.tomcat.util.http.fileupload.FileUploadBase.parseRequest(FileUploadBase.java:292)
	at org.apache.catalina.connector.Request.parseParts(Request.java:2884)
	... 53 common frames omitted
2026-08-24 16:28:34.102 [http-nio-8082-exec-8] INFO  c.d.f.b.context.filter.HeaderUserId2ContextFilter - ===== 删除 ThreadLocal， userId: 1787545330104002
2026-08-24 16:28:34.221 [http-nio-8082-exec-9] INFO  c.d.f.b.context.filter.HeaderUserId2ContextFilter - ===== 设置 userId 到 ThreadLocal 中， 用户 ID: 1787545330104002
2026-08-24 16:28:34.262 [http-nio-8082-exec-9] ERROR c.d.x.user.exception.GlobalExceptionHandler - /user/update request error, 
org.springframework.web.multipart.MaxUploadSizeExceededException: Maximum upload size exceeded
	at org.springframework.web.multipart.support.StandardMultipartHttpServletRequest.handleParseFailure(StandardMultipartHttpServletRequest.java:119)
	at org.springframework.web.multipart.support.StandardMultipartHttpServletRequest.parseRequest(StandardMultipartHttpServletRequest.java:110)
	at org.springframework.web.multipart.support.StandardMultipartHttpServletRequest.<init>(StandardMultipartHttpServletRequest.java:86)
	at org.springframework.web.multipart.support.StandardServletMultipartResolver.resolveMultipart(StandardServletMultipartResolver.java:112)
	at org.springframework.web.servlet.DispatcherServlet.checkMultipart(DispatcherServlet.java:1218)
	at org.springframework.web.servlet.DispatcherServlet.doDispatch(DispatcherServlet.java:1052)
	at org.springframework.web.servlet.DispatcherServlet.doService(DispatcherServlet.java:973)
	at org.springframework.web.servlet.FrameworkServlet.processRequest(FrameworkServlet.java:1011)
	at org.springframework.web.servlet.FrameworkServlet.doPost(FrameworkServlet.java:914)
	at jakarta.servlet.http.HttpServlet.service(HttpServlet.java:731)
	at org.springframework.web.servlet.FrameworkServlet.service(FrameworkServlet.java:885)
	at jakarta.servlet.http.HttpServlet.service(HttpServlet.java:814)
	at org.apache.catalina.core.ApplicationFilterChain.internalDoFilter(ApplicationFilterChain.java:223)
	at org.apache.catalina.core.ApplicationFilterChain.doFilter(ApplicationFilterChain.java:158)
	at org.apache.tomcat.websocket.server.WsFilter.doFilter(WsFilter.java:53)
	at org.apache.catalina.core.ApplicationFilterChain.internalDoFilter(ApplicationFilterChain.java:185)
	at org.apache.catalina.core.ApplicationFilterChain.doFilter(ApplicationFilterChain.java:158)
	at com.dyc.framework.biz.context.filter.HeaderUserId2ContextFilter.doFilterInternal(HeaderUserId2ContextFilter.java:37)
	at org.springframework.web.filter.OncePerRequestFilter.doFilter(OncePerRequestFilter.java:116)
	at org.apache.catalina.core.ApplicationFilterChain.internalDoFilter(ApplicationFilterChain.java:185)
	at org.apache.catalina.core.ApplicationFilterChain.doFilter(ApplicationFilterChain.java:158)
	at com.alibaba.druid.support.jakarta.WebStatFilter.doFilter(WebStatFilter.java:113)
	at org.apache.catalina.core.ApplicationFilterChain.internalDoFilter(ApplicationFilterChain.java:185)
	at org.apache.catalina.core.ApplicationFilterChain.doFilter(ApplicationFilterChain.java:158)
	at org.springframework.web.filter.RequestContextFilter.doFilterInternal(RequestContextFilter.java:100)
	at org.springframework.web.filter.OncePerRequestFilter.doFilter(OncePerRequestFilter.java:116)
	at org.apache.catalina.core.ApplicationFilterChain.internalDoFilter(ApplicationFilterChain.java:185)
	at org.apache.catalina.core.ApplicationFilterChain.doFilter(ApplicationFilterChain.java:158)
	at org.springframework.web.filter.FormContentFilter.doFilterInternal(FormContentFilter.java:93)
	at org.springframework.web.filter.OncePerRequestFilter.doFilter(OncePerRequestFilter.java:116)
	at org.apache.catalina.core.ApplicationFilterChain.internalDoFilter(ApplicationFilterChain.java:185)
	at org.apache.catalina.core.ApplicationFilterChain.doFilter(ApplicationFilterChain.java:158)
	at org.springframework.web.filter.CharacterEncodingFilter.doFilterInternal(CharacterEncodingFilter.java:201)
	at org.springframework.web.filter.OncePerRequestFilter.doFilter(OncePerRequestFilter.java:116)
	at org.apache.catalina.core.ApplicationFilterChain.internalDoFilter(ApplicationFilterChain.java:185)
	at org.apache.catalina.core.ApplicationFilterChain.doFilter(ApplicationFilterChain.java:158)
	at org.apache.catalina.core.StandardWrapperValve.invoke(StandardWrapperValve.java:177)
	at org.apache.catalina.core.StandardContextValve.invoke(StandardContextValve.java:97)
	at org.apache.catalina.authenticator.AuthenticatorBase.invoke(AuthenticatorBase.java:542)
	at org.apache.catalina.core.StandardHostValve.invoke(StandardHostValve.java:119)
	at org.apache.catalina.valves.ErrorReportValve.invoke(ErrorReportValve.java:92)
	at org.apache.catalina.core.StandardEngineValve.invoke(StandardEngineValve.java:78)
	at org.apache.catalina.connector.CoyoteAdapter.service(CoyoteAdapter.java:357)
	at org.apache.coyote.http11.Http11Processor.service(Http11Processor.java:400)
	at org.apache.coyote.AbstractProcessorLight.process(AbstractProcessorLight.java:65)
	at org.apache.coyote.AbstractProtocol$ConnectionHandler.process(AbstractProtocol.java:859)
	at org.apache.tomcat.util.net.NioEndpoint$SocketProcessor.doRun(NioEndpoint.java:1734)
	at org.apache.tomcat.util.net.SocketProcessorBase.run(SocketProcessorBase.java:52)
	at org.apache.tomcat.util.threads.ThreadPoolExecutor.runWorker(ThreadPoolExecutor.java:1191)
	at org.apache.tomcat.util.threads.ThreadPoolExecutor$Worker.run(ThreadPoolExecutor.java:659)
	at org.apache.tomcat.util.threads.TaskThread$WrappingRunnable.run(TaskThread.java:61)
	at java.base/java.lang.Thread.run(Thread.java:842)
Caused by: java.lang.IllegalStateException: org.apache.tomcat.util.http.fileupload.impl.FileSizeLimitExceededException: The field avatar exceeds its maximum permitted size of 1048576 bytes.
	at org.apache.catalina.connector.Request.parseParts(Request.java:2926)
	at org.apache.catalina.connector.Request.getParts(Request.java:2778)
	at org.apache.catalina.connector.RequestFacade.getParts(RequestFacade.java:1074)
	at org.springframework.web.multipart.support.StandardMultipartHttpServletRequest.parseRequest(StandardMultipartHttpServletRequest.java:93)
	... 50 common frames omitted
Caused by: org.apache.tomcat.util.http.fileupload.impl.FileSizeLimitExceededException: The field avatar exceeds its maximum permitted size of 1048576 bytes.
	at org.apache.tomcat.util.http.fileupload.impl.FileItemStreamImpl$1.raiseError(FileItemStreamImpl.java:117)
	at org.apache.tomcat.util.http.fileupload.util.LimitedInputStream.checkLimit(LimitedInputStream.java:76)
	at org.apache.tomcat.util.http.fileupload.util.LimitedInputStream.read(LimitedInputStream.java:135)
	at java.base/java.io.FilterInputStream.read(FilterInputStream.java:106)
	at org.apache.tomcat.util.http.fileupload.util.Streams.copy(Streams.java:96)
	at org.apache.tomcat.util.http.fileupload.FileUploadBase.parseRequest(FileUploadBase.java:292)
	at org.apache.catalina.connector.Request.parseParts(Request.java:2884)
	... 53 common frames omitted
2026-08-24 16:28:34.265 [http-nio-8082-exec-9] INFO  c.d.f.b.context.filter.HeaderUserId2ContextFilter - ===== 删除 ThreadLocal， userId: 1787545330104002
2026-08-24 16:29:08.278 [http-nio-8082-exec-1] INFO  c.d.f.b.context.filter.HeaderUserId2ContextFilter - ===== 设置 userId 到 ThreadLocal 中， 用户 ID: 1787545330104002
2026-08-24 16:29:08.278 [http-nio-8082-exec-5] INFO  c.d.f.b.context.filter.HeaderUserId2ContextFilter - ===== 设置 userId 到 ThreadLocal 中， 用户 ID: 1787545330104002
2026-08-24 16:29:08.280 [http-nio-8082-exec-5] DEBUG c.d.x.u.d.mapper.UserDOMapper.selectByPrimaryKey - ==>  Preparing: select id, xiaohashu_id, `password`, nickname, avatar, birthday, background_img, phone, sex, `status`, introduction, create_time, update_time, is_deleted from t_user where id = ?
2026-08-24 16:29:08.281 [http-nio-8082-exec-1] DEBUG c.d.x.u.d.mapper.UserDOMapper.selectByPrimaryKey - ==>  Preparing: select id, xiaohashu_id, `password`, nickname, avatar, birthday, background_img, phone, sex, `status`, introduction, create_time, update_time, is_deleted from t_user where id = ?
2026-08-24 16:29:08.281 [http-nio-8082-exec-5] DEBUG c.d.x.u.d.mapper.UserDOMapper.selectByPrimaryKey - ==> Parameters: 1787545330104002(Long)
2026-08-24 16:29:08.282 [http-nio-8082-exec-1] DEBUG c.d.x.u.d.mapper.UserDOMapper.selectByPrimaryKey - ==> Parameters: 1787545330104002(Long)
2026-08-24 16:29:08.286 [http-nio-8082-exec-5] DEBUG c.d.x.u.d.mapper.UserDOMapper.selectByPrimaryKey - <==      Total: 1
2026-08-24 16:29:08.286 [http-nio-8082-exec-1] DEBUG c.d.x.u.d.mapper.UserDOMapper.selectByPrimaryKey - <==      Total: 1
2026-08-24 16:29:08.287 [http-nio-8082-exec-5] DEBUG c.d.x.u.d.mapper.UserCountDOMapper.selectByUserId - ==>  Preparing: select id, user_id, fans_total, following_total, note_total, like_total, collect_total from t_user_count where user_id = ? limit 1
2026-08-24 16:29:08.287 [http-nio-8082-exec-1] DEBUG c.d.x.u.d.mapper.UserCountDOMapper.selectByUserId - ==>  Preparing: select id, user_id, fans_total, following_total, note_total, like_total, collect_total from t_user_count where user_id = ? limit 1
2026-08-24 16:29:08.288 [http-nio-8082-exec-5] DEBUG c.d.x.u.d.mapper.UserCountDOMapper.selectByUserId - ==> Parameters: 1787545330104002(Long)
2026-08-24 16:29:08.288 [http-nio-8082-exec-1] DEBUG c.d.x.u.d.mapper.UserCountDOMapper.selectByUserId - ==> Parameters: 1787545330104002(Long)
2026-08-24 16:29:08.292 [http-nio-8082-exec-5] DEBUG c.d.x.u.d.mapper.UserCountDOMapper.selectByUserId - <==      Total: 1
2026-08-24 16:29:08.292 [http-nio-8082-exec-1] DEBUG c.d.x.u.d.mapper.UserCountDOMapper.selectByUserId - <==      Total: 1
2026-08-24 16:29:08.293 [http-nio-8082-exec-1] INFO  c.d.f.b.context.filter.HeaderUserId2ContextFilter - ===== 删除 ThreadLocal， userId: 1787545330104002
2026-08-24 16:29:08.293 [http-nio-8082-exec-5] INFO  c.d.f.b.context.filter.HeaderUserId2ContextFilter - ===== 删除 ThreadLocal， userId: 1787545330104002
2026-08-24 16:33:53.791 [http-nio-8082-exec-4] INFO  c.d.f.b.context.filter.HeaderUserId2ContextFilter - ===== 设置 userId 到 ThreadLocal 中， 用户 ID: 1787545330104002
2026-08-24 16:33:53.791 [http-nio-8082-exec-6] INFO  c.d.f.b.context.filter.HeaderUserId2ContextFilter - ===== 设置 userId 到 ThreadLocal 中， 用户 ID: 1787545330104002
2026-08-24 16:33:53.793 [http-nio-8082-exec-6] DEBUG c.d.x.u.d.mapper.UserDOMapper.selectByPrimaryKey - ==>  Preparing: select id, xiaohashu_id, `password`, nickname, avatar, birthday, background_img, phone, sex, `status`, introduction, create_time, update_time, is_deleted from t_user where id = ?
2026-08-24 16:33:53.793 [http-nio-8082-exec-4] DEBUG c.d.x.u.d.mapper.UserDOMapper.selectByPrimaryKey - ==>  Preparing: select id, xiaohashu_id, `password`, nickname, avatar, birthday, background_img, phone, sex, `status`, introduction, create_time, update_time, is_deleted from t_user where id = ?
2026-08-24 16:33:53.795 [http-nio-8082-exec-4] DEBUG c.d.x.u.d.mapper.UserDOMapper.selectByPrimaryKey - ==> Parameters: 1787545330104002(Long)
2026-08-24 16:33:53.795 [http-nio-8082-exec-6] DEBUG c.d.x.u.d.mapper.UserDOMapper.selectByPrimaryKey - ==> Parameters: 1787545330104002(Long)
2026-08-24 16:33:53.797 [http-nio-8082-exec-6] DEBUG c.d.x.u.d.mapper.UserDOMapper.selectByPrimaryKey - <==      Total: 1
2026-08-24 16:33:53.797 [http-nio-8082-exec-4] DEBUG c.d.x.u.d.mapper.UserDOMapper.selectByPrimaryKey - <==      Total: 1
2026-08-24 16:33:53.798 [http-nio-8082-exec-6] DEBUG c.d.x.u.d.mapper.UserCountDOMapper.selectByUserId - ==>  Preparing: select id, user_id, fans_total, following_total, note_total, like_total, collect_total from t_user_count where user_id = ? limit 1
2026-08-24 16:33:53.798 [http-nio-8082-exec-4] DEBUG c.d.x.u.d.mapper.UserCountDOMapper.selectByUserId - ==>  Preparing: select id, user_id, fans_total, following_total, note_total, like_total, collect_total from t_user_count where user_id = ? limit 1
2026-08-24 16:33:53.799 [http-nio-8082-exec-4] DEBUG c.d.x.u.d.mapper.UserCountDOMapper.selectByUserId - ==> Parameters: 1787545330104002(Long)
2026-08-24 16:33:53.799 [http-nio-8082-exec-6] DEBUG c.d.x.u.d.mapper.UserCountDOMapper.selectByUserId - ==> Parameters: 1787545330104002(Long)
2026-08-24 16:33:53.801 [http-nio-8082-exec-6] DEBUG c.d.x.u.d.mapper.UserCountDOMapper.selectByUserId - <==      Total: 1
2026-08-24 16:33:53.802 [http-nio-8082-exec-4] DEBUG c.d.x.u.d.mapper.UserCountDOMapper.selectByUserId - <==      Total: 1
2026-08-24 16:33:53.803 [http-nio-8082-exec-6] INFO  c.d.f.b.context.filter.HeaderUserId2ContextFilter - ===== 删除 ThreadLocal， userId: 1787545330104002
2026-08-24 16:33:53.804 [http-nio-8082-exec-4] INFO  c.d.f.b.context.filter.HeaderUserId2ContextFilter - ===== 删除 ThreadLocal， userId: 1787545330104002
2026-08-24 16:33:55.321 [http-nio-8082-exec-3] INFO  c.d.f.b.context.filter.HeaderUserId2ContextFilter - ===== 设置 userId 到 ThreadLocal 中， 用户 ID: 1787545330104002
2026-08-24 16:33:55.321 [http-nio-8082-exec-7] INFO  c.d.f.b.context.filter.HeaderUserId2ContextFilter - ===== 设置 userId 到 ThreadLocal 中， 用户 ID: 1787545330104002
2026-08-24 16:33:55.323 [http-nio-8082-exec-3] DEBUG c.d.x.u.d.mapper.UserDOMapper.selectByPrimaryKey - ==>  Preparing: select id, xiaohashu_id, `password`, nickname, avatar, birthday, background_img, phone, sex, `status`, introduction, create_time, update_time, is_deleted from t_user where id = ?
2026-08-24 16:33:55.323 [http-nio-8082-exec-7] DEBUG c.d.x.u.d.mapper.UserDOMapper.selectByPrimaryKey - ==>  Preparing: select id, xiaohashu_id, `password`, nickname, avatar, birthday, background_img, phone, sex, `status`, introduction, create_time, update_time, is_deleted from t_user where id = ?
2026-08-24 16:33:55.324 [http-nio-8082-exec-7] DEBUG c.d.x.u.d.mapper.UserDOMapper.selectByPrimaryKey - ==> Parameters: 1787545330104002(Long)
2026-08-24 16:33:55.324 [http-nio-8082-exec-3] DEBUG c.d.x.u.d.mapper.UserDOMapper.selectByPrimaryKey - ==> Parameters: 1787545330104002(Long)
2026-08-24 16:33:55.327 [http-nio-8082-exec-7] DEBUG c.d.x.u.d.mapper.UserDOMapper.selectByPrimaryKey - <==      Total: 1
2026-08-24 16:33:55.328 [http-nio-8082-exec-7] DEBUG c.d.x.u.d.mapper.UserCountDOMapper.selectByUserId - ==>  Preparing: select id, user_id, fans_total, following_total, note_total, like_total, collect_total from t_user_count where user_id = ? limit 1
2026-08-24 16:33:55.328 [http-nio-8082-exec-3] DEBUG c.d.x.u.d.mapper.UserDOMapper.selectByPrimaryKey - <==      Total: 1
2026-08-24 16:33:55.328 [http-nio-8082-exec-7] DEBUG c.d.x.u.d.mapper.UserCountDOMapper.selectByUserId - ==> Parameters: 1787545330104002(Long)
2026-08-24 16:33:55.328 [http-nio-8082-exec-3] DEBUG c.d.x.u.d.mapper.UserCountDOMapper.selectByUserId - ==>  Preparing: select id, user_id, fans_total, following_total, note_total, like_total, collect_total from t_user_count where user_id = ? limit 1
2026-08-24 16:33:55.328 [http-nio-8082-exec-3] DEBUG c.d.x.u.d.mapper.UserCountDOMapper.selectByUserId - ==> Parameters: 1787545330104002(Long)
2026-08-24 16:33:55.331 [http-nio-8082-exec-7] DEBUG c.d.x.u.d.mapper.UserCountDOMapper.selectByUserId - <==      Total: 1
2026-08-24 16:33:55.333 [http-nio-8082-exec-3] DEBUG c.d.x.u.d.mapper.UserCountDOMapper.selectByUserId - <==      Total: 1
2026-08-24 16:33:55.334 [http-nio-8082-exec-7] INFO  c.d.f.b.context.filter.HeaderUserId2ContextFilter - ===== 删除 ThreadLocal， userId: 1787545330104002
2026-08-24 16:33:55.334 [http-nio-8082-exec-3] INFO  c.d.f.b.context.filter.HeaderUserId2ContextFilter - ===== 删除 ThreadLocal， userId: 1787545330104002
2026-08-24 16:33:57.020 [http-nio-8082-exec-9] INFO  c.d.f.b.context.filter.HeaderUserId2ContextFilter - ===== 设置 userId 到 ThreadLocal 中， 用户 ID: 1787545330104002
2026-08-24 16:33:57.020 [http-nio-8082-exec-8] INFO  c.d.f.b.context.filter.HeaderUserId2ContextFilter - ===== 设置 userId 到 ThreadLocal 中， 用户 ID: 1787545330104002
2026-08-24 16:33:57.037 [http-nio-8082-exec-9] DEBUG c.d.x.u.d.mapper.UserDOMapper.selectByPrimaryKey - ==>  Preparing: select id, xiaohashu_id, `password`, nickname, avatar, birthday, background_img, phone, sex, `status`, introduction, create_time, update_time, is_deleted from t_user where id = ?
2026-08-24 16:33:57.041 [http-nio-8082-exec-8] DEBUG c.d.x.u.d.mapper.UserDOMapper.selectByPrimaryKey - ==>  Preparing: select id, xiaohashu_id, `password`, nickname, avatar, birthday, background_img, phone, sex, `status`, introduction, create_time, update_time, is_deleted from t_user where id = ?
2026-08-24 16:33:57.041 [http-nio-8082-exec-8] DEBUG c.d.x.u.d.mapper.UserDOMapper.selectByPrimaryKey - ==> Parameters: 1787545330104002(Long)
2026-08-24 16:33:57.049 [http-nio-8082-exec-9] DEBUG c.d.x.u.d.mapper.UserDOMapper.selectByPrimaryKey - ==> Parameters: 1787545330104002(Long)
2026-08-24 16:33:57.050 [http-nio-8082-exec-9] DEBUG c.d.x.u.d.mapper.UserDOMapper.selectByPrimaryKey - <==      Total: 1
2026-08-24 16:33:57.050 [http-nio-8082-exec-9] DEBUG c.d.x.u.d.mapper.UserCountDOMapper.selectByUserId - ==>  Preparing: select id, user_id, fans_total, following_total, note_total, like_total, collect_total from t_user_count where user_id = ? limit 1
2026-08-24 16:33:57.059 [http-nio-8082-exec-8] DEBUG c.d.x.u.d.mapper.UserDOMapper.selectByPrimaryKey - <==      Total: 1
2026-08-24 16:33:57.068 [http-nio-8082-exec-9] DEBUG c.d.x.u.d.mapper.UserCountDOMapper.selectByUserId - ==> Parameters: 1787545330104002(Long)
2026-08-24 16:33:57.072 [http-nio-8082-exec-8] DEBUG c.d.x.u.d.mapper.UserCountDOMapper.selectByUserId - ==>  Preparing: select id, user_id, fans_total, following_total, note_total, like_total, collect_total from t_user_count where user_id = ? limit 1
2026-08-24 16:33:57.072 [http-nio-8082-exec-8] DEBUG c.d.x.u.d.mapper.UserCountDOMapper.selectByUserId - ==> Parameters: 1787545330104002(Long)
2026-08-24 16:33:57.075 [http-nio-8082-exec-8] DEBUG c.d.x.u.d.mapper.UserCountDOMapper.selectByUserId - <==      Total: 1
2026-08-24 16:33:57.077 [http-nio-8082-exec-8] INFO  c.d.f.b.context.filter.HeaderUserId2ContextFilter - ===== 删除 ThreadLocal， userId: 1787545330104002
2026-08-24 16:33:57.096 [http-nio-8082-exec-9] DEBUG c.d.x.u.d.mapper.UserCountDOMapper.selectByUserId - <==      Total: 1
2026-08-24 16:33:57.102 [http-nio-8082-exec-9] INFO  c.d.f.b.context.filter.HeaderUserId2ContextFilter - ===== 删除 ThreadLocal， userId: 1787545330104002
2026-08-24 16:35:12.819 [http-nio-8082-exec-2] DEBUG c.d.x.u.domain.mapper.UserDOMapper.selectByPhone - ==>  Preparing: select id, `password` from t_user where phone = ? limit 1
2026-08-24 16:35:12.820 [http-nio-8082-exec-2] DEBUG c.d.x.u.domain.mapper.UserDOMapper.selectByPhone - ==> Parameters: 19862172631(String)
2026-08-24 16:35:12.821 [http-nio-8082-exec-2] DEBUG c.d.x.u.domain.mapper.UserDOMapper.selectByPhone - <==      Total: 1
2026-08-24 16:35:12.892 [http-nio-8082-exec-10] WARN  c.d.x.user.exception.GlobalExceptionHandler - /user/profile request fail, errorCode: USER-20008, errorMessage: 当前登录用户不存在
2026-08-24 16:36:46.875 [http-nio-8082-exec-7] WARN  c.d.x.user.exception.GlobalExceptionHandler - /user/profile request fail, errorCode: USER-20008, errorMessage: 当前登录用户不存在
2026-08-24 16:36:47.665 [http-nio-8082-exec-3] INFO  c.d.f.b.context.filter.HeaderUserId2ContextFilter - ===== 设置 userId 到 ThreadLocal 中， 用户 ID: 1787545330104002
2026-08-24 16:36:47.668 [http-nio-8082-exec-3] DEBUG c.d.x.u.d.mapper.UserDOMapper.selectByPrimaryKey - ==>  Preparing: select id, xiaohashu_id, `password`, nickname, avatar, birthday, background_img, phone, sex, `status`, introduction, create_time, update_time, is_deleted from t_user where id = ?
2026-08-24 16:36:47.669 [http-nio-8082-exec-3] DEBUG c.d.x.u.d.mapper.UserDOMapper.selectByPrimaryKey - ==> Parameters: 1787545330104002(Long)
2026-08-24 16:36:47.672 [http-nio-8082-exec-3] DEBUG c.d.x.u.d.mapper.UserDOMapper.selectByPrimaryKey - <==      Total: 1
2026-08-24 16:36:47.672 [http-nio-8082-exec-3] DEBUG c.d.x.u.d.mapper.UserCountDOMapper.selectByUserId - ==>  Preparing: select id, user_id, fans_total, following_total, note_total, like_total, collect_total from t_user_count where user_id = ? limit 1
2026-08-24 16:36:47.673 [http-nio-8082-exec-3] DEBUG c.d.x.u.d.mapper.UserCountDOMapper.selectByUserId - ==> Parameters: 1787545330104002(Long)
2026-08-24 16:36:47.675 [http-nio-8082-exec-3] DEBUG c.d.x.u.d.mapper.UserCountDOMapper.selectByUserId - <==      Total: 1
2026-08-24 16:36:47.678 [http-nio-8082-exec-3] INFO  c.d.f.b.context.filter.HeaderUserId2ContextFilter - ===== 删除 ThreadLocal， userId: 1787545330104002
2026-08-24 16:36:47.709 [http-nio-8082-exec-8] INFO  c.d.f.b.context.filter.HeaderUserId2ContextFilter - ===== 设置 userId 到 ThreadLocal 中， 用户 ID: 1787545330104002
2026-08-24 16:36:47.712 [http-nio-8082-exec-8] DEBUG c.d.x.u.d.mapper.UserDOMapper.selectByPrimaryKey - ==>  Preparing: select id, xiaohashu_id, `password`, nickname, avatar, birthday, background_img, phone, sex, `status`, introduction, create_time, update_time, is_deleted from t_user where id = ?
2026-08-24 16:36:47.712 [http-nio-8082-exec-9] INFO  c.d.f.b.context.filter.HeaderUserId2ContextFilter - ===== 设置 userId 到 ThreadLocal 中， 用户 ID: 1787545330104002
2026-08-24 16:36:47.713 [http-nio-8082-exec-8] DEBUG c.d.x.u.d.mapper.UserDOMapper.selectByPrimaryKey - ==> Parameters: 1787545330104002(Long)
2026-08-24 16:36:47.715 [http-nio-8082-exec-9] DEBUG c.d.x.u.d.mapper.UserDOMapper.selectByPrimaryKey - ==>  Preparing: select id, xiaohashu_id, `password`, nickname, avatar, birthday, background_img, phone, sex, `status`, introduction, create_time, update_time, is_deleted from t_user where id = ?
2026-08-24 16:36:47.715 [http-nio-8082-exec-8] DEBUG c.d.x.u.d.mapper.UserDOMapper.selectByPrimaryKey - <==      Total: 1
2026-08-24 16:36:47.716 [http-nio-8082-exec-9] DEBUG c.d.x.u.d.mapper.UserDOMapper.selectByPrimaryKey - ==> Parameters: 1787545330104002(Long)
2026-08-24 16:36:47.716 [http-nio-8082-exec-8] DEBUG c.d.x.u.d.mapper.UserCountDOMapper.selectByUserId - ==>  Preparing: select id, user_id, fans_total, following_total, note_total, like_total, collect_total from t_user_count where user_id = ? limit 1
2026-08-24 16:36:47.717 [http-nio-8082-exec-8] DEBUG c.d.x.u.d.mapper.UserCountDOMapper.selectByUserId - ==> Parameters: 1787545330104002(Long)
2026-08-24 16:36:47.718 [http-nio-8082-exec-9] DEBUG c.d.x.u.d.mapper.UserDOMapper.selectByPrimaryKey - <==      Total: 1
2026-08-24 16:36:47.719 [http-nio-8082-exec-9] DEBUG c.d.x.u.d.mapper.UserCountDOMapper.selectByUserId - ==>  Preparing: select id, user_id, fans_total, following_total, note_total, like_total, collect_total from t_user_count where user_id = ? limit 1
2026-08-24 16:36:47.719 [http-nio-8082-exec-8] DEBUG c.d.x.u.d.mapper.UserCountDOMapper.selectByUserId - <==      Total: 1
2026-08-24 16:36:47.719 [http-nio-8082-exec-9] DEBUG c.d.x.u.d.mapper.UserCountDOMapper.selectByUserId - ==> Parameters: 1787545330104002(Long)
2026-08-24 16:36:47.721 [http-nio-8082-exec-8] INFO  c.d.f.b.context.filter.HeaderUserId2ContextFilter - ===== 删除 ThreadLocal， userId: 1787545330104002
2026-08-24 16:36:47.721 [http-nio-8082-exec-9] DEBUG c.d.x.u.d.mapper.UserCountDOMapper.selectByUserId - <==      Total: 1
2026-08-24 16:36:47.723 [http-nio-8082-exec-9] INFO  c.d.f.b.context.filter.HeaderUserId2ContextFilter - ===== 删除 ThreadLocal， userId: 1787545330104002
2026-08-24 16:37:05.116 [http-nio-8082-exec-5] INFO  c.d.f.b.context.filter.HeaderUserId2ContextFilter - ===== 设置 userId 到 ThreadLocal 中， 用户 ID: 1787545330104002
2026-08-24 16:37:05.116 [http-nio-8082-exec-1] INFO  c.d.f.b.context.filter.HeaderUserId2ContextFilter - ===== 设置 userId 到 ThreadLocal 中， 用户 ID: 1787545330104002
2026-08-24 16:37:05.118 [http-nio-8082-exec-5] DEBUG c.d.x.u.d.mapper.UserDOMapper.selectByPrimaryKey - ==>  Preparing: select id, xiaohashu_id, `password`, nickname, avatar, birthday, background_img, phone, sex, `status`, introduction, create_time, update_time, is_deleted from t_user where id = ?
2026-08-24 16:37:05.118 [http-nio-8082-exec-1] DEBUG c.d.x.u.d.mapper.UserDOMapper.selectByPrimaryKey - ==>  Preparing: select id, xiaohashu_id, `password`, nickname, avatar, birthday, background_img, phone, sex, `status`, introduction, create_time, update_time, is_deleted from t_user where id = ?
2026-08-24 16:37:05.120 [http-nio-8082-exec-5] DEBUG c.d.x.u.d.mapper.UserDOMapper.selectByPrimaryKey - ==> Parameters: 1787545330104002(Long)
2026-08-24 16:37:05.120 [http-nio-8082-exec-1] DEBUG c.d.x.u.d.mapper.UserDOMapper.selectByPrimaryKey - ==> Parameters: 1787545330104002(Long)
2026-08-24 16:37:05.121 [http-nio-8082-exec-5] DEBUG c.d.x.u.d.mapper.UserDOMapper.selectByPrimaryKey - <==      Total: 1
2026-08-24 16:37:05.122 [http-nio-8082-exec-1] DEBUG c.d.x.u.d.mapper.UserDOMapper.selectByPrimaryKey - <==      Total: 1
2026-08-24 16:37:05.122 [http-nio-8082-exec-5] DEBUG c.d.x.u.d.mapper.UserCountDOMapper.selectByUserId - ==>  Preparing: select id, user_id, fans_total, following_total, note_total, like_total, collect_total from t_user_count where user_id = ? limit 1
2026-08-24 16:37:05.122 [http-nio-8082-exec-1] DEBUG c.d.x.u.d.mapper.UserCountDOMapper.selectByUserId - ==>  Preparing: select id, user_id, fans_total, following_total, note_total, like_total, collect_total from t_user_count where user_id = ? limit 1
2026-08-24 16:37:05.123 [http-nio-8082-exec-5] DEBUG c.d.x.u.d.mapper.UserCountDOMapper.selectByUserId - ==> Parameters: 1787545330104002(Long)
2026-08-24 16:37:05.123 [http-nio-8082-exec-1] DEBUG c.d.x.u.d.mapper.UserCountDOMapper.selectByUserId - ==> Parameters: 1787545330104002(Long)
2026-08-24 16:37:05.125 [http-nio-8082-exec-1] DEBUG c.d.x.u.d.mapper.UserCountDOMapper.selectByUserId - <==      Total: 1
2026-08-24 16:37:05.125 [http-nio-8082-exec-5] DEBUG c.d.x.u.d.mapper.UserCountDOMapper.selectByUserId - <==      Total: 1
2026-08-24 16:37:05.126 [http-nio-8082-exec-1] INFO  c.d.f.b.context.filter.HeaderUserId2ContextFilter - ===== 删除 ThreadLocal， userId: 1787545330104002
2026-08-24 16:37:05.126 [http-nio-8082-exec-5] INFO  c.d.f.b.context.filter.HeaderUserId2ContextFilter - ===== 删除 ThreadLocal， userId: 1787545330104002
2026-08-24 16:48:55.623 [http-nio-8082-exec-6] INFO  c.d.f.b.context.filter.HeaderUserId2ContextFilter - ===== 设置 userId 到 ThreadLocal 中， 用户 ID: 1787545330104002
2026-08-24 16:48:55.624 [http-nio-8082-exec-4] INFO  c.d.f.b.context.filter.HeaderUserId2ContextFilter - ===== 设置 userId 到 ThreadLocal 中， 用户 ID: 1787545330104002
2026-08-24 16:48:55.626 [http-nio-8082-exec-4] DEBUG c.d.x.u.d.mapper.UserDOMapper.selectByPrimaryKey - ==>  Preparing: select id, xiaohashu_id, `password`, nickname, avatar, birthday, background_img, phone, sex, `status`, introduction, create_time, update_time, is_deleted from t_user where id = ?
2026-08-24 16:48:55.626 [http-nio-8082-exec-6] DEBUG c.d.x.u.d.mapper.UserDOMapper.selectByPrimaryKey - ==>  Preparing: select id, xiaohashu_id, `password`, nickname, avatar, birthday, background_img, phone, sex, `status`, introduction, create_time, update_time, is_deleted from t_user where id = ?
2026-08-24 16:48:55.628 [http-nio-8082-exec-4] DEBUG c.d.x.u.d.mapper.UserDOMapper.selectByPrimaryKey - ==> Parameters: 1787545330104002(Long)
2026-08-24 16:48:55.628 [http-nio-8082-exec-6] DEBUG c.d.x.u.d.mapper.UserDOMapper.selectByPrimaryKey - ==> Parameters: 1787545330104002(Long)
2026-08-24 16:48:55.632 [http-nio-8082-exec-6] DEBUG c.d.x.u.d.mapper.UserDOMapper.selectByPrimaryKey - <==      Total: 1
2026-08-24 16:48:55.632 [http-nio-8082-exec-4] DEBUG c.d.x.u.d.mapper.UserDOMapper.selectByPrimaryKey - <==      Total: 1
2026-08-24 16:48:55.633 [http-nio-8082-exec-6] DEBUG c.d.x.u.d.mapper.UserCountDOMapper.selectByUserId - ==>  Preparing: select id, user_id, fans_total, following_total, note_total, like_total, collect_total from t_user_count where user_id = ? limit 1
2026-08-24 16:48:55.633 [http-nio-8082-exec-4] DEBUG c.d.x.u.d.mapper.UserCountDOMapper.selectByUserId - ==>  Preparing: select id, user_id, fans_total, following_total, note_total, like_total, collect_total from t_user_count where user_id = ? limit 1
2026-08-24 16:48:55.634 [http-nio-8082-exec-6] DEBUG c.d.x.u.d.mapper.UserCountDOMapper.selectByUserId - ==> Parameters: 1787545330104002(Long)
2026-08-24 16:48:55.634 [http-nio-8082-exec-4] DEBUG c.d.x.u.d.mapper.UserCountDOMapper.selectByUserId - ==> Parameters: 1787545330104002(Long)
2026-08-24 16:48:55.635 [http-nio-8082-exec-6] DEBUG c.d.x.u.d.mapper.UserCountDOMapper.selectByUserId - <==      Total: 1
2026-08-24 16:48:55.635 [http-nio-8082-exec-4] DEBUG c.d.x.u.d.mapper.UserCountDOMapper.selectByUserId - <==      Total: 1
2026-08-24 16:48:55.637 [http-nio-8082-exec-6] INFO  c.d.f.b.context.filter.HeaderUserId2ContextFilter - ===== 删除 ThreadLocal， userId: 1787545330104002
2026-08-24 16:48:55.637 [http-nio-8082-exec-4] INFO  c.d.f.b.context.filter.HeaderUserId2ContextFilter - ===== 删除 ThreadLocal， userId: 1787545330104002
2026-08-24 16:49:04.626 [http-nio-8082-exec-7] INFO  c.d.f.b.context.filter.HeaderUserId2ContextFilter - ===== 设置 userId 到 ThreadLocal 中， 用户 ID: 1787545330104002
2026-08-24 16:49:04.645 [http-nio-8082-exec-7] ERROR c.d.x.user.exception.GlobalExceptionHandler - /user/update request error, 
org.springframework.web.multipart.MaxUploadSizeExceededException: Maximum upload size exceeded
	at org.springframework.web.multipart.support.StandardMultipartHttpServletRequest.handleParseFailure(StandardMultipartHttpServletRequest.java:119)
	at org.springframework.web.multipart.support.StandardMultipartHttpServletRequest.parseRequest(StandardMultipartHttpServletRequest.java:110)
	at org.springframework.web.multipart.support.StandardMultipartHttpServletRequest.<init>(StandardMultipartHttpServletRequest.java:86)
	at org.springframework.web.multipart.support.StandardServletMultipartResolver.resolveMultipart(StandardServletMultipartResolver.java:112)
	at org.springframework.web.servlet.DispatcherServlet.checkMultipart(DispatcherServlet.java:1218)
	at org.springframework.web.servlet.DispatcherServlet.doDispatch(DispatcherServlet.java:1052)
	at org.springframework.web.servlet.DispatcherServlet.doService(DispatcherServlet.java:973)
	at org.springframework.web.servlet.FrameworkServlet.processRequest(FrameworkServlet.java:1011)
	at org.springframework.web.servlet.FrameworkServlet.doPost(FrameworkServlet.java:914)
	at jakarta.servlet.http.HttpServlet.service(HttpServlet.java:731)
	at org.springframework.web.servlet.FrameworkServlet.service(FrameworkServlet.java:885)
	at jakarta.servlet.http.HttpServlet.service(HttpServlet.java:814)
	at org.apache.catalina.core.ApplicationFilterChain.internalDoFilter(ApplicationFilterChain.java:223)
	at org.apache.catalina.core.ApplicationFilterChain.doFilter(ApplicationFilterChain.java:158)
	at org.apache.tomcat.websocket.server.WsFilter.doFilter(WsFilter.java:53)
	at org.apache.catalina.core.ApplicationFilterChain.internalDoFilter(ApplicationFilterChain.java:185)
	at org.apache.catalina.core.ApplicationFilterChain.doFilter(ApplicationFilterChain.java:158)
	at com.dyc.framework.biz.context.filter.HeaderUserId2ContextFilter.doFilterInternal(HeaderUserId2ContextFilter.java:37)
	at org.springframework.web.filter.OncePerRequestFilter.doFilter(OncePerRequestFilter.java:116)
	at org.apache.catalina.core.ApplicationFilterChain.internalDoFilter(ApplicationFilterChain.java:185)
	at org.apache.catalina.core.ApplicationFilterChain.doFilter(ApplicationFilterChain.java:158)
	at com.alibaba.druid.support.jakarta.WebStatFilter.doFilter(WebStatFilter.java:113)
	at org.apache.catalina.core.ApplicationFilterChain.internalDoFilter(ApplicationFilterChain.java:185)
	at org.apache.catalina.core.ApplicationFilterChain.doFilter(ApplicationFilterChain.java:158)
	at org.springframework.web.filter.RequestContextFilter.doFilterInternal(RequestContextFilter.java:100)
	at org.springframework.web.filter.OncePerRequestFilter.doFilter(OncePerRequestFilter.java:116)
	at org.apache.catalina.core.ApplicationFilterChain.internalDoFilter(ApplicationFilterChain.java:185)
	at org.apache.catalina.core.ApplicationFilterChain.doFilter(ApplicationFilterChain.java:158)
	at org.springframework.web.filter.FormContentFilter.doFilterInternal(FormContentFilter.java:93)
	at org.springframework.web.filter.OncePerRequestFilter.doFilter(OncePerRequestFilter.java:116)
	at org.apache.catalina.core.ApplicationFilterChain.internalDoFilter(ApplicationFilterChain.java:185)
	at org.apache.catalina.core.ApplicationFilterChain.doFilter(ApplicationFilterChain.java:158)
	at org.springframework.web.filter.CharacterEncodingFilter.doFilterInternal(CharacterEncodingFilter.java:201)
	at org.springframework.web.filter.OncePerRequestFilter.doFilter(OncePerRequestFilter.java:116)
	at org.apache.catalina.core.ApplicationFilterChain.internalDoFilter(ApplicationFilterChain.java:185)
	at org.apache.catalina.core.ApplicationFilterChain.doFilter(ApplicationFilterChain.java:158)
	at org.apache.catalina.core.StandardWrapperValve.invoke(StandardWrapperValve.java:177)
	at org.apache.catalina.core.StandardContextValve.invoke(StandardContextValve.java:97)
	at org.apache.catalina.authenticator.AuthenticatorBase.invoke(AuthenticatorBase.java:542)
	at org.apache.catalina.core.StandardHostValve.invoke(StandardHostValve.java:119)
	at org.apache.catalina.valves.ErrorReportValve.invoke(ErrorReportValve.java:92)
	at org.apache.catalina.core.StandardEngineValve.invoke(StandardEngineValve.java:78)
	at org.apache.catalina.connector.CoyoteAdapter.service(CoyoteAdapter.java:357)
	at org.apache.coyote.http11.Http11Processor.service(Http11Processor.java:400)
	at org.apache.coyote.AbstractProcessorLight.process(AbstractProcessorLight.java:65)
	at org.apache.coyote.AbstractProtocol$ConnectionHandler.process(AbstractProtocol.java:859)
	at org.apache.tomcat.util.net.NioEndpoint$SocketProcessor.doRun(NioEndpoint.java:1734)
	at org.apache.tomcat.util.net.SocketProcessorBase.run(SocketProcessorBase.java:52)
	at org.apache.tomcat.util.threads.ThreadPoolExecutor.runWorker(ThreadPoolExecutor.java:1191)
	at org.apache.tomcat.util.threads.ThreadPoolExecutor$Worker.run(ThreadPoolExecutor.java:659)
	at org.apache.tomcat.util.threads.TaskThread$WrappingRunnable.run(TaskThread.java:61)
	at java.base/java.lang.Thread.run(Thread.java:842)
Caused by: java.lang.IllegalStateException: org.apache.tomcat.util.http.fileupload.impl.FileSizeLimitExceededException: The field avatar exceeds its maximum permitted size of 1048576 bytes.
	at org.apache.catalina.connector.Request.parseParts(Request.java:2926)
	at org.apache.catalina.connector.Request.getParts(Request.java:2778)
	at org.apache.catalina.connector.RequestFacade.getParts(RequestFacade.java:1074)
	at org.springframework.web.multipart.support.StandardMultipartHttpServletRequest.parseRequest(StandardMultipartHttpServletRequest.java:93)
	... 50 common frames omitted
Caused by: org.apache.tomcat.util.http.fileupload.impl.FileSizeLimitExceededException: The field avatar exceeds its maximum permitted size of 1048576 bytes.
	at org.apache.tomcat.util.http.fileupload.impl.FileItemStreamImpl$1.raiseError(FileItemStreamImpl.java:117)
	at org.apache.tomcat.util.http.fileupload.util.LimitedInputStream.checkLimit(LimitedInputStream.java:76)
	at org.apache.tomcat.util.http.fileupload.util.LimitedInputStream.read(LimitedInputStream.java:135)
	at java.base/java.io.FilterInputStream.read(FilterInputStream.java:106)
	at org.apache.tomcat.util.http.fileupload.util.Streams.copy(Streams.java:96)
	at org.apache.tomcat.util.http.fileupload.FileUploadBase.parseRequest(FileUploadBase.java:292)
	at org.apache.catalina.connector.Request.parseParts(Request.java:2884)
	... 53 common frames omitted
2026-08-24 16:49:04.647 [http-nio-8082-exec-7] INFO  c.d.f.b.context.filter.HeaderUserId2ContextFilter - ===== 删除 ThreadLocal， userId: 1787545330104002
2026-08-24 16:50:09.229 [http-nio-8082-exec-9] INFO  c.d.f.b.context.filter.HeaderUserId2ContextFilter - ===== 设置 userId 到 ThreadLocal 中， 用户 ID: 1787545330104002
2026-08-24 16:50:09.261 [http-nio-8082-exec-9] ERROR c.d.x.user.exception.GlobalExceptionHandler - /user/update request error, 
org.springframework.web.multipart.MaxUploadSizeExceededException: Maximum upload size exceeded
	at org.springframework.web.multipart.support.StandardMultipartHttpServletRequest.handleParseFailure(StandardMultipartHttpServletRequest.java:119)
	at org.springframework.web.multipart.support.StandardMultipartHttpServletRequest.parseRequest(StandardMultipartHttpServletRequest.java:110)
	at org.springframework.web.multipart.support.StandardMultipartHttpServletRequest.<init>(StandardMultipartHttpServletRequest.java:86)
	at org.springframework.web.multipart.support.StandardServletMultipartResolver.resolveMultipart(StandardServletMultipartResolver.java:112)
	at org.springframework.web.servlet.DispatcherServlet.checkMultipart(DispatcherServlet.java:1218)
	at org.springframework.web.servlet.DispatcherServlet.doDispatch(DispatcherServlet.java:1052)
	at org.springframework.web.servlet.DispatcherServlet.doService(DispatcherServlet.java:973)
	at org.springframework.web.servlet.FrameworkServlet.processRequest(FrameworkServlet.java:1011)
	at org.springframework.web.servlet.FrameworkServlet.doPost(FrameworkServlet.java:914)
	at jakarta.servlet.http.HttpServlet.service(HttpServlet.java:731)
	at org.springframework.web.servlet.FrameworkServlet.service(FrameworkServlet.java:885)
	at jakarta.servlet.http.HttpServlet.service(HttpServlet.java:814)
	at org.apache.catalina.core.ApplicationFilterChain.internalDoFilter(ApplicationFilterChain.java:223)
	at org.apache.catalina.core.ApplicationFilterChain.doFilter(ApplicationFilterChain.java:158)
	at org.apache.tomcat.websocket.server.WsFilter.doFilter(WsFilter.java:53)
	at org.apache.catalina.core.ApplicationFilterChain.internalDoFilter(ApplicationFilterChain.java:185)
	at org.apache.catalina.core.ApplicationFilterChain.doFilter(ApplicationFilterChain.java:158)
	at com.dyc.framework.biz.context.filter.HeaderUserId2ContextFilter.doFilterInternal(HeaderUserId2ContextFilter.java:37)
	at org.springframework.web.filter.OncePerRequestFilter.doFilter(OncePerRequestFilter.java:116)
	at org.apache.catalina.core.ApplicationFilterChain.internalDoFilter(ApplicationFilterChain.java:185)
	at org.apache.catalina.core.ApplicationFilterChain.doFilter(ApplicationFilterChain.java:158)
	at com.alibaba.druid.support.jakarta.WebStatFilter.doFilter(WebStatFilter.java:113)
	at org.apache.catalina.core.ApplicationFilterChain.internalDoFilter(ApplicationFilterChain.java:185)
	at org.apache.catalina.core.ApplicationFilterChain.doFilter(ApplicationFilterChain.java:158)
	at org.springframework.web.filter.RequestContextFilter.doFilterInternal(RequestContextFilter.java:100)
	at org.springframework.web.filter.OncePerRequestFilter.doFilter(OncePerRequestFilter.java:116)
	at org.apache.catalina.core.ApplicationFilterChain.internalDoFilter(ApplicationFilterChain.java:185)
	at org.apache.catalina.core.ApplicationFilterChain.doFilter(ApplicationFilterChain.java:158)
	at org.springframework.web.filter.FormContentFilter.doFilterInternal(FormContentFilter.java:93)
	at org.springframework.web.filter.OncePerRequestFilter.doFilter(OncePerRequestFilter.java:116)
	at org.apache.catalina.core.ApplicationFilterChain.internalDoFilter(ApplicationFilterChain.java:185)
	at org.apache.catalina.core.ApplicationFilterChain.doFilter(ApplicationFilterChain.java:158)
	at org.springframework.web.filter.CharacterEncodingFilter.doFilterInternal(CharacterEncodingFilter.java:201)
	at org.springframework.web.filter.OncePerRequestFilter.doFilter(OncePerRequestFilter.java:116)
	at org.apache.catalina.core.ApplicationFilterChain.internalDoFilter(ApplicationFilterChain.java:185)
	at org.apache.catalina.core.ApplicationFilterChain.doFilter(ApplicationFilterChain.java:158)
	at org.apache.catalina.core.StandardWrapperValve.invoke(StandardWrapperValve.java:177)
	at org.apache.catalina.core.StandardContextValve.invoke(StandardContextValve.java:97)
	at org.apache.catalina.authenticator.AuthenticatorBase.invoke(AuthenticatorBase.java:542)
	at org.apache.catalina.core.StandardHostValve.invoke(StandardHostValve.java:119)
	at org.apache.catalina.valves.ErrorReportValve.invoke(ErrorReportValve.java:92)
	at org.apache.catalina.core.StandardEngineValve.invoke(StandardEngineValve.java:78)
	at org.apache.catalina.connector.CoyoteAdapter.service(CoyoteAdapter.java:357)
	at org.apache.coyote.http11.Http11Processor.service(Http11Processor.java:400)
	at org.apache.coyote.AbstractProcessorLight.process(AbstractProcessorLight.java:65)
	at org.apache.coyote.AbstractProtocol$ConnectionHandler.process(AbstractProtocol.java:859)
	at org.apache.tomcat.util.net.NioEndpoint$SocketProcessor.doRun(NioEndpoint.java:1734)
	at org.apache.tomcat.util.net.SocketProcessorBase.run(SocketProcessorBase.java:52)
	at org.apache.tomcat.util.threads.ThreadPoolExecutor.runWorker(ThreadPoolExecutor.java:1191)
	at org.apache.tomcat.util.threads.ThreadPoolExecutor$Worker.run(ThreadPoolExecutor.java:659)
	at org.apache.tomcat.util.threads.TaskThread$WrappingRunnable.run(TaskThread.java:61)
	at java.base/java.lang.Thread.run(Thread.java:842)
Caused by: java.lang.IllegalStateException: org.apache.tomcat.util.http.fileupload.impl.FileSizeLimitExceededException: The field avatar exceeds its maximum permitted size of 1048576 bytes.
	at org.apache.catalina.connector.Request.parseParts(Request.java:2926)
	at org.apache.catalina.connector.Request.getParts(Request.java:2778)
	at org.apache.catalina.connector.RequestFacade.getParts(RequestFacade.java:1074)
	at org.springframework.web.multipart.support.StandardMultipartHttpServletRequest.parseRequest(StandardMultipartHttpServletRequest.java:93)
	... 50 common frames omitted
Caused by: org.apache.tomcat.util.http.fileupload.impl.FileSizeLimitExceededException: The field avatar exceeds its maximum permitted size of 1048576 bytes.
	at org.apache.tomcat.util.http.fileupload.impl.FileItemStreamImpl$1.raiseError(FileItemStreamImpl.java:117)
	at org.apache.tomcat.util.http.fileupload.util.LimitedInputStream.checkLimit(LimitedInputStream.java:76)
	at org.apache.tomcat.util.http.fileupload.util.LimitedInputStream.read(LimitedInputStream.java:135)
	at java.base/java.io.FilterInputStream.read(FilterInputStream.java:106)
	at org.apache.tomcat.util.http.fileupload.util.Streams.copy(Streams.java:96)
	at org.apache.tomcat.util.http.fileupload.FileUploadBase.parseRequest(FileUploadBase.java:292)
	at org.apache.catalina.connector.Request.parseParts(Request.java:2884)
	... 53 common frames omitted
2026-08-24 16:50:09.264 [http-nio-8082-exec-9] INFO  c.d.f.b.context.filter.HeaderUserId2ContextFilter - ===== 删除 ThreadLocal， userId: 1787545330104002
2026-08-24 16:51:18.245 [http-nio-8082-exec-1] INFO  c.d.f.b.context.filter.HeaderUserId2ContextFilter - ===== 设置 userId 到 ThreadLocal 中， 用户 ID: 1787545330104002
2026-08-24 16:51:18.319 [http-nio-8082-exec-1] INFO  c.d.f.b.c.interceptor.FeignRequestInterceptor - ########## feign 请求设置请求头 userId: 1787545330104002
2026-08-24 16:51:18.615 [http-nio-8082-exec-1] INFO  com.alibaba.nacos.client.naming - [SUBSCRIBE-SERVICE] service:xiaohashu-oss, group:DEFAULT_GROUP, clusters: 
2026-08-24 16:51:18.662 [com.alibaba.nacos.client.naming.grpc.redo.0] INFO  com.alibaba.nacos.client.naming - Redo subscriber operation REGISTER for DEFAULT_GROUP@@xiaohashu-oss#
2026-08-24 16:51:18.666 [http-nio-8082-exec-1] INFO  com.alibaba.nacos.client.naming - init new ips(1) service: DEFAULT_GROUP@@xiaohashu-oss -> [{"instanceId":"172.31.111.1#8083#DEFAULT#DEFAULT_GROUP@@xiaohashu-oss","ip":"172.31.111.1","port":8083,"weight":1.0,"healthy":true,"enabled":true,"ephemeral":true,"clusterName":"DEFAULT","serviceName":"DEFAULT_GROUP@@xiaohashu-oss","metadata":{"preserved.register.source":"SPRING_CLOUD","IPv6":"[240c:c981:3000:0:86ee:d472:e60d:74fc]"},"ipDeleteTimeout":30000,"instanceHeartBeatTimeOut":15000,"instanceHeartBeatInterval":5000}]
2026-08-24 16:51:18.708 [http-nio-8082-exec-1] INFO  com.alibaba.nacos.client.naming - current ips:(1) service: DEFAULT_GROUP@@xiaohashu-oss -> [{"instanceId":"172.31.111.1#8083#DEFAULT#DEFAULT_GROUP@@xiaohashu-oss","ip":"172.31.111.1","port":8083,"weight":1.0,"healthy":true,"enabled":true,"ephemeral":true,"clusterName":"DEFAULT","serviceName":"DEFAULT_GROUP@@xiaohashu-oss","metadata":{"preserved.register.source":"SPRING_CLOUD","IPv6":"[240c:c981:3000:0:86ee:d472:e60d:74fc]"},"ipDeleteTimeout":30000,"instanceHeartBeatTimeOut":15000,"instanceHeartBeatInterval":5000}]
2026-08-24 16:51:19.228 [nacos-grpc-client-executor-127.0.0.1-803] INFO  com.alibaba.nacos.common.remote.client - [6f891c65-7867-435f-a84e-8735e2d10119] Receive server push request, request = NotifySubscriberRequest, requestId = 4
2026-08-24 16:51:19.228 [nacos-grpc-client-executor-127.0.0.1-803] INFO  com.alibaba.nacos.common.remote.client - [6f891c65-7867-435f-a84e-8735e2d10119] Ack server push request, request = NotifySubscriberRequest, requestId = 4
2026-08-24 16:51:31.054 [http-nio-8082-exec-1] DEBUG c.d.x.u.d.m.U.updateByPrimaryKeySelective - ==>  Preparing: update t_user SET xiaohashu_id = ?, nickname = ?, avatar = ?, birthday = ?, sex = ?, introduction = ?, update_time = ? where id = ?
2026-08-24 16:51:31.054 [http-nio-8082-exec-1] DEBUG c.d.x.u.d.m.U.updateByPrimaryKeySelective - ==> Parameters: HLMQZKHNTL(String), 小哈薯HLMQZKHNTL(String), https://dyc-zhiguang.oss-cn-beijing.aliyuncs.com/7750403404cb476cbb25799606878fea.png(String), 2001-08-24(LocalDate), 0(Integer), 大大大大大大(String), 2026-08-24T16:51:31.049379600(LocalDateTime), 1787545330104002(Long)
2026-08-24 16:51:31.063 [http-nio-8082-exec-1] DEBUG c.d.x.u.d.m.U.updateByPrimaryKeySelective - <==    Updates: 1
2026-08-24 16:51:31.078 [http-nio-8082-exec-1] INFO  c.d.f.b.context.filter.HeaderUserId2ContextFilter - ===== 删除 ThreadLocal， userId: 1787545330104002
2026-08-24 16:51:31.106 [http-nio-8082-exec-2] INFO  c.d.f.b.context.filter.HeaderUserId2ContextFilter - ===== 设置 userId 到 ThreadLocal 中， 用户 ID: 1787545330104002
2026-08-24 16:51:31.108 [http-nio-8082-exec-10] INFO  c.d.f.b.context.filter.HeaderUserId2ContextFilter - ===== 设置 userId 到 ThreadLocal 中， 用户 ID: 1787545330104002
2026-08-24 16:51:31.109 [http-nio-8082-exec-2] DEBUG c.d.x.u.d.mapper.UserDOMapper.selectByPrimaryKey - ==>  Preparing: select id, xiaohashu_id, `password`, nickname, avatar, birthday, background_img, phone, sex, `status`, introduction, create_time, update_time, is_deleted from t_user where id = ?
2026-08-24 16:51:31.111 [http-nio-8082-exec-10] DEBUG c.d.x.u.d.mapper.UserDOMapper.selectByPrimaryKey - ==>  Preparing: select id, xiaohashu_id, `password`, nickname, avatar, birthday, background_img, phone, sex, `status`, introduction, create_time, update_time, is_deleted from t_user where id = ?
2026-08-24 16:51:31.112 [http-nio-8082-exec-2] DEBUG c.d.x.u.d.mapper.UserDOMapper.selectByPrimaryKey - ==> Parameters: 1787545330104002(Long)
2026-08-24 16:51:31.112 [http-nio-8082-exec-10] DEBUG c.d.x.u.d.mapper.UserDOMapper.selectByPrimaryKey - ==> Parameters: 1787545330104002(Long)
2026-08-24 16:51:31.114 [http-nio-8082-exec-2] DEBUG c.d.x.u.d.mapper.UserDOMapper.selectByPrimaryKey - <==      Total: 1
2026-08-24 16:51:31.115 [http-nio-8082-exec-10] DEBUG c.d.x.u.d.mapper.UserDOMapper.selectByPrimaryKey - <==      Total: 1
2026-08-24 16:51:31.115 [http-nio-8082-exec-2] DEBUG c.d.x.u.d.mapper.UserCountDOMapper.selectByUserId - ==>  Preparing: select id, user_id, fans_total, following_total, note_total, like_total, collect_total from t_user_count where user_id = ? limit 1
2026-08-24 16:51:31.116 [http-nio-8082-exec-10] DEBUG c.d.x.u.d.mapper.UserCountDOMapper.selectByUserId - ==>  Preparing: select id, user_id, fans_total, following_total, note_total, like_total, collect_total from t_user_count where user_id = ? limit 1
2026-08-24 16:51:31.117 [http-nio-8082-exec-2] DEBUG c.d.x.u.d.mapper.UserCountDOMapper.selectByUserId - ==> Parameters: 1787545330104002(Long)
2026-08-24 16:51:31.117 [http-nio-8082-exec-10] DEBUG c.d.x.u.d.mapper.UserCountDOMapper.selectByUserId - ==> Parameters: 1787545330104002(Long)
2026-08-24 16:51:31.118 [http-nio-8082-exec-2] DEBUG c.d.x.u.d.mapper.UserCountDOMapper.selectByUserId - <==      Total: 1
2026-08-24 16:51:31.118 [http-nio-8082-exec-10] DEBUG c.d.x.u.d.mapper.UserCountDOMapper.selectByUserId - <==      Total: 1
2026-08-24 16:51:31.118 [http-nio-8082-exec-2] INFO  c.d.f.b.context.filter.HeaderUserId2ContextFilter - ===== 删除 ThreadLocal， userId: 1787545330104002
2026-08-24 16:51:31.118 [http-nio-8082-exec-10] INFO  c.d.f.b.context.filter.HeaderUserId2ContextFilter - ===== 删除 ThreadLocal， userId: 1787545330104002
2026-08-24 16:52:06.123 [http-nio-8082-exec-6] DEBUG c.d.x.u.domain.mapper.UserDOMapper.selectByPhone - ==>  Preparing: select id, `password` from t_user where phone = ? limit 1
2026-08-24 16:52:06.126 [http-nio-8082-exec-6] DEBUG c.d.x.u.domain.mapper.UserDOMapper.selectByPhone - ==> Parameters: 19862172631(String)
2026-08-24 16:52:06.131 [http-nio-8082-exec-6] DEBUG c.d.x.u.domain.mapper.UserDOMapper.selectByPhone - <==      Total: 1
2026-08-24 16:52:06.219 [http-nio-8082-exec-4] WARN  c.d.x.user.exception.GlobalExceptionHandler - /user/profile request fail, errorCode: USER-20008, errorMessage: 当前登录用户不存在
2026-08-24 16:52:10.335 [http-nio-8082-exec-7] INFO  c.d.f.b.context.filter.HeaderUserId2ContextFilter - ===== 设置 userId 到 ThreadLocal 中， 用户 ID: 1787545330104002
2026-08-24 16:52:10.337 [http-nio-8082-exec-7] DEBUG c.d.x.u.d.mapper.UserDOMapper.selectByPrimaryKey - ==>  Preparing: select id, xiaohashu_id, `password`, nickname, avatar, birthday, background_img, phone, sex, `status`, introduction, create_time, update_time, is_deleted from t_user where id = ?
2026-08-24 16:52:10.338 [http-nio-8082-exec-7] DEBUG c.d.x.u.d.mapper.UserDOMapper.selectByPrimaryKey - ==> Parameters: 1787545330104002(Long)
2026-08-24 16:52:10.341 [http-nio-8082-exec-7] DEBUG c.d.x.u.d.mapper.UserDOMapper.selectByPrimaryKey - <==      Total: 1
2026-08-24 16:52:10.342 [http-nio-8082-exec-7] DEBUG c.d.x.u.d.mapper.UserCountDOMapper.selectByUserId - ==>  Preparing: select id, user_id, fans_total, following_total, note_total, like_total, collect_total from t_user_count where user_id = ? limit 1
2026-08-24 16:52:10.342 [http-nio-8082-exec-7] DEBUG c.d.x.u.d.mapper.UserCountDOMapper.selectByUserId - ==> Parameters: 1787545330104002(Long)
2026-08-24 16:52:10.351 [http-nio-8082-exec-7] DEBUG c.d.x.u.d.mapper.UserCountDOMapper.selectByUserId - <==      Total: 1
2026-08-24 16:52:10.352 [http-nio-8082-exec-7] INFO  c.d.f.b.context.filter.HeaderUserId2ContextFilter - ===== 删除 ThreadLocal， userId: 1787545330104002
2026-08-24 16:52:10.383 [http-nio-8082-exec-8] INFO  c.d.f.b.context.filter.HeaderUserId2ContextFilter - ===== 设置 userId 到 ThreadLocal 中， 用户 ID: 1787545330104002
2026-08-24 16:52:10.383 [http-nio-8082-exec-3] INFO  c.d.f.b.context.filter.HeaderUserId2ContextFilter - ===== 设置 userId 到 ThreadLocal 中， 用户 ID: 1787545330104002
2026-08-24 16:52:10.385 [http-nio-8082-exec-8] DEBUG c.d.x.u.d.mapper.UserDOMapper.selectByPrimaryKey - ==>  Preparing: select id, xiaohashu_id, `password`, nickname, avatar, birthday, background_img, phone, sex, `status`, introduction, create_time, update_time, is_deleted from t_user where id = ?
2026-08-24 16:52:10.385 [http-nio-8082-exec-3] DEBUG c.d.x.u.d.mapper.UserDOMapper.selectByPrimaryKey - ==>  Preparing: select id, xiaohashu_id, `password`, nickname, avatar, birthday, background_img, phone, sex, `status`, introduction, create_time, update_time, is_deleted from t_user where id = ?
2026-08-24 16:52:10.386 [http-nio-8082-exec-3] DEBUG c.d.x.u.d.mapper.UserDOMapper.selectByPrimaryKey - ==> Parameters: 1787545330104002(Long)
2026-08-24 16:52:10.386 [http-nio-8082-exec-8] DEBUG c.d.x.u.d.mapper.UserDOMapper.selectByPrimaryKey - ==> Parameters: 1787545330104002(Long)
2026-08-24 16:52:10.388 [http-nio-8082-exec-3] DEBUG c.d.x.u.d.mapper.UserDOMapper.selectByPrimaryKey - <==      Total: 1
2026-08-24 16:52:10.389 [http-nio-8082-exec-8] DEBUG c.d.x.u.d.mapper.UserDOMapper.selectByPrimaryKey - <==      Total: 1
2026-08-24 16:52:10.389 [http-nio-8082-exec-3] DEBUG c.d.x.u.d.mapper.UserCountDOMapper.selectByUserId - ==>  Preparing: select id, user_id, fans_total, following_total, note_total, like_total, collect_total from t_user_count where user_id = ? limit 1
2026-08-24 16:52:10.389 [http-nio-8082-exec-8] DEBUG c.d.x.u.d.mapper.UserCountDOMapper.selectByUserId - ==>  Preparing: select id, user_id, fans_total, following_total, note_total, like_total, collect_total from t_user_count where user_id = ? limit 1
2026-08-24 16:52:10.391 [http-nio-8082-exec-8] DEBUG c.d.x.u.d.mapper.UserCountDOMapper.selectByUserId - ==> Parameters: 1787545330104002(Long)
2026-08-24 16:52:10.391 [http-nio-8082-exec-3] DEBUG c.d.x.u.d.mapper.UserCountDOMapper.selectByUserId - ==> Parameters: 1787545330104002(Long)
2026-08-24 16:52:10.393 [http-nio-8082-exec-3] DEBUG c.d.x.u.d.mapper.UserCountDOMapper.selectByUserId - <==      Total: 1
2026-08-24 16:52:10.393 [http-nio-8082-exec-8] DEBUG c.d.x.u.d.mapper.UserCountDOMapper.selectByUserId - <==      Total: 1
2026-08-24 16:52:10.395 [http-nio-8082-exec-3] INFO  c.d.f.b.context.filter.HeaderUserId2ContextFilter - ===== 删除 ThreadLocal， userId: 1787545330104002
2026-08-24 16:52:10.395 [http-nio-8082-exec-8] INFO  c.d.f.b.context.filter.HeaderUserId2ContextFilter - ===== 删除 ThreadLocal， userId: 1787545330104002
2026-08-24 19:31:46.563 [http-nio-8082-exec-2] INFO  c.d.f.b.context.filter.HeaderUserId2ContextFilter - ===== 设置 userId 到 ThreadLocal 中， 用户 ID: 1787545330104002
2026-08-24 19:31:46.563 [http-nio-8082-exec-10] INFO  c.d.f.b.context.filter.HeaderUserId2ContextFilter - ===== 设置 userId 到 ThreadLocal 中， 用户 ID: 1787545330104002
2026-08-24 19:31:47.125 [http-nio-8082-exec-2] DEBUG c.d.x.u.d.mapper.UserDOMapper.selectByPrimaryKey - ==>  Preparing: select id, xiaohashu_id, `password`, nickname, avatar, birthday, background_img, phone, sex, `status`, introduction, create_time, update_time, is_deleted from t_user where id = ?
2026-08-24 19:31:47.154 [http-nio-8082-exec-2] DEBUG c.d.x.u.d.mapper.UserDOMapper.selectByPrimaryKey - ==> Parameters: 1787545330104002(Long)
2026-08-24 19:31:47.166 [http-nio-8082-exec-10] DEBUG c.d.x.u.d.mapper.UserDOMapper.selectByPrimaryKey - ==>  Preparing: select id, xiaohashu_id, `password`, nickname, avatar, birthday, background_img, phone, sex, `status`, introduction, create_time, update_time, is_deleted from t_user where id = ?
2026-08-24 19:31:47.169 [http-nio-8082-exec-10] DEBUG c.d.x.u.d.mapper.UserDOMapper.selectByPrimaryKey - ==> Parameters: 1787545330104002(Long)
2026-08-24 19:31:47.186 [http-nio-8082-exec-2] DEBUG c.d.x.u.d.mapper.UserDOMapper.selectByPrimaryKey - <==      Total: 1
2026-08-24 19:31:47.186 [http-nio-8082-exec-10] DEBUG c.d.x.u.d.mapper.UserDOMapper.selectByPrimaryKey - <==      Total: 1
2026-08-24 19:31:47.191 [http-nio-8082-exec-2] DEBUG c.d.x.u.d.mapper.UserCountDOMapper.selectByUserId - ==>  Preparing: select id, user_id, fans_total, following_total, note_total, like_total, collect_total from t_user_count where user_id = ? limit 1
2026-08-24 19:31:47.192 [http-nio-8082-exec-2] DEBUG c.d.x.u.d.mapper.UserCountDOMapper.selectByUserId - ==> Parameters: 1787545330104002(Long)
2026-08-24 19:31:47.193 [http-nio-8082-exec-10] DEBUG c.d.x.u.d.mapper.UserCountDOMapper.selectByUserId - ==>  Preparing: select id, user_id, fans_total, following_total, note_total, like_total, collect_total from t_user_count where user_id = ? limit 1
2026-08-24 19:31:47.195 [http-nio-8082-exec-10] DEBUG c.d.x.u.d.mapper.UserCountDOMapper.selectByUserId - ==> Parameters: 1787545330104002(Long)
2026-08-24 19:31:47.198 [http-nio-8082-exec-2] DEBUG c.d.x.u.d.mapper.UserCountDOMapper.selectByUserId - <==      Total: 1
2026-08-24 19:31:47.201 [http-nio-8082-exec-10] DEBUG c.d.x.u.d.mapper.UserCountDOMapper.selectByUserId - <==      Total: 1
2026-08-24 19:31:47.265 [http-nio-8082-exec-2] INFO  c.d.f.b.context.filter.HeaderUserId2ContextFilter - ===== 删除 ThreadLocal， userId: 1787545330104002
2026-08-24 19:31:47.265 [http-nio-8082-exec-10] INFO  c.d.f.b.context.filter.HeaderUserId2ContextFilter - ===== 删除 ThreadLocal， userId: 1787545330104002
